episode,seed,policy,steps,final_mrr,final_cash,final_cac,final_ltv,final_ltv_cac,final_headcount,final_valuation_multiple,final_unemployment,final_innovation_factor,depression_months,cause,total_reward,avg_rule_40,pct_above_40,oracle_refresh_requests,cadence_refreshes,event_refreshes,cache_hits,llm_calls
0,0,oracle_v2,120,1169404.3697571289,67557390.9869786,197.5329054663509,465.4716651374923,2.3564259536332486,77,0.7545852694965045,18.5,0.3836379258978096,49,Time Limit,-1298.0194258931062,-44.40779044515026,0.0,24,11,12,3,21
1,1,oracle_v2,120,643630.682729119,35978388.64443565,225.11432347119384,633.1271015941861,2.8124692015663877,79,1.2997890418279345,24.5,0.3160412537258691,74,Time Limit,-1467.5415333801798,-57.54196588276682,0.0,30,11,18,6,24
2,2,oracle_v2,120,4506371.899341212,114107645.0345929,101.5391936135068,404.5783877361713,3.9844553943981103,104,1.767365396068711,22.0,0.4392596032453594,91,Time Limit,-1292.2378124924635,-38.787102374416015,0.0,22,11,10,10,12
3,3,oracle_v2,120,2526667.9983197227,64729153.39733047,245.13083974998844,502.26121775855717,2.048951565094048,93,0.5561222371462791,29.5,0.40045928871613035,102,Time Limit,-1495.2325105172322,-48.658561202186775,0.0,33,11,21,17,16
4,4,oracle_v2,120,6468557.840111581,182371111.4515572,271.6113965438281,401.5218333866998,1.4782952353838692,95,1.1126796031912818,24.5,0.46460561542564094,67,Time Limit,-1122.5960498643417,-29.327216150474875,0.0,27,11,15,18,9
5,5,oracle_v2,120,4003927.5534219486,117704577.98605527,821.8128814609229,1053.211457389579,1.2815708796354017,90,1.0958957440586217,30.0,0.4345682323721426,88,Time Limit,-1386.2470314814218,-36.96281049050736,0.0,29,11,17,25,4
6,6,oracle_v2,120,1458131.804428881,63060623.53135286,91.97585911234728,221.73453677930132,2.410790602221563,80,1.1097674951210392,23.0,0.37646054336624035,79,Time Limit,-1485.0182512323975,-45.790950160380156,0.0,27,11,15,24,3
7,7,oracle_v2,120,1852344.0955817627,49044095.933574766,497.10278300849575,514.6372839931207,1.0352733913065324,96,1.1890573226200594,21.0,0.3784725662024714,84,Time Limit,-1343.9777574203747,-52.710789519596155,0.0,25,11,13,18,7
8,8,oracle_v2,120,1830595.547869745,56558179.45341647,195.96692318519584,185.28153228736792,0.9454734976487341,98,0.7187536380131576,23.5,0.38991327919125296,80,Time Limit,-1333.046919806113,-50.40237659280556,0.0,30,11,18,28,2
9,9,oracle_v2,120,2801655.7102932716,73132514.70419577,291.5786636926131,239.5605632774552,0.8215983990173019,94,0.4747429450578612,30.5,0.41148849657102665,99,Time Limit,-1434.0840353111153,-46.92137856911027,0.0,27,11,15,23,4
10,10,oracle_v2,120,1440725.3789669687,49138758.91894986,205.75049570529274,534.0236209352253,2.595491296896487,84,0.5361042681024472,25.5,0.36838278314565953,82,Time Limit,-1434.1379625847928,-51.83272972321065,0.0,31,11,19,26,5
11,11,oracle_v2,120,1556807.715027996,34228454.29076586,39.43147740579636,127.09400856320107,3.2231612134451364,96,1.0718186604036979,28.5,0.36369860914253316,100,Time Limit,-1432.2190808283838,-59.95382073050143,0.0,28,11,16,23,5
12,12,oracle_v2,120,6800390.460249452,216927617.85189378,398.95318240553104,522.7791677170109,1.310377234152784,86,0.8370862531538332,17.5,0.49265772066008157,38,Time Limit,-1038.7275065627866,-27.485032707913373,0.0,22,11,10,12,10
13,13,oracle_v2,120,2010595.9439664918,65346336.790948406,241.34991258453633,478.2540416269256,1.9815795104521123,85,1.3898805510810777,20.0,0.3896999011187641,89,Time Limit,-1489.5741014647379,-45.935078885165545,0.0,22,11,10,20,2
14,14,oracle_v2,120,3239054.5747169144,126859405.39278732,1013.9468930816325,434.6789289459356,0.4286998973139905,82,1.047015486536039,15.5,0.575201941658969,20,Time Limit,-1076.688622919093,-34.23830902513969,0.0,21,11,9,13,8
15,15,oracle_v2,120,4871531.803126773,137101677.77810347,89.94734434427684,370.9070386457035,4.123601884520824,96,0.6834004654703412,20.5,0.4507626249330542,56,Time Limit,-1067.4908596158189,-35.786370236719385,0.0,21,11,9,18,3
16,16,oracle_v2,120,5688182.288030196,149508650.9041208,329.211143669297,468.65048990520836,1.423555972868229,87,0.9318566411668558,25.0,0.4561119500830665,72,Time Limit,-1243.3825459099464,-33.7034020205772,0.0,26,11,14,25,1
17,17,oracle_v2,120,6227420.872346308,174625514.00713632,588.7157901701887,1359.0428052034322,2.3084870966524504,78,0.9433129420857183,26.5,0.4615742309328087,66,Time Limit,-1238.8394986680185,-29.36956119927526,0.0,28,11,16,25,3
18,18,oracle_v2,120,7638681.087948851,224631145.60725635,640.7164036489672,998.9489124338619,1.559112435306341,94,2.7611349364520064,12.5,0.5980008143374586,20,Time Limit,-776.1678538103137,-27.1695122213772,0.0,19,11,7,18,1
19,19,oracle_v2,120,3343943.8921381417,82130779.37482467,143.4132185545905,492.0235185584484,3.4308100990785504,109,0.8132865533336602,27.0,0.4198119205943229,94,Time Limit,-1339.5008825651526,-45.4050548023117,0.0,25,11,13,25,0
20,20,oracle_v2,120,5978109.986652919,171865071.0616952,464.2627795234419,840.3968458747523,1.8101749331217243,80,1.2453568693062362,23.5,0.45909523183405515,62,Time Limit,-1249.0329116679484,-29.10762640496529,0.0,26,11,14,25,1
21,21,oracle_v2,120,3824568.283628711,111845906.09475054,298.3573079241939,575.1102811959046,1.927589054872514,83,1.2423822757097605,20.0,0.43190327848600657,70,Time Limit,-1319.7625969147607,-35.91168116294622,0.0,24,11,12,21,3
22,22,oracle_v2,120,3513991.7045043255,103175150.78962417,140.15384274470748,331.588991621689,2.365892972522229,99,0.4767762113814657,24.5,0.4269925752446567,83,Time Limit,-1300.2681012860019,-38.84590808978266,0.0,27,11,15,26,1
23,23,oracle_v2,120,5693011.5805792995,198371080.69815186,994.7031733904626,444.2271254290095,0.446592649257219,90,0.8298633040936363,16.5,0.5170619714377483,29,Time Limit,-933.5141883604772,-27.45810071108444,0.0,22,11,10,17,5
24,24,oracle_v2,120,3992636.890097679,118258705.99283582,104.01977647132152,262.70747203898424,2.5255531299032667,98,0.8577762752764508,25.5,0.44144045481204264,59,Time Limit,-1109.415641907984,-37.26885575534145,0.0,26,11,14,25,1
25,25,oracle_v2,120,5095853.693762473,128276325.64480875,320.9157092591638,629.7222150792096,1.9622667164936483,103,1.1977005725418466,32.0,0.448790940746024,80,Time Limit,-1223.114172253896,-37.28735370503662,0.0,31,11,19,30,1
26,26,oracle_v2,120,1986336.0465909466,44700484.25194719,117.66230452360375,359.2155301866319,3.052936381290842,97,0.9505789499765142,27.5,0.38099637560234606,94,Time Limit,-1438.706658794342,-54.920425654961235,0.0,30,11,18,23,7
27,27,oracle_v2,120,2915984.531412728,65270387.01449365,275.889397296276,714.9428857712331,2.5914112422503144,100,1.5943640386863236,27.0,0.4089270921060301,87,Time Limit,-1320.5180232624568,-49.127166195789385,0.0,26,11,14,23,3
28,28,oracle_v2,120,2758829.177710521,76541790.84155557,222.17324570058264,604.2565494631557,2.7197538909680294,97,1.171483096985049,20.5,0.41150381890584165,65,Time Limit,-1228.328905016666,-43.85775664565613,0.0,22,11,10,19,3
29,29,oracle_v2,120,6081307.962470634,172780590.01890343,700.4121003635412,866.1689718169224,1.236656207634544,82,0.8073999283754971,21.5,0.46145606025945507,68,Time Limit,-1231.7837090350934,-30.082887627991887,0.0,26,11,14,22,4
30,30,oracle_v2,120,2842297.1898279362,69699268.61117156,49.65466111524119,163.80931254760867,3.298971513820853,96,0.5815323057335864,29.5,0.41060724917760616,107,Time Limit,-1391.9701648027403,-49.38129374989885,0.0,32,11,20,29,3
31,31,oracle_v2,120,3481860.9523194903,109392361.23423004,244.03532323148733,596.4574888773737,2.444144072993832,91,2.736225796595333,15.5,0.43610762727766683,51,Time Limit,-1150.0756299771622,-37.07506581252802,0.0,19,11,7,16,3
32,32,oracle_v2,120,650271.939154945,23561423.487424325,46.96536744996384,122.9895499575154,2.6187285788522043,83,0.6205424204288187,26.5,0.3176563332779973,86,Time Limit,-1463.4716545081792,-65.66352915745411,0.0,30,11,18,29,1
33,33,oracle_v2,120,2509007.8275201595,60696183.095435984,35.764858128101594,228.3463464345703,6.384656849935923,101,1.1751295759949456,25.0,0.3984829179628061,92,Time Limit,-1382.0772580843077,-50.72914034720158,0.0,25,11,13,24,1
34,34,oracle_v2,120,3057386.436237574,93676600.6052333,192.30838024905486,596.4156011041798,3.1013500312975104,96,0.9782085199037784,23.5,0.41633206344512774,78,Time Limit,-1285.6518174374523,-39.69322856393341,0.0,25,11,13,23,2
35,35,oracle_v2,120,1315579.900747529,42252955.750630684,270.37562672346496,269.4438726406012,0.9965538532664532,89,0.7202899176875033,27.5,0.3574529300208204,92,Time Limit,-1504.1058878167794,-54.47520875135718,0.0,29,11,17,27,2
36,36,oracle_v2,120,6316513.357089515,181461539.45756915,401.5418672275648,354.5260905326019,0.8829118940458636,102,0.8231743817098863,23.0,0.48318238784685746,40,Time Limit,-917.6293198416591,-30.89580906432116,0.0,25,11,13,25,0
37,37,oracle_v2,120,2422117.447341068,53055254.01049746,60.08971495470425,510.1848915942559,8.490386282891079,104,1.0289432069537834,25.0,0.3923270270573644,109,Time Limit,-1442.693333428229,-53.465260812607326,0.0,26,11,14,24,2
38,38,oracle_v2,120,5151082.556503284,129357174.52727252,89.57557417066194,314.4198107276657,3.5101065624053285,109,1.5311363444572166,22.5,0.4488151790503311,83,Time Limit,-1128.1104379861542,-37.8272811541132,0.0,24,11,12,19,5
39,39,oracle_v2,120,560412.9306400126,21466934.630271103,96.90434715994792,296.70555057796054,3.0618394248941763,78,0.9702126016660926,27.5,0.312038660353799,85,Time Limit,-1514.2834621570612,-67.34570625541241,0.0,31,11,19,26,5
40,40,oracle_v2,120,1996224.4056858455,80431482.74175441,1311.1203192645094,912.4771173975101,0.6959522356494151,83,0.858853391801244,27.5,0.398477362904181,94,Time Limit,-1514.0303055033264,-41.900013517588256,0.0,29,11,17,29,0
41,41,oracle_v2,120,7074070.736269022,200203929.2722138,668.095082624915,821.8291082693248,1.2301080035500274,86,1.6461008629289757,16.5,0.49599695708750013,36,Time Limit,-1027.211020923808,-28.55413036751942,0.0,21,11,9,18,3
42,42,oracle_v2,120,3200025.9498929814,94924766.41730323,302.8937934011477,609.6735400273018,2.012829425064712,93,1.2691042381897464,21.5,0.42155387357425594,92,Time Limit,-1385.2276599996208,-42.17365018793901,0.0,25,11,13,25,0
43,43,oracle_v2,120,2221477.0138537083,89290989.14389575,201.92556745790873,498.07585665548527,2.4666309617245914,82,0.9546141161671908,30.5,0.4091761859694875,62,Time Limit,-1297.2122062178325,-40.24047960153286,0.0,35,11,23,33,2
44,44,oracle_v2,120,482251.12169508886,49045668.614617154,228.9089343122852,374.883628611678,1.6376976710758229,66,1.126375591977404,21.0,0.3272306548685887,56,Time Limit,-1523.413653565417,-51.17045162917448,0.0,31,11,19,23,8
45,45,oracle_v2,120,4672917.901792004,155418576.36988,813.3007632045445,580.6800570452415,0.7139794812896307,78,0.8949592497310751,22.5,0.464504281030514,43,Time Limit,-1181.9996437168604,-30.833170578824845,0.0,22,11,10,19,3
46,46,oracle_v2,120,4137671.493599852,95592777.15981302,177.36471742962104,775.3020522278874,4.371230442354072,104,0.7495041961373637,32.5,0.43198983877769,92,Time Limit,-1338.2894021798934,-43.27003528332234,0.0,32,11,20,32,0
47,47,oracle_v2,120,887119.9111668738,35741445.26675987,126.38428458848874,291.1125055729459,2.3033916481057553,73,0.6078442883306158,23.0,0.3353061821191902,80,Time Limit,-1501.1660502347734,-56.109085121383615,0.0,26,11,14,21,5
48,48,oracle_v2,120,5275031.090753025,134220958.3605438,214.66710875789215,879.7576734623531,4.09824159161043,111,2.1407421227520036,17.5,0.45059584929419094,78,Time Limit,-1064.6769053498429,-37.18051376102863,0.0,23,11,11,22,1
49,49,oracle_v2,120,2074372.4305273746,64873107.57338102,266.09290468074533,462.7538604790811,1.739068770113532,87,1.1998116159085281,22.0,0.3929621942133855,61,Time Limit,-1305.048740900026,-45.40715189946908,0.0,23,11,11,20,3
50,50,oracle_v2,120,919670.2027265385,31823652.613372527,215.19848585829132,490.33823214533714,2.2785394153201706,88,1.0197181593989286,21.0,0.32889541301784425,78,Time Limit,-1405.0254700373982,-58.82922131720208,0.0,24,11,12,22,2
51,51,oracle_v2,120,2519211.853251296,74700148.09763436,493.06889670105807,523.6165817013211,1.061954191806959,94,0.7989057633686043,26.5,0.40439978102687313,79,Time Limit,-1371.7029500429178,-44.58675618301844,0.0,27,11,15,27,0
52,52,oracle_v2,120,3898943.140711682,115435927.64185667,244.39840789977862,314.83995360372194,1.2882242413495162,95,0.6889417096533164,21.5,0.43935835217522623,60,Time Limit,-1149.9861104509537,-39.05681118187508,0.0,27,11,15,26,1
53,53,oracle_v2,120,3283377.3708734238,123427744.25825691,221.68674719675025,238.51820324835023,1.075924502769946,87,0.6436290699405501,19.0,0.44596866361601095,46,Time Limit,-1140.684107830757,-35.82498160468935,0.0,23,11,11,20,3
54,54,oracle_v2,120,3499388.1485447506,76580890.19179775,75.44220827713674,532.3772290821788,7.056755644353523,104,6.19264000000002,21.0,0.4208590300412126,103,Time Limit,-1184.84820204999,-49.658306806642415,0.0,27,11,15,23,4
55,55,oracle_v2,120,2823225.9213400288,109318795.79055162,482.5902917209369,631.1041595581619,1.3077431734227773,82,0.5796034475240291,23.0,0.4272969134761285,64,Time Limit,-1288.1496429472081,-37.93009217054397,0.0,27,11,15,27,0
56,56,oracle_v2,120,2782810.793163826,82554552.45895615,122.80748487165039,251.66505416642286,2.049264785688309,92,1.0920142102279935,19.0,0.4527643434628839,35,Time Limit,-1130.4054927834586,-42.97215372810432,0.0,22,11,10,18,4
57,57,oracle_v2,120,552227.439847992,25881269.74685029,42.139827467310106,135.4422496593468,3.214114954894295,82,0.4906823799847285,29.0,0.31852282135908716,85,Time Limit,-1508.4095999441727,-65.02278356059637,0.0,34,11,22,32,2
58,58,oracle_v2,120,3972092.0577993393,94833105.37765321,114.8153188108035,571.644134282622,4.9788141530538805,109,1.776518741317632,19.5,0.4327401938928078,71,Time Limit,-1114.625355509258,-43.02899631805875,0.0,19,11,7,18,1
59,59,oracle_v2,120,3143791.915418717,94183626.4272756,567.0967502600902,728.9049355064463,1.2853273011565405,94,1.5060428019130763,20.0,0.42662425638766693,56,Time Limit,-1156.9313340755125,-40.3088704013199,0.0,21,11,9,21,0
60,60,oracle_v2,120,1760889.3412052952,70490103.40833487,181.17013556578874,511.4506185272596,2.823040436162479,83,0.6502882209438505,19.0,0.3960857325232517,50,Time Limit,-1259.1427645784036,-43.60667023813831,0.0,23,11,11,20,3
61,61,oracle_v2,120,4716296.437673071,153870543.67300788,1065.4757338421266,1002.0041593708431,0.940428887814832,88,2.608498920838634,17.0,0.4960531304537803,31,Time Limit,-1100.9389234541188,-30.674350884418935,0.0,21,11,9,20,1
62,62,oracle_v2,120,2469742.0212451764,70433506.14970818,341.6773420266635,443.43151800558456,1.2978077954346194,87,1.01987470573459,29.5,0.4018521987708713,92,Time Limit,-1477.565101575007,-45.34396447778523,0.0,33,11,21,32,1
63,63,oracle_v2,120,2834565.036174365,58534336.064640924,54.82921218571426,213.9091246355635,3.901371478966781,98,0.5484124666566456,30.0,0.40436739151131584,87,Time Limit,-1292.5837187538482,-51.62423347278931,0.0,29,11,17,28,1
64,64,oracle_v2,120,2037351.8523988626,55147959.230655625,165.47631350597229,316.4523640581715,1.9123725767963176,104,0.6429538508454644,24.5,0.3875229194947437,89,Time Limit,-1360.2206576367848,-50.56554074854422,0.8333333333333334,27,11,15,27,0
65,65,oracle_v2,120,1285121.6645847692,61009473.87275042,363.22357622632603,301.1927498296573,0.8292213654159468,71,0.5282908199124321,32.0,0.36798623959183807,88,Time Limit,-1621.707137636586,-45.342365531919114,0.0,34,11,22,33,1
66,66,oracle_v2,120,4934378.1200536415,143878845.57350048,506.577677422451,1073.9138682472778,2.1199391842757955,82,0.7133372393754084,25.5,0.44892738572063595,67,Time Limit,-1298.6560563213131,-32.28860706008433,0.0,28,11,16,28,0
67,67,oracle_v2,120,2523870.904145517,71206858.38487366,562.9389853318539,894.0002961222681,1.588094481669719,94,1.4327922231274621,23.5,0.40314118979351127,83,Time Limit,-1372.4854774816176,-45.60938029978362,0.0,24,11,12,23,1
68,68,oracle_v2,120,4780055.961882142,151319459.75247112,106.95641997373495,442.39876854374376,4.136252584486117,101,1.7962070983619387,26.0,0.45143390492798097,62,Time Limit,-1082.937983159263,-32.175975925430755,0.0,29,11,17,29,0
69,69,oracle_v2,120,2376204.7271918384,59600570.324124806,168.70457342440915,389.7072110722841,2.309997904395276,96,0.8300017187739394,23.0,0.39963918493381095,108,Time Limit,-1420.5823620119525,-51.46119985731581,0.0,26,11,14,22,4
70,70,oracle_v2,120,2792853.921463726,94555041.33400072,181.48260757841794,209.7937784213273,1.1559993611546286,92,0.5277536947536662,24.5,0.42751908179755255,50,Time Limit,-1156.6309286411936,-39.86471806190961,0.0,31,11,19,31,0
71,71,oracle_v2,120,2487528.2115453007,56889828.60759587,91.44600440112275,230.57360761932193,2.521418066643172,101,1.102326868243736,27.5,0.39875147498050245,84,Time Limit,-1298.9553339844767,-52.34977202470124,0.0,29,11,17,29,0
72,72,oracle_v2,120,2450508.3910929156,65932975.07962072,443.74943663001983,561.6618449043224,1.265718440500496,97,0.7385431246530351,21.0,0.40235374918047473,78,Time Limit,-1301.1143966927382,-47.65568267093798,0.0,23,11,11,22,1
73,73,oracle_v2,120,3661589.3830153113,95514813.65784433,96.78244045316643,298.49202229450594,3.084154738161908,94,1.1641636568453502,24.5,0.4285682271447849,89,Time Limit,-1324.8759363607958,-42.423448258087795,0.0,26,11,14,26,0
74,74,oracle_v2,120,9778859.548433164,279830836.78543603,843.5360958976213,1150.981203860955,1.364471786635492,87,2.991627153407999,13.0,0.5331693831974985,29,Time Limit,-855.7653086435763,-22.726415611185466,0.0,18,11,6,18,0
75,75,oracle_v2,120,2315302.25506877,70035841.85840845,253.94838609702714,562.0885542887589,2.213396835977526,89,0.767924827236762,23.5,0.39998385675133674,73,Time Limit,-1346.5773872943712,-45.34380736404546,0.0,29,11,17,29,0
76,76,oracle_v2,120,3030532.6875527883,88229616.5918929,119.76967375458108,176.35668665413658,1.472465283787175,97,0.6768813569103337,22.5,0.42011437790860867,85,Time Limit,-1335.0352175592707,-43.17492294834772,0.0,25,11,13,25,0
77,77,oracle_v2,120,1240476.8106197035,38994878.620522305,40.53905800551303,169.77459762119304,4.187926557102163,89,0.8086309859855605,26.5,0.35584341319418883,93,Time Limit,-1449.7519053952315,-56.01078709954442,0.0,28,11,16,26,2
78,78,oracle_v2,120,3031692.055839968,74434446.31812043,169.46394720241923,339.5252113768505,2.003524743651218,102,0.7167365802468897,24.5,0.4132379266799854,84,Time Limit,-1311.2576059839391,-46.87357033691727,0.0,24,11,12,24,0
79,79,oracle_v2,120,3793963.954180121,139942003.5307924,232.8443856368938,317.0582257077654,1.3616743424606244,86,1.1844162257738637,14.5,0.4901088841377471,31,Time Limit,-1115.612511801827,-32.55083171978822,0.0,23,11,11,22,1
80,80,oracle_v2,120,1902026.5859279316,49504563.84478766,100.19454906605078,373.42779707741994,3.727027074409476,96,0.988245365197596,24.5,0.38128084014999014,87,Time Limit,-1390.007431338019,-53.32388272702702,0.0,23,11,11,23,0
81,81,oracle_v2,120,4516861.298104911,132569624.8316385,736.324350509743,1076.5343477251097,1.4620382267404928,100,1.4893932937523806,20.5,0.4450102049642858,73,Time Limit,-1165.6551781157793,-35.567747182605096,0.0,22,11,10,22,0
82,82,oracle_v2,120,3823350.6335792984,120047648.81054908,257.723736655432,652.1860555904233,2.530562625135201,100,0.7028633969700053,24.0,0.45186532089927556,43,Time Limit,-1003.6844174675686,-35.811554693721924,0.0,28,11,16,26,2
83,83,oracle_v2,120,4050207.881528084,168537766.20794883,81.20225453653725,164.65515843481307,2.0277165871142886,116,1.8808682693425667,8.0,1.0,0,Time Limit,-709.5232762674634,-30.790376823643143,0.0,20,11,8,17,3
84,84,oracle_v2,120,4134855.944177247,103049776.03469282,127.79589658577012,279.00508051891666,2.183208443877246,109,1.1236114944822537,20.5,0.43541358273572023,74,Time Limit,-1169.892751233723,-41.63162888850213,0.0,23,11,11,23,0
85,85,oracle_v2,120,5340021.323236691,140571965.7630589,725.1735287432053,895.77844157847,1.2352608114790666,92,0.8261435609350524,22.0,0.4511550414392957,86,Time Limit,-1291.195852084107,-34.279862586452346,0.0,23,11,11,22,1
86,86,oracle_v2,120,2654588.4530238397,67110530.91617765,76.1926896123034,300.8984389567593,3.949177283120493,97,0.7424539536509053,25.5,0.4058754504234582,90,Time Limit,-1350.2468963438544,-47.965576931780326,0.0,28,11,16,28,0
87,87,oracle_v2,120,2676155.6558262967,79802608.53051862,450.05003326856365,591.4854979207109,1.3142660908720494,91,1.5418377061791335,24.5,0.41179756746367474,62,Time Limit,-1276.1200068312935,-42.46274613990843,0.0,25,11,13,25,0
88,88,oracle_v2,120,4711850.071321016,129150434.75794324,114.59396875064046,788.4163851003004,6.880086218288814,110,0.8579665635665752,21.0,0.4464689590298697,69,Time Limit,-1053.3917423363248,-36.598020598744554,0.0,24,11,12,22,2
89,89,oracle_v2,120,2940491.114506089,95242100.73492847,198.9284317700695,574.5866745293515,2.888409009293779,90,0.8809412326224441,20.0,0.4207138268194758,67,Time Limit,-1242.8962836400249,-40.46754485562074,0.0,25,11,13,25,0
90,90,oracle_v2,120,1575171.2167676531,43809087.70779283,266.2726324400145,270.7051471142612,1.016646527409253,93,0.4767336491441851,23.5,0.37023061146820974,73,Time Limit,-1307.8629383152047,-54.434425264815964,0.0,27,11,15,27,0
91,91,oracle_v2,120,7039445.141876307,195051542.43659174,3124.388967689656,1625.2640195728436,0.5201861984471967,75,1.120932760723486,26.5,0.4676442517248553,68,Time Limit,-1302.8659033513165,-28.48280181655495,0.0,27,11,15,27,0
92,92,oracle_v2,120,5871744.49036972,149107429.49037778,696.6702415626169,1334.445540197173,1.9154622382090547,95,0.956219711330164,23.5,0.4564030860307282,65,Time Limit,-1102.0627447159548,-33.72273768704434,0.0,25,11,13,24,1
93,93,oracle_v2,120,3266881.9478213615,79392103.77083689,107.77488362230001,343.20953505914156,3.1845038799756784,106,1.3162450682644011,23.5,0.4189376661884198,91,Time Limit,-1249.5929322833126,-46.15315196624306,0.0,26,11,14,26,0
94,94,oracle_v2,120,9949327.619873567,260613226.1739918,1406.8088923413509,1274.0442649917727,0.9056271053784583,87,0.8176145102276323,24.5,0.48663043291830027,57,Time Limit,-1049.7611482124332,-24.742467892411188,0.0,27,11,15,27,0
95,95,oracle_v2,120,3451532.9603738664,87070980.2663083,54.71622107082481,140.9076389405388,2.575244345879581,101,0.7075289639046002,28.0,0.4236956263842827,80,Time Limit,-1259.6052025642402,-44.27658480020218,0.0,28,11,16,28,0
96,96,oracle_v2,120,3720304.8489136654,107544867.47821864,111.33343343763828,292.9451472562954,2.631241471775719,93,1.3548556460620809,17.5,0.43550997391178187,56,Time Limit,-1182.87625666545,-38.23676995728432,0.0,22,11,10,22,0
97,97,oracle_v2,120,2647754.589648087,86798087.01604539,269.9766498454376,477.65196630881513,1.7692343637209822,95,1.4514358582947657,20.0,0.41288957872436743,58,Time Limit,-1181.0809877512334,-39.849342511876344,0.0,22,11,10,22,0
98,98,oracle_v2,120,3183205.604214703,70404828.43950863,58.572170744268924,210.96115327906492,3.601730149291192,101,1.1158640043692167,29.0,0.41275915807457403,93,Time Limit,-1332.3299336625864,-48.36861563710556,0.0,27,11,15,27,0
99,99,oracle_v2,120,6727059.252827418,199815452.91829288,129.0001189135373,191.7155672342429,1.4861658178992905,104,3.818381142799995,11.5,1.0,5,Time Limit,-684.4803383962754,-28.75450404644032,0.0,17,11,5,17,0
100,100,oracle_v2,120,3340137.334830509,98005447.35354267,199.4452553968185,461.70059785034965,2.31492394708385,100,1.5430417846477293,22.5,0.4234943218217563,75,Time Limit,-1230.6711068137377,-39.65320756322685,0.0,25,11,13,25,0
101,101,oracle_v2,120,1766200.7831612923,69398957.06909047,1083.0256597345788,507.9586762589422,0.46901813608315573,81,0.6625677415286427,27.5,0.38993804398891896,84,Time Limit,-1452.0414933665038,-45.5221957702021,0.0,33,11,21,33,0
102,102,oracle_v2,120,3008777.286667779,76618961.54927489,405.5477135580854,649.278379199615,1.600991344527999,90,0.8229628677510172,20.5,0.4152804707248849,88,Time Limit,-1355.2237666507942,-46.25610231809774,0.0,25,11,13,25,0
103,103,oracle_v2,120,4527685.512073936,128792024.35263553,168.90375582441342,176.6637588953491,1.0459433423079278,100,0.871370127534881,26.0,0.44485187917288005,82,Time Limit,-1197.5700572821079,-36.340371285991836,0.0,28,11,16,26,2
104,104,oracle_v2,120,1860954.1163871929,47708253.81433545,85.73068421525059,549.3901790014464,6.408326074034945,101,0.9840950840986117,29.0,0.38054076521944274,99,Time Limit,-1442.6500521099945,-53.86380224408534,0.0,30,11,18,29,1
105,105,oracle_v2,120,4027227.391951842,106033776.88645382,530.9285309383744,862.9614046949032,1.6253814862231775,90,1.1145119644156032,18.5,0.4332455434610121,87,Time Limit,-1340.9373305076701,-39.65832982591654,0.0,21,11,9,21,0
106,106,oracle_v2,120,3806023.957653843,115932455.6281661,353.32017727729567,616.0589075178417,1.7436278682559962,93,1.3675139750363314,22.0,0.4318694598008832,84,Time Limit,-1318.2377474782718,-36.22733869745904,0.0,26,11,14,26,0
107,107,oracle_v2,120,1225404.7945715126,55223537.126476765,273.86465937070216,238.96777906765996,0.8725761827640349,80,1.284290966907591,17.5,0.3815294672025999,47,Time Limit,-1289.847403818332,-48.758049613437045,0.0,24,11,12,23,1
108,108,oracle_v2,120,3822539.4445401686,124596041.81124988,329.44228115491484,713.6212431127104,2.166149531902803,73,0.7092396863395294,22.0,0.4359569328458543,75,Time Limit,-1378.6429217492075,-34.482218571405014,0.0,27,11,15,27,0
109,109,oracle_v2,120,4582934.266427907,121389326.18196239,160.18698097112525,455.2029727563649,2.841697683524095,100,0.7823064962852854,24.0,0.4440351354628253,65,Time Limit,-1137.471231603905,-37.26824849860439,0.0,25,11,13,24,1
110,110,oracle_v2,120,3560913.8501170273,114333347.08600242,132.4122649919982,322.02734134276426,2.432005383808099,83,1.018534754717452,19.5,0.43039948735888717,67,Time Limit,-1291.7273942077738,-35.639597064554295,0.0,23,11,11,23,0
111,111,oracle_v2,120,5336510.753901346,173038536.15943116,540.3692936276226,358.4924997499783,0.6634213009094877,87,0.6580313028889283,23.5,0.45977387080247223,60,Time Limit,-1180.6653414407992,-30.105101517788814,0.0,30,11,18,30,0
112,112,oracle_v2,120,3281780.0272750384,94702905.77172208,71.09884793782687,229.98098554242787,3.2346654300719067,104,2.4698572251647946,15.5,0.4792753544010702,31,Time Limit,-898.9809478747004,-42.425064353097625,0.0,21,11,9,20,1
113,113,oracle_v2,120,4701958.437146671,139287191.9997086,205.50688268384155,586.065316808659,2.8518038381725677,95,0.7902276838205045,22.5,0.4473300559370749,66,Time Limit,-1154.1040262453973,-33.57248389616428,0.0,23,11,11,23,0
114,114,oracle_v2,120,2824622.9886807376,68735419.1086846,35.288181773309866,195.9231359753547,5.552089286831455,105,1.1839800540987977,22.0,0.4107563588516183,97,Time Limit,-1308.1861647469789,-50.095620480380724,0.0,25,11,13,24,1
115,115,oracle_v2,120,4684126.972535607,151813423.24917755,180.22296099091938,238.5363885485715,1.3235626983211661,88,1.3095142463242526,14.5,0.630038423987979,17,Time Limit,-988.494024115275,-32.364394644092755,0.0,22,11,10,21,1
116,116,oracle_v2,120,3963880.51362928,114458424.89653815,644.5307214150283,598.2184721400139,0.9281457846208809,93,0.7065621674171736,27.5,0.43656372259560994,68,Time Limit,-1209.7777361529675,-36.977518737997606,0.0,28,11,16,27,1
117,117,oracle_v2,120,429154.770565748,29732398.062689383,176.25968668327994,346.8828788567536,1.9680216468333203,74,1.0211220224751036,23.5,0.31841559121287766,63,Time Limit,-1412.5566762613282,-64.6174806770318,0.0,29,11,17,28,1
118,118,oracle_v2,120,2609013.2657586327,58268087.032426305,84.55995036920024,312.8190865931901,3.6993764214309426,96,0.7310645349260668,28.5,0.4006063143779431,110,Time Limit,-1481.1606684147125,-52.54118721719358,0.0,30,11,18,28,2
119,119,oracle_v2,120,3756795.825885313,82774809.45342642,536.5203034050535,956.6743000675268,1.7831092206500752,102,0.9597986176496786,35.0,0.424451464562063,104,Time Limit,-1416.8482414813218,-46.74114949574734,0.0,35,11,23,35,0
120,120,oracle_v2,120,2524584.948683375,82170095.10724229,172.14187293172014,264.0955349272239,1.5341737046858848,84,0.9267925700915609,19.5,0.4096455901646139,61,Time Limit,-1261.9584595999002,-41.174588719900065,0.0,21,11,9,21,0
121,121,oracle_v2,120,3773003.3828331935,85123198.92431228,107.03162233602184,345.7205342923208,3.2300784267937552,99,1.1150239762376017,33.0,0.4271147954621703,90,Time Limit,-1330.2479161556005,-46.77664377658463,0.0,32,11,20,32,0
122,122,oracle_v2,120,3626310.050573016,90435325.34315915,445.28857090506756,614.0408702540549,1.378972896173803,104,0.648648475104484,31.0,0.4263246018040225,90,Time Limit,-1307.8611030024024,-43.84389209364952,0.0,33,11,21,33,0
123,123,oracle_v2,120,520920.3423298798,24944663.714416467,225.56631560686586,262.29190448111285,1.1628150407805355,68,0.5789093237555302,31.5,0.313022447320879,102,Time Limit,-1654.9145865596754,-64.92420084646425,0.0,37,11,25,32,5
124,124,oracle_v2,120,1021236.7950117282,75622690.67934427,676.664378022635,503.92808373075593,0.7447238248352112,73,0.6996098385424057,20.5,0.36398345446818403,61,Time Limit,-1438.474398119984,-41.74412347549622,0.0,26,11,14,25,1
125,125,oracle_v2,120,3426932.60914675,100168083.8552448,399.61703475518465,419.56242269209673,1.0499112555327657,88,1.4523081816073375,24.5,0.42622056026980765,76,Time Limit,-1327.420528634195,-39.86734735115671,0.0,26,11,14,26,0
126,126,oracle_v2,120,1335314.856793936,38094216.5995163,492.08986775343294,556.2224518715177,1.1303269754585135,85,0.759359193566028,25.0,0.3541586736171015,79,Time Limit,-1386.4716659905723,-55.783593959950046,0.0,29,11,17,28,1
127,127,oracle_v2,120,1815662.4140268506,59874738.979106486,89.63188231173922,230.33198721412876,2.569755105811962,91,1.026341257059938,24.5,0.38400767452436074,67,Time Limit,-1316.839875153746,-46.17697563138793,0.0,29,11,17,25,4
128,128,oracle_v2,120,8889380.797044136,236945046.59092566,495.65328138538786,1132.2127417199204,2.284283760929215,98,1.7745050367098885,24.0,0.4796049457710713,61,Time Limit,-997.6974255460691,-26.02874376823386,0.0,25,11,13,23,2
129,129,oracle_v2,120,2639446.341375123,81015188.24856012,132.91401269722616,590.8433975868651,4.445305544516118,96,1.084713419042685,26.0,0.4095419235620834,81,Time Limit,-1308.027770871624,-43.17428412468792,0.0,24,11,12,24,0
130,130,oracle_v2,120,2844307.329005716,69173390.01083429,168.99815596410895,178.7299585795753,1.0575852591997108,100,0.771283114950454,27.0,0.4097501464671812,77,Time Limit,-1263.6240398172056,-48.798797374714106,0.0,28,11,16,28,0
131,131,oracle_v2,120,5049990.745247446,148619190.4598003,114.63004134831647,414.21252088164755,3.6134726639678645,96,1.0322336555240152,20.0,0.4524653648104785,62,Time Limit,-1122.5418479135092,-32.38277321895927,0.0,24,11,12,24,0
132,132,oracle_v2,120,3749348.5361393928,89267962.27544808,91.41618609254432,225.73007344895103,2.4692571753150507,110,0.5527139483589942,31.0,0.42671277420217246,98,Time Limit,-1332.7110230915719,-44.7375493966138,0.0,32,11,20,32,0
133,133,oracle_v2,120,3624934.009721059,88076349.01781525,135.06144696361497,437.8007594047846,3.2414931814163555,101,1.0461139734705807,27.0,0.4262907371224737,104,Time Limit,-1343.0921157378132,-45.61332021994438,0.0,29,11,17,28,1
134,134,oracle_v2,120,2927253.989417872,82241739.01517728,191.06647902816778,495.30913923400254,2.5923392829203813,98,0.6822328184351206,29.0,0.41493080320423514,94,Time Limit,-1389.6109045431326,-43.90573654857553,0.0,30,11,18,30,0
135,135,oracle_v2,120,3673259.7771005905,94418515.01328759,46.49087024090486,237.6794648248069,5.112390101394258,106,1.749014161260156,18.5,0.4299084047538157,69,Time Limit,-1141.5859464036046,-42.917554154371345,0.0,20,11,8,19,1
136,136,oracle_v2,120,2140657.660891705,60557131.128810465,447.34457572014225,834.1449038800306,1.8646585856936149,92,0.9668169260912555,33.0,0.39401668693677805,110,Time Limit,-1540.908703327132,-49.696709935633656,0.0,36,11,24,36,0
137,137,oracle_v2,120,1687325.3106322759,43941563.05153113,157.01711615158382,486.30542435999644,3.0971491279365924,84,1.0376956564324775,31.0,0.36659531326004463,106,Time Limit,-1540.5162874710095,-53.27514860088783,0.0,30,11,18,30,0
138,138,oracle_v2,120,1127879.4589568926,53466147.64684603,426.83095795806025,304.3453462769072,0.713034845768642,77,0.9588814230596316,27.0,0.3538474834584543,74,Time Limit,-1491.4400760022354,-49.320100701475695,0.0,31,11,19,31,0
139,139,oracle_v2,120,1595495.3215944371,62400020.97841307,144.87900708740602,236.12265423492312,1.629792051877257,77,0.8042925707512207,29.5,0.3766422672743859,70,Time Limit,-1398.0834470277232,-45.068071763888604,0.0,31,11,19,27,4
140,140,oracle_v2,120,3840813.919420556,122649914.10274994,258.577153971046,605.04290318346,2.339893118520475,79,0.7851419682996275,23.0,0.4359795738473131,69,Time Limit,-1388.554475238908,-33.97944561595576,0.0,27,11,15,27,0
141,141,oracle_v2,120,2933521.2004279806,97332197.20881377,120.23744812313267,264.2598529497805,2.197816546132595,88,0.9094805889341648,23.0,0.41990516186584237,67,Time Limit,-1269.1210602913877,-39.477112485727616,0.0,26,11,14,26,0
142,142,oracle_v2,120,1240937.019535592,37171634.44862547,125.93190013151079,440.8454945626807,3.500665789226601,91,1.5113810408670216,23.5,0.35273568548543677,85,Time Limit,-1460.601137927568,-56.352427664262514,0.0,28,11,16,26,2
143,143,oracle_v2,120,2189723.334622623,83480594.49063951,1064.2541137463256,448.4982235466982,0.4214202395402737,75,0.865605359095941,22.5,0.40245961270415104,63,Time Limit,-1402.6568372071304,-39.71683182245979,0.0,26,11,14,24,2
144,144,oracle_v2,120,2134980.0616272553,59641413.022860825,149.53137654169228,637.7432946544726,4.264946323667777,95,1.073445397380597,21.5,0.3971696667661109,57,Time Limit,-1251.4962226128312,-47.71474081859409,0.0,26,11,14,24,2
145,145,oracle_v2,120,2042649.031597503,72387786.6424343,134.1537100410121,178.99738673131498,1.3342708649398793,82,1.510276553939296,20.5,0.3960714263654178,72,Time Limit,-1387.8313757721169,-43.530267838612566,0.0,25,11,13,25,0
146,146,oracle_v2,120,4660527.022770368,124810594.76778768,69.64913144584463,282.6803572365535,4.058634348604194,108,1.8580557972062188,24.0,0.4443224822175297,73,Time Limit,-1135.0699639450468,-36.950534621924085,0.0,27,11,15,27,0
147,147,oracle_v2,120,2327126.8744291086,118722507.35416779,3299.8817620957893,2185.502937414724,0.662297347292434,69,0.9743139766327962,21.5,0.4311355727710194,43,Time Limit,-1353.8337717108254,-32.931124833506985,0.0,26,11,14,23,3
148,148,oracle_v2,120,2928423.686300994,75015554.49047774,111.75144800913536,396.31705806698545,3.546415416779098,101,0.836478269588316,23.5,0.41169010090989744,84,Time Limit,-1297.4056075742496,-46.40154671012479,0.0,26,11,14,25,1
149,149,oracle_v2,120,5454941.563548879,162358773.5429393,1514.246019227561,1141.963596832781,0.7541466725567575,85,0.6304431586687728,31.5,0.45498084775668657,72,Time Limit,-1241.3437821482132,-30.310823301312233,0.0,32,11,20,32,0
150,150,oracle_v2,120,9648963.194167707,256392352.41425118,522.6345622114658,951.8121008510456,1.8211809353433617,96,2.8210080675200007,13.0,0.5197594745946645,32,Time Limit,-807.4822740095133,-26.622266290104132,0.0,18,11,6,18,0
151,151,oracle_v2,120,6534959.583392615,177275263.18332112,155.0219024060268,558.2330210808097,3.6009945202369495,105,2.883978968678396,20.0,0.46422155308503293,73,Time Limit,-1097.720560159011,-31.05708135960642,0.0,24,11,12,24,0
152,152,oracle_v2,120,4336925.7248492,114809282.72319806,270.16838078517867,615.5674847484823,2.2784586521912193,91,0.9569596046613179,23.0,0.4508978823578516,47,Time Limit,-1059.1518778247546,-39.433536115925435,0.0,27,11,15,27,0
153,153,oracle_v2,120,4957527.15087666,123159183.35583997,131.16508457921478,343.3436790602054,2.617645390628702,104,0.8218878102740301,32.0,0.4469887751721992,85,Time Limit,-1209.298640647218,-40.11133145868488,0.0,32,11,20,32,0
154,154,oracle_v2,120,2845349.933013536,87272075.08785242,226.5693347721071,227.77968482730978,1.005342073570636,94,1.1786088681490736,25.5,0.41235835880155025,75,Time Limit,-1268.2251913580951,-40.35197426944558,0.0,28,11,16,27,1
155,155,oracle_v2,120,4236571.799800308,128962234.53392498,389.79289343509777,604.7077030099906,1.5513564079655986,91,0.5629217089918072,22.5,0.4456124860304261,56,Time Limit,-1150.3862490120139,-35.22044005849815,0.0,25,11,13,25,0
156,156,oracle_v2,120,1618165.1440010392,40292361.223319806,146.72150643694638,331.0920128024423,2.2566017814486465,95,0.43193840263147615,32.0,0.3692840355887151,104,Time Limit,-1461.2463582737998,-56.53296009770402,0.0,36,11,24,34,2
157,157,oracle_v2,120,4783014.552265096,127772067.0885534,314.1520560492548,508.8117517176724,1.6196352750844247,103,1.3016039762309761,20.0,0.4473828500339151,64,Time Limit,-1095.7518974107738,-36.58884507079695,0.0,23,11,11,23,0
158,158,oracle_v2,120,3743823.356040473,111658525.13570276,228.6454260000354,492.9618722854772,2.156010207199163,89,1.0235048909088753,20.0,0.43621559827830775,56,Time Limit,-1162.9086998245068,-36.9705539041306,0.0,20,11,8,20,0
159,159,oracle_v2,120,2364411.2072269367,49025227.678269275,121.97022741353916,501.4263456128788,4.1110552652558106,99,1.1578009222322976,27.0,0.39232207868428454,111,Time Limit,-1455.3929046377832,-55.87495418933948,0.0,26,11,14,25,1
160,160,oracle_v2,120,1933319.9183453398,96933472.5853189,462.3830543146129,672.3364346999949,1.454068068512144,77,0.6003546338512967,23.5,0.4103684544136765,54,Time Limit,-1289.9097649177688,-38.62607387306002,0.0,32,11,20,32,0
161,161,oracle_v2,120,3360486.8551975116,77328174.83098626,240.19861996902972,452.38978722682043,1.8833987775831094,103,0.9236108847490787,25.5,0.41947251211492415,86,Time Limit,-1297.4771733869736,-46.998459196139024,0.0,26,11,14,26,0
162,162,oracle_v2,120,7523809.714339941,193478836.28984824,1289.8340341408204,1686.0864652116481,1.3072119517568614,85,0.6822178220371049,20.0,0.47316769969707506,59,Time Limit,-1127.4255445275103,-30.565654399656196,0.0,22,11,10,22,0
163,163,oracle_v2,120,3522475.3798220996,113483837.5355078,461.9587285394951,571.9602956705282,1.2381199019202611,91,1.1131558222883662,22.0,0.44498612744341215,44,Time Limit,-1125.3721954742368,-36.993280992551576,0.0,25,11,13,24,1
164,164,oracle_v2,120,1869049.9155219751,46150534.12287677,108.85203720928666,369.99968104616045,3.3991066270516623,95,0.9333593066457473,25.5,0.37777386020802933,96,Time Limit,-1446.1470895687626,-54.45041098515781,0.0,28,11,16,28,0
165,165,oracle_v2,120,191498.80248651595,48474443.88386981,76.94660814577811,185.07693668734643,2.4052643923785637,72,0.8005923333667295,24.0,0.3275097680819308,67,Time Limit,-1483.736451207706,-62.01621873152362,0.0,37,11,25,35,2
166,166,oracle_v2,120,2798718.4413285395,69221762.05272867,102.21592017477961,295.1978246420702,2.887982851764282,102,1.104885480193388,30.5,0.4096370639026533,108,Time Limit,-1390.4454094204464,-48.26783322182377,0.0,33,11,21,33,0
167,167,oracle_v2,120,639301.7551529093,50802117.98673131,433.3932529792272,1089.1174068486316,2.513000374052509,60,1.0808564158879805,20.5,0.3281480136150697,57,Time Limit,-1476.6890719755247,-49.19518949611326,0.0,31,11,19,27,4
168,168,oracle_v2,120,3529530.7354970495,90662755.12888616,194.45917934523612,736.6690792145874,3.7882967607650477,96,1.1956803247721868,25.0,0.4263420916396279,70,Time Limit,-1268.0207678195368,-41.75239521092758,0.0,27,11,15,27,0
169,169,oracle_v2,120,9226751.956406698,264785927.0641152,616.5572361125109,746.6040634845302,1.210924176629545,77,0.8034913121641923,24.5,0.4861616149122455,56,Time Limit,-1149.9739556436248,-24.48414840518622,0.0,25,11,13,24,1
170,170,oracle_v2,120,285810.35633261956,5162885.294139298,45.060721640202416,242.48329603949202,5.381256385009878,53,0.5097468927195044,29.0,0.30945170928307186,92,Time Limit,-1651.80790899674,-88.92534916207902,0.0,34,11,22,25,9
171,171,oracle_v2,120,6635165.518416316,219448544.9726339,257.2045697194877,343.76023483445823,1.3365246006685254,84,1.1588257364244257,16.0,0.5412097950426691,26,Time Limit,-937.7734717087147,-27.07613225219708,0.0,18,11,6,17,1
172,172,oracle_v2,120,5089205.162207666,141172498.29089585,150.66590896667972,329.6657933697227,2.1880583048327766,106,0.917938657422282,24.0,0.4523472311133489,62,Time Limit,-1079.0730705088843,-35.52607917060789,0.0,27,11,15,26,1
173,173,oracle_v2,120,4661003.372218984,130676285.26867524,175.14085597281155,335.2539099648104,1.9141959087881495,91,1.1046746985035019,20.0,0.44656508222405056,70,Time Limit,-1211.834305940841,-35.824390755107224,0.0,24,11,12,24,0
174,174,oracle_v2,120,5477807.456852954,152373614.6970576,180.33803749389577,473.6471547556749,2.6264406629783097,93,1.3269633953412954,22.0,0.455484917311017,62,Time Limit,-1134.301064616276,-32.9720063949432,0.0,25,11,13,25,0
175,175,oracle_v2,120,2662812.1310638264,58280626.070400335,95.4344215164926,259.9106173303457,2.7234472971099737,103,1.3242389712992528,24.5,0.4002745309085186,87,Time Limit,-1341.4489106690626,-50.902953648697824,0.0,26,11,14,26,0
176,176,oracle_v2,120,2747418.079439692,91351397.45941776,230.9224261115611,711.0225386247912,3.0790536484372835,78,0.8433940819806925,22.0,0.4193454540843912,51,Time Limit,-1257.9093323833042,-39.18889662784473,0.0,23,11,11,23,0
177,177,oracle_v2,120,2939312.6406025887,77061366.2136073,173.12450375279946,637.9467559679674,3.6849015716393163,97,1.4196865218056394,18.5,0.41513434285938217,64,Time Limit,-1172.7507126197313,-45.32283938358763,0.0,21,11,9,21,0
178,178,oracle_v2,120,3607313.2926862347,132790780.8511072,1291.8365249849346,950.1995254605433,0.7355416162053666,77,1.0188105626545172,23.5,0.4371450686211923,56,Time Limit,-1242.3774446761004,-32.03714964697858,0.0,26,11,14,25,1
179,179,oracle_v2,120,1933856.6503215241,121529251.35683028,79.17333582925951,144.58891671154637,1.8262324707823123,83,0.9192209480224863,19.0,0.44010894226045005,37,Time Limit,-1235.5429065204064,-33.48897711470091,0.0,25,11,13,22,3
180,180,oracle_v2,120,4670294.0447113,154898966.6465338,265.031190201098,543.5834852257594,2.051017032422878,94,0.6573418924795172,28.0,0.4491120559769946,75,Time Limit,-1210.6611246960258,-31.66165205205557,0.0,31,11,19,31,0
181,181,oracle_v2,120,4057497.7731775586,98856322.78577997,199.0659022129715,696.9006262461467,3.5008538303087415,100,1.1141423597041051,21.0,0.43339761524598464,108,Time Limit,-1375.7687196598552,-42.791503503251974,0.0,23,11,11,23,0
182,182,oracle_v2,120,4067267.033408854,108045461.56107496,73.28346855493186,198.1751736096786,2.704227536134297,99,0.579545578111367,24.0,0.43922984554722644,58,Time Limit,-1097.5545629364028,-39.05404398940652,0.0,23,11,11,23,0
183,183,oracle_v2,120,2580849.4985872987,102912754.14992402,270.2596692340932,636.4827046125148,2.3550783822694865,76,1.609960371638835,20.0,0.4142610891067667,64,Time Limit,-1352.869811392708,-35.75355970316324,0.0,26,11,14,26,0
184,184,oracle_v2,120,1913240.8465159612,75333732.3142074,295.2189361809584,495.71445103678775,1.6791417835505407,72,1.0291025635083064,21.0,0.39539835418904135,61,Time Limit,-1366.136287314788,-41.95707580468058,0.0,24,11,12,23,1
185,185,oracle_v2,120,2195279.754489226,72347761.94417131,49.52825156610802,180.26807578773617,3.6397019900273015,102,0.703728095149805,19.0,0.4026796886100106,57,Time Limit,-1157.2049860754819,-44.881853583972024,0.0,24,11,12,24,0
186,186,oracle_v2,120,6784404.288549515,188145082.72780058,246.6110313448983,407.0164824948788,1.6504390751508808,102,1.8667877847306247,15.0,0.4841912671709783,41,Time Limit,-920.3956906781996,-30.057975170588893,0.0,18,11,6,18,0
187,187,oracle_v2,120,3929180.7668463322,131611432.69463922,300.6564685154891,435.4719641779081,1.4484037756715473,86,0.5474933244429788,23.0,0.44310417157577525,61,Time Limit,-1236.0911095054985,-33.582308012910985,0.0,26,11,14,26,0
188,188,oracle_v2,120,7116033.031622102,199339807.70836794,272.47980262972334,783.1773067119572,2.8742581987855735,98,1.0007775359269973,25.5,0.47045718871396125,63,Time Limit,-1047.9214253109049,-28.694474872476736,0.0,29,11,17,28,1
189,189,oracle_v2,120,1788893.6214319107,89963854.82338685,303.1455762376496,455.88045494951814,1.503833440710125,83,1.0656879840584192,15.5,0.5446862287349707,21,Time Limit,-1185.0347898296131,-38.58911038010767,0.0,22,11,10,17,5
190,190,oracle_v2,120,2587268.209467315,62983345.10537262,98.07325461307089,180.28298790479673,1.8382482422559392,101,1.289405915068489,21.0,0.40301356716861025,92,Time Limit,-1358.4928477398942,-50.04889876727831,0.0,26,11,14,26,0
191,191,oracle_v2,120,2930066.592019274,83116597.24362867,50.31829020356827,144.1775884787473,2.865311756330765,106,0.6912796075416789,20.0,0.4185883185979672,70,Time Limit,-1187.1943133870773,-44.05310844963128,0.0,24,11,12,24,0
192,192,oracle_v2,120,6151408.2064492125,179464676.77831885,439.95449547364126,1069.4847465116418,2.430898553179387,91,0.9762625800718685,23.5,0.46041486942325727,72,Time Limit,-1197.1201790474092,-28.723053187971367,0.0,27,11,15,27,0
193,193,oracle_v2,120,4877892.3193804845,146987694.55880278,329.4421599604296,735.7711099502874,2.233384792154906,82,0.9630559924640993,23.5,0.45091950090550603,63,Time Limit,-1241.8030405144798,-32.92968651343175,0.0,26,11,14,26,0
194,194,oracle_v2,120,2759795.898907575,67533231.97764236,35.46952849419818,143.35154973919737,4.041540889460813,100,0.7877841837918772,26.5,0.40931676801492817,110,Time Limit,-1394.8669511633045,-49.803509175723185,0.0,26,11,14,26,0
195,195,oracle_v2,120,5135003.019694984,135841954.56669667,119.17680573248157,421.1155362313543,3.533536023583652,109,1.1277021005792063,25.5,0.44897749537634934,91,Time Limit,-1158.3490824571938,-36.66337119974821,0.0,29,11,17,29,0
196,196,oracle_v2,120,4723443.409144266,146891936.84909192,837.1926066748127,819.2027606521071,0.9785116998414998,100,1.072086337962938,29.5,0.447216633900253,86,Time Limit,-1278.3145027073147,-32.06771778143117,0.0,29,11,17,29,0
197,197,oracle_v2,120,6385036.800497903,162771286.4451403,158.9488725509794,485.99609918832766,3.0575624185849763,98,1.362959309049548,17.0,0.48554310707311177,37,Time Limit,-920.6143027780556,-32.57717649316441,0.0,19,11,7,19,0
198,198,oracle_v2,120,2427080.818332379,96248880.35815947,165.54358238280608,338.8591908570063,2.0469485194141925,82,0.5124937663262636,31.0,0.41231059499888956,82,Time Limit,-1458.7324430157635,-38.5529343147695,0.0,30,11,18,30,0
199,199,oracle_v2,120,3335408.57597817,99232908.79967694,504.70691350928087,661.1155349514272,1.30989989884351,96,1.2364471025762989,19.0,0.4266412464634497,87,Time Limit,-1351.5574669074688,-40.221694749627424,0.0,23,11,11,23,0
