episode,seed,policy,steps,final_mrr,final_cash,final_cac,final_ltv,final_ltv_cac,final_headcount,final_valuation_multiple,final_unemployment,final_innovation_factor,depression_months,cause,total_reward,avg_rule_40,pct_above_40
0,0,heuristic,120,414792.4932317091,36132395.41329338,46.81160298360407,170.09193735460428,3.6335422526372274,95,0.7545852694965045,18.5,0.12258047562878988,49,Time Limit,-1196.2802958887062,-60.586002052453736,0.0
1,1,heuristic,120,271001.79232783045,16173287.467990767,151.92083606924425,406.9378083735872,2.678617488572195,84,1.2997890418279345,24.5,0.048454754345304704,74,Time Limit,-1444.0704327482995,-84.22961729145057,0.0
2,2,heuristic,120,1389232.2631769816,44865825.38019254,15.66246683257406,161.47522404030954,10.30969296001834,116,1.767365396068711,22.0,0.03189751142543813,91,Time Limit,-1315.2070024596496,-52.436507813238904,0.0
3,3,heuristic,120,587304.7936280307,16381005.490092292,38.39581132256732,171.5242913030801,4.467265709326629,98,0.5561222371462791,29.5,0.026767305596649447,102,Time Limit,-1474.6228869141153,-72.90612528506274,0.0
4,4,heuristic,120,1885116.6056699997,86342439.55841078,29.095849553093917,103.57660128623156,3.5598411071388605,118,1.1126796031912818,24.5,0.06074643371400965,67,Time Limit,-1113.7383766679463,-38.78142468424198,0.0
5,5,heuristic,120,1144020.6855900427,50116876.300773956,167.7546442085608,385.76153810430236,2.299558023709345,103,1.0958957440586217,30.0,0.03387667173108399,88,Time Limit,-1377.4299449777213,-49.74594068467183,0.0
6,6,heuristic,120,421983.6427177299,26939235.193400763,13.705498972842916,114.47387584644433,8.352404832051084,88,1.1097674951210392,23.0,0.042017746493642066,79,Time Limit,-1419.1808438756932,-65.10270567714525,0.0
7,7,heuristic,120,658564.1875307423,18670522.044833384,198.44642385607258,274.93349881254113,1.38542934395201,100,1.1890573226200594,21.0,0.03703691252348769,84,Time Limit,-1345.3870042989797,-68.67913553891876,0.0
8,8,heuristic,120,635998.5833502497,23782468.49932908,60.892739949059944,99.84658275084813,1.6397124326212809,105,0.7187536380131576,23.5,0.040916859168959964,80,Time Limit,-1325.9935993485303,-65.65662576340326,0.0
9,9,heuristic,120,819046.0718011449,22433199.956045322,51.353522663846434,99.87646438884329,1.9448804913077102,103,0.4747429450578612,30.5,0.027893052161130714,99,Time Limit,-1420.3529892975114,-65.00861726335067,0.0
10,10,heuristic,120,440469.3136791644,16546024.351191841,69.82068837125229,275.4315266049311,3.9448411785973776,91,0.5361042681024472,25.5,0.03887746539998636,82,Time Limit,-1415.75443361609,-73.49730917097583,0.0
11,11,heuristic,120,642335.4941328884,14998527.567739094,9.914297699189945,104.87028760828545,10.577681928681036,79,1.0718186604036979,28.5,0.02749839955307418,100,Time Limit,-1476.270830722459,-70.04549272012694,0.0
12,12,heuristic,120,2187213.8797307583,105467870.91718644,28.242146683635085,130.10577773435998,4.606794915124132,112,0.8370862531538332,17.5,0.2003453920308643,38,Time Limit,-929.1073594208012,-35.73832423527411,0.0
13,13,heuristic,120,533599.6303545107,21475746.7676002,39.10620212424206,174.58195921994886,4.464303607527383,99,1.3898805510810777,20.0,0.03318283814452979,89,Time Limit,-1442.6985114126903,-68.88957484660128,0.0
14,14,heuristic,120,1349000.7206578634,73143785.03838295,159.6631873313514,144.75082882768183,0.9066011473720506,105,1.047015486536039,15.5,0.4740254055565579,20,Time Limit,-951.3670699405155,-43.416714033217524,0.0
15,15,heuristic,120,1957383.7154992435,74799462.45363022,14.497698187679896,152.59408671809254,10.525400980396086,110,0.6834004654703412,20.5,0.09163577198261993,56,Time Limit,-1067.167866677362,-42.68034605938627,0.0
16,16,heuristic,120,1436602.3584819403,65488549.038517326,34.153749191047666,124.88264779161902,3.6564843025887503,108,0.9318566411668558,25.0,0.05152881367900799,72,Time Limit,-1197.5602469008502,-44.0979863957466,0.0
17,17,heuristic,120,1708080.3432126269,81718202.16381171,57.01611987683494,321.2115970421956,5.633697939040228,102,0.9433129420857183,26.5,0.06289098285685227,66,Time Limit,-1187.073079758871,-38.53025207193702,0.0
18,18,heuristic,120,2991553.402675386,122956530.57772489,45.051340340633324,330.0608793226538,7.3263276259277195,116,2.7611349364520064,12.5,0.4740254055565579,20,Time Limit,-759.7613495562032,-33.48024982591133,0.0
19,19,heuristic,120,1226752.4079796013,33455615.79378181,62.05444430986741,278.54122283547184,4.488658724338627,113,0.8132865533336602,27.0,0.03020062885838502,94,Time Limit,-1376.3523630640263,-58.586849589831935,0.0
20,20,heuristic,120,1610754.5450340374,80320557.70187464,37.81073998555052,193.72687284660128,5.123593796911527,105,1.2453568693062362,23.5,0.07265887506308549,62,Time Limit,-1188.4072661765579,-39.356210851718956,0.0
21,21,heuristic,120,997335.2983399852,50451054.44684833,32.2958311721445,150.6192227057303,4.663735759048709,106,1.2423822757097605,20.0,0.05493497360554902,70,Time Limit,-1241.6313479562875,-49.873821011463626,0.0
22,22,heuristic,120,1093712.4073562734,46029296.27248581,43.99350951614652,161.08730423053535,3.6616152246597427,107,0.4767762113814657,24.5,0.037933592129987044,83,Time Limit,-1321.0791435819608,-51.53291921811351,0.0
23,23,heuristic,120,2419516.293776451,124786995.18985064,103.19650853909208,148.4022550858198,1.43805499998678,112,0.8298633040936363,16.5,0.30614924385199693,29,Time Limit,-858.0549888625756,-32.7507443789729,0.0
24,24,heuristic,120,1467529.839290005,58872053.64307295,25.01397049255328,112.39026259311952,4.493099671104928,111,0.8577762752764508,25.5,0.08141872000359876,59,Time Limit,-1105.9589342028185,-46.84266171568208,0.0
25,25,heuristic,120,1780772.0682269079,57394576.00268024,68.76757495052821,277.7004131114683,4.038246416443325,114,1.1977005725418466,32.0,0.040916859168959964,80,Time Limit,-1247.8542628165596,-47.70987911930495,0.0
26,26,heuristic,120,752028.0191042824,16335699.101780921,41.104342952198515,235.4762247379992,5.7287431892985525,85,0.9505789499765142,27.5,0.03020062885838502,94,Time Limit,-1463.2341679592435,-69.8296519338192,0.0
27,27,heuristic,120,1118785.0677957288,26783565.03326498,101.06828067999476,369.32442931792355,3.654207104673018,107,1.5943640386863236,27.0,0.034607022874825255,87,Time Limit,-1323.275806183252,-61.64470292099284,0.0
28,28,heuristic,120,1086206.9285052363,40932715.8549963,66.69431455471037,297.5765625859229,4.461798049394694,107,1.171483096985049,20.5,0.06514840300721292,65,Time Limit,-1215.0076768745485,-53.76928727478201,0.0
29,29,heuristic,120,1454517.3838816131,72834026.33235766,54.516014608785795,183.47303692539285,3.3654888062162995,109,0.8073999283754971,21.5,0.05870911202830917,68,Time Limit,-1176.2597818896259,-42.00237643846486,0.0
30,30,heuristic,120,1027303.7991903165,27121706.935257353,23.85795382295422,102.3803489275011,4.29124600069428,96,0.5815323057335864,29.5,0.025236412068924408,107,Time Limit,-1438.501059929742,-60.759435319199596,0.0
31,31,heuristic,120,1316366.8146960246,64282608.2779557,42.425443738071515,242.92854877705318,5.726010793825953,106,2.736225796595333,15.5,0.11257887925498286,51,Time Limit,-1081.1064690809114,-45.100419719487185,0.0
32,32,heuristic,120,234409.56613175344,9323429.19691956,31.807327150686604,78.89086598779363,2.48027335381089,76,0.6205424204288187,26.5,0.035375813552447635,86,Time Limit,-1463.7135191312573,-84.53690353685609,0.0
33,33,heuristic,120,913413.1217481983,23223571.774722382,12.017862282586123,140.439436114542,11.68589161801585,104,1.1751295759949456,25.0,0.031302635854166226,92,Time Limit,-1411.0507946730038,-65.20315856737594,0.0
34,34,heuristic,120,1059639.4236295472,47768477.84289197,62.71778212593195,285.6302748701391,4.554215171330802,106,0.9782085199037784,23.5,0.04317657525646534,78,Time Limit,-1283.221328349611,-51.13515605483743,0.0
35,35,heuristic,120,398977.28007214965,12416726.215122193,140.77375590796808,155.05841520091576,1.1014724598403582,85,0.7202899176875033,27.5,0.031302635854166226,92,Time Limit,-1484.32890170011,-78.0057536855044,0.0
36,36,heuristic,120,2753985.2862442494,105824926.49796994,39.09757259033441,182.1992410424344,4.660116446397422,113,0.8231743817098863,23.0,0.182761716307855,40,Time Limit,-922.3604889169159,-36.17848768047164,0.0
37,37,heuristic,120,915407.2825362161,17792839.76662395,36.22268833710122,355.4970271011166,9.814208812795309,92,1.0289432069537834,25.0,0.024725861892204277,109,Time Limit,-1491.6782345986783,-69.30604400818564,0.0
38,38,heuristic,120,1843929.9955561066,57877113.50198561,22.98339399641563,165.2600825781717,7.190412460576746,116,1.5311363444572166,22.5,0.037933592129987044,83,Time Limit,-1179.9789356200254,-48.032008877159235,0.0
39,39,heuristic,120,213900.59941831016,6552461.88888844,83.70961853790989,201.97808341219354,2.4128419999993547,64,0.9702126016660926,27.5,0.0361850668973133,85,Time Limit,-1525.7654746736557,-91.24329946002405,0.0
40,40,heuristic,120,393265.1246173903,25065927.68628489,254.525055230618,304.81713170436467,1.1975918497618179,99,0.858853391801244,27.5,0.03020062885838502,94,Time Limit,-1479.56356622158,-69.84234697162532,0.0
41,41,heuristic,120,2331878.6578059793,109656849.01258136,53.7453245929006,228.27908503916802,4.247422204038975,110,1.6461008629289757,16.5,0.2198286892308746,36,Time Limit,-961.7211484911204,-34.8244280224508,0.0
42,42,heuristic,120,870643.4888010614,36315193.36423369,85.40502995857302,245.52248777706953,2.8748012604897375,104,1.2691042381897464,21.5,0.031302635854166226,92,Time Limit,-1386.9458671631037,-57.45567702103699,0.0
43,43,heuristic,120,703439.4328887828,48832901.713397816,27.841492403406896,176.169639318626,6.327593247015327,99,0.9546141161671908,30.5,0.07265887506308549,62,Time Limit,-1211.821755193311,-52.31350124873428,0.0
44,44,heuristic,120,181693.74716786252,22729812.240676876,114.3102245213673,166.58043591950994,1.4572662823208093,81,1.126375591977404,21.0,0.09163577198261993,56,Time Limit,-1428.3523227220844,-84.59816773671425,0.0
45,45,heuristic,120,1453112.3420389667,78144172.32966006,40.56669376035353,122.95446751488194,3.0309215791957707,107,0.8949592497310751,22.5,0.15954782651944716,43,Time Limit,-1053.9588264901292,-41.096606984175516,0.0
46,46,heuristic,120,1296455.3626089203,37532609.92613331,43.31966416697696,327.50290750790333,7.560144193305225,114,0.7495041961373637,32.5,0.031302635854166226,92,Time Limit,-1355.4416569382781,-56.40241770494686,0.0
47,47,heuristic,120,300078.1837127684,12081523.755352052,60.34912819835371,155.81166434654924,2.5818378657340686,78,0.6078442883306158,23.0,0.040916859168959964,80,Time Limit,-1477.1650062740637,-78.93341939302667,0.0
48,48,heuristic,120,1957396.4741059449,62549398.39728527,46.933874880060735,473.8626164944482,10.096388114243744,117,2.1407421227520036,17.5,0.04317657525646534,78,Time Limit,-1117.5019564186496,-46.32444220899347,0.0
49,49,heuristic,120,888112.4931854386,34197715.15918711,101.97850102318746,247.25003597489902,2.4245309893178395,97,1.1998116159085281,22.0,0.07543039480324788,61,Time Limit,-1283.4428898111098,-57.33739084018224,0.0
50,50,heuristic,120,402160.07046850596,13851654.700040901,58.928462160925676,374.41601677571447,6.353738126632846,84,1.0197181593989286,21.0,0.04317657525646534,78,Time Limit,-1417.1257004835522,-76.53939033051856,0.0
51,51,heuristic,120,842788.3768965349,32807812.13205616,149.05970107758966,241.04585252403112,1.6171094587031283,104,0.7989057633686043,26.5,0.042017746493642066,79,Time Limit,-1349.5004431673233,-58.87820248059833,0.0
52,52,heuristic,120,1668844.9548999264,67739054.42851654,55.0703031211901,155.38030575431065,2.821489931013708,105,0.6889417096533164,21.5,0.07834778400341882,60,Time Limit,-1124.5131872299198,-44.929248316716226,0.0
53,53,heuristic,120,1258253.578827234,77677539.46723373,51.26002949578019,94.45467493959045,1.8426574441859445,103,0.6436290699405501,19.0,0.139644817762111,46,Time Limit,-1052.698441732601,-42.146915600943785,0.0
54,54,heuristic,120,1419401.2393062587,32755502.678158417,22.236633586131372,320.83637844594745,14.428280126270908,105,6.19264000000002,21.0,0.026428940316816973,103,Time Limit,-1228.1144973218413,-58.779493203175406,0.0
55,55,heuristic,120,821567.0730141868,53017372.31730085,53.462643310587396,162.46832214146445,3.038913006931146,105,0.5796034475240291,23.0,0.06752463474443465,64,Time Limit,-1189.5737041511788,-50.16383887977687,0.0
56,56,heuristic,120,1284132.2177659667,52952542.43206474,20.731525579526142,106.21269194677195,5.123245346288676,108,1.0920142102279935,19.0,0.23034598866407852,35,Time Limit,-1077.6246505097656,-49.86180341816569,0.0
57,57,heuristic,120,179758.42867549363,8980063.3521168,19.714639752478952,92.03934365242588,4.668578518704746,79,0.4906823799847285,29.0,0.0361850668973133,85,Time Limit,-1475.1929305301458,-90.3834659154707,0.0
58,58,heuristic,120,1658121.718314797,43922925.96709015,34.67576857048667,342.8400161869979,9.887019965832764,114,1.776518741317632,19.5,0.05318822492527157,71,Time Limit,-1143.4080017718766,-53.58243844421296,0.0
59,59,heuristic,120,1246501.326470279,56959046.222874515,108.84716671647699,305.4816653472679,2.806519219218454,109,1.5060428019130763,20.0,0.09163577198261993,56,Time Limit,-1119.028268714339,-48.23702744573606,0.0
60,60,heuristic,120,613481.6664055027,35619695.1036654,42.86795731644045,159.95982140187047,3.7314542473084824,104,0.6502882209438505,19.0,0.11745145184735038,50,Time Limit,-1165.286029270751,-59.55032089506826,0.0
61,61,heuristic,120,1844841.426992044,89179434.27864905,133.06839057948088,333.2231041526528,2.5041492025382306,109,2.608498920838634,17.0,0.2782496925764272,31,Time Limit,-1005.6394866417065,-38.07331439324977,0.0
62,62,heuristic,120,604586.5917044512,23737280.699624956,71.62754607928434,183.3110571809463,2.5592257059601033,98,1.01987470573459,29.5,0.031302635854166226,92,Time Limit,-1455.9703738763315,-65.61620444612058,0.0
63,63,heuristic,120,1152555.734894691,25792390.83569899,24.23457604665594,135.21423920066613,5.579393629183126,98,0.5484124666566456,30.0,0.034607022874825255,87,Time Limit,-1316.9245525146039,-61.344128780492916,0.0
64,64,heuristic,120,701560.1312167638,18123990.524832707,83.15109506280076,180.3838685709082,2.169350487022105,102,0.6429538508454644,24.5,0.03318283814452979,89,Time Limit,-1378.3796453803675,-70.2341240624803,0.8333333333333334
65,65,heuristic,120,325861.7706638986,24356090.76251394,194.58418669611834,136.1060143009506,0.6994710958373356,82,0.5282908199124321,32.0,0.03387667173108399,88,Time Limit,-1552.2774991194717,-68.3166668787103,0.0
66,66,heuristic,120,1197036.086662462,65931382.164436884,49.18719930389502,255.07497621590596,5.185799960676094,106,0.7133372393754084,25.5,0.06074643371400965,67,Time Limit,-1190.3614740526505,-44.06924710999025,0.0
67,67,heuristic,120,792318.1903290118,25476327.618452355,219.4582318339733,446.56720054799285,2.0348619271016193,103,1.4327922231274621,23.5,0.037933592129987044,83,Time Limit,-1383.6437839437965,-64.19874585229356,0.0
68,68,heuristic,120,1954580.4848269061,88937755.10804988,23.24698697944316,213.20937901941187,9.171484425398809,111,1.7962070983619387,26.0,0.07265887506308549,62,Time Limit,-1100.2299136954093,-37.93582692974072,0.0
69,69,heuristic,120,701289.2056980142,17404356.552910317,74.71350606616268,201.67465173789546,2.6993064889673644,92,0.8300017187739394,23.0,0.024974591465478188,108,Time Limit,-1445.5212394865132,-69.16868657005956,0.0
70,70,heuristic,120,1166399.6673795474,55853275.269513145,47.037256971414116,95.1924161648682,2.023766314067152,106,0.5277536947536662,24.5,0.11745145184735038,50,Time Limit,-1124.4188954799167,-48.42510876385699,0.0
71,71,heuristic,120,1101220.4376782302,25819666.994142547,58.09331150725119,163.2011191704089,2.809292755673572,101,1.102326868243736,27.5,0.03703691252348769,84,Time Limit,-1331.8863548198597,-62.38436640402928,0.0
72,72,heuristic,120,947433.127891376,33117275.652514428,167.83878142552703,303.11418244082654,1.8059841704422976,104,0.7385431246530351,21.0,0.04317657525646534,78,Time Limit,-1304.8146264301909,-58.21840010880087,0.0
73,73,heuristic,120,1007097.275247205,32722491.70120041,22.735673875101167,110.65496396307321,4.8670193182290635,107,1.1641636568453502,24.5,0.03318283814452979,89,Time Limit,-1310.7234985672335,-58.620717908187025,0.0
74,74,heuristic,120,2938527.5676377076,140709386.0621295,22.517389936702482,258.4194257618123,11.476437832637012,117,2.991627153407999,13.0,0.30614924385199693,29,Time Limit,-814.3795654986473,-30.0509186258529,0.0
75,75,heuristic,120,794295.9981895282,32336799.63470494,59.08562891572492,231.6542756730162,3.920653463863939,102,0.767924827236762,23.5,0.04995237299505759,73,Time Limit,-1299.3741109178147,-59.078791376433564,0.0
76,76,heuristic,120,988299.4332808116,37854823.6169654,37.40114731720253,85.60839804757995,2.2889243830283426,105,0.6768813569103337,22.5,0.0361850668973133,85,Time Limit,-1323.2154001424526,-55.933139282445374,0.0
77,77,heuristic,120,362107.5314209284,11753692.223194364,20.832602693813904,97.6461156950374,4.6871779359586565,79,0.8086309859855605,26.5,0.030737504061457914,93,Time Limit,-1459.1623899261383,-77.77121292442082,0.0
78,78,heuristic,120,1075047.5118922652,29273212.713693302,39.91552489110214,184.90605888172627,4.632434607491408,108,0.7167365802468897,24.5,0.03703691252348769,84,Time Limit,-1328.3347980813205,-60.858908707113876,0.0
79,79,heuristic,120,1433464.6743750868,76923817.14665039,24.437679473484597,116.52254178698385,4.768150835001061,105,1.1844162257738637,14.5,0.2782496925764272,31,Time Limit,-1008.2353011285157,-41.50436024273164,0.0
80,80,heuristic,120,698560.8172215539,17859939.288529634,54.36061496915584,239.17774716696982,4.399835198749665,95,0.988245365197596,24.5,0.034607022874825255,87,Time Limit,-1412.1324884821286,-69.96544449648124,0.0
81,81,heuristic,120,1654012.5028203276,64585213.805100344,198.63077819865475,468.05623864671185,2.3564134566225134,111,1.4893932937523806,20.5,0.04995237299505759,73,Time Limit,-1187.3913149251366,-44.65477956475703,0.0
82,82,heuristic,120,1913146.0184496394,78278898.6831292,69.65326837668705,351.73755173135567,5.049835563051371,111,0.7028633969700053,24.0,0.15954782651944716,43,Time Limit,-994.87110149695,-41.51969715669379,0.0
83,83,heuristic,120,2244826.75215717,103697565.58138517,26.79007082944243,164.65515843481307,6.146126282497774,116,1.8808682693425667,8.0,1.0,0,Time Limit,-770.8129522646844,-36.67628259802132,0.0
84,84,heuristic,120,1597105.2385965588,46026230.19789061,36.03717597158777,163.97931693819092,4.55028210499831,114,1.1236114944822537,20.5,0.048454754345304704,74,Time Limit,-1205.3714729852559,-52.59063933044631,0.0
85,85,heuristic,120,1539263.0412880434,63455792.71255253,70.33790214957091,361.70617167670554,5.142407729300071,103,0.8261435609350524,22.0,0.035375813552447635,86,Time Limit,-1319.8344313365062,-43.87173893230305,0.0
86,86,heuristic,120,953291.1441333777,26995849.31222203,38.53502011873662,168.6556378038001,4.3766848254945065,102,0.7424539536509053,25.5,0.0325236962373033,90,Time Limit,-1372.307397720663,-61.098559378183595,0.0
87,87,heuristic,120,978272.9107255384,41328415.608041614,49.675394462306755,231.36052264481265,4.657447115399696,106,1.5418377061791335,24.5,0.07265887506308549,62,Time Limit,-1208.804872523724,-54.20467290514845,0.0
88,88,heuristic,120,2009316.4170417818,67648338.35736506,28.54363889706561,469.89452891249147,16.462320400248558,115,0.8579665635665752,21.0,0.05677365642689371,69,Time Limit,-1099.2084288982467,-44.23736104013915,0.0
89,89,heuristic,120,1097502.8238143206,48320605.95174512,47.20625495143359,216.93331412513777,4.595435802910474,105,0.8809412326224441,20.0,0.06074643371400965,67,Time Limit,-1199.790016190231,-51.105459134489884,0.0
90,90,heuristic,120,698139.0534708243,19873185.631424394,47.8094653159416,195.80262508786717,4.095478244609832,95,0.4767336491441851,23.5,0.04995237299505759,73,Time Limit,-1321.0794719178868,-67.28490391910412,0.0
91,91,heuristic,120,1455340.0853724026,81952615.98102035,51.29694807715785,281.2098516436971,5.4819996546523155,105,1.120932760723486,26.5,0.05870911202830917,68,Time Limit,-1202.2179029310773,-39.46489495111998,0.0
92,92,heuristic,120,1725907.354083636,71915340.21306181,119.35190153892106,471.71200669862606,3.952278938302455,112,0.956219711330164,23.5,0.06514840300721292,65,Time Limit,-1104.3590511465375,-42.82079480093633,0.0
93,93,heuristic,120,1200926.6570910562,31599533.965266075,26.85513191773086,197.80714944937927,7.365711330532653,110,1.3162450682644011,23.5,0.03189751142543813,91,Time Limit,-1285.6521625148703,-59.09619969590569,0.0
94,94,heuristic,120,2580908.5518993316,115985950.95126098,16.0644496290102,231.858973092531,14.43304803133905,118,0.8176145102276323,24.5,0.08805398338348894,57,Time Limit,-1023.1107357335082,-33.511284377870695,0.0
95,95,heuristic,120,1267830.9354690348,38650676.46058841,16.170686816908432,73.73925128734571,4.560056856103496,108,0.7075289639046002,28.0,0.040916859168959964,80,Time Limit,-1275.7596872978572,-55.326420574566754,0.0
96,96,heuristic,120,1444169.0573714213,57857771.03811708,23.861180725135192,121.99709776928825,5.1127854557833095,108,1.3548556460620809,17.5,0.09163577198261993,56,Time Limit,-1132.4793153537596,-47.80954101939901,0.0
97,97,heuristic,120,1176779.023096191,57062180.15810854,68.42494869763944,255.07497621590596,3.72780661251275,105,1.4514358582947657,20.0,0.08465128421431449,58,Time Limit,-1155.4257225603187,-46.90246682756033,0.0
98,98,heuristic,120,1139885.8731288512,27187481.722966652,22.889026140375343,110.3789707760539,4.822353301495416,107,1.1158640043692167,29.0,0.030737504061457914,93,Time Limit,-1353.0421472232863,-61.614538858971464,0.0
99,99,heuristic,120,3545454.0816131514,127384849.52891494,15.284186278379206,101.67085855539243,6.65202953586182,117,3.818381142799995,11.5,1.0,5,Time Limit,-671.2320424696652,-33.65639814700616,0.0
100,100,heuristic,120,1352645.8712381925,51334498.30264506,15.53442280998543,300.00700733249124,19.31240130400266,104,1.5430417846477293,22.5,0.04703201662803947,75,Time Limit,-1264.6066416614015,-49.15972436711247,0.0
101,101,heuristic,120,417937.1566615905,25184677.907359906,400.7170832709232,208.36262325939035,0.5199743957971396,93,0.6625677415286427,27.5,0.03703691252348769,84,Time Limit,-1442.0238994417393,-66.97177430384968,0.0
102,102,heuristic,120,964531.9481830992,27878147.176673833,152.01128705399887,317.36697207793225,2.087785573219929,101,0.8229628677510172,20.5,0.03387667173108399,88,Time Limit,-1359.7206443490918,-61.379402679866914,0.0
103,103,heuristic,120,1374138.4029747187,57330197.5966119,31.794592298069038,66.36532615861114,2.08731489734,113,0.871370127534881,26.0,0.03887746539998636,82,Time Limit,-1214.4778116065645,-46.98682096059918,0.0
104,104,heuristic,120,655294.0880332694,15953823.542356428,34.42408673586159,302.2542591218403,8.780313082553452,85,0.9840950840986117,29.0,0.027893052161130714,99,Time Limit,-1457.3583736034575,-71.2240549004325,0.0
105,105,heuristic,120,1182668.9254127392,41785319.82392968,128.43408752734334,291.3483873398598,2.268466206666765,105,1.1145119644156032,18.5,0.034607022874825255,87,Time Limit,-1338.2167933120124,-53.380690826369324,0.0
106,106,heuristic,120,1063292.08941846,50562107.22684802,16.35673621669032,255.07497621590588,15.594491030284443,105,1.3675139750363314,22.0,0.03703691252348769,84,Time Limit,-1311.764396117433,-49.97076262072273,0.0
107,107,heuristic,120,507310.047818668,31660454.324460465,23.821486675659486,97.54309433099614,4.094752592862498,96,1.284290966907591,17.5,0.13366257687400543,47,Time Limit,-1149.8244789938958,-61.903317231471114,0.0
108,108,heuristic,120,767570.1964074115,45506910.77990811,28.01917769062658,110.79952192614914,3.9544173333543458,105,0.7092396863395294,22.0,0.04703201662803947,75,Time Limit,-1278.228177221707,-53.31084513316361,0.0
109,109,heuristic,120,1767356.4811183806,61200416.61518547,21.666949218365403,197.8071494493792,9.129441688159464,112,0.7823064962852854,24.0,0.06514840300721292,65,Time Limit,-1130.4660439573622,-46.04693971666152,0.0
110,110,heuristic,120,1179877.8752073413,57458891.12343754,17.539086090039522,114.72344102445169,6.541015902168548,99,1.018534754717452,19.5,0.06074643371400965,67,Time Limit,-1259.4255512599866,-46.071344128988116,0.0
111,111,heuristic,120,1669580.0716885887,89751266.71310422,67.34413042210139,111.84061408005742,1.6607329158318587,106,0.6580313028889283,23.5,0.07834778400341882,60,Time Limit,-1099.1586966121836,-37.75345340044058,0.0
112,112,heuristic,120,1988485.3101128936,68482830.67535587,24.40818550122279,145.3277016362786,5.954055930499137,111,2.4698572251647946,15.5,0.2782496925764272,31,Time Limit,-889.2433936318093,-45.921644012937136,0.0
113,113,heuristic,120,1616680.048877824,72400142.16966863,34.45433866536007,217.40865241825543,6.310051530225283,111,0.7902276838205045,22.5,0.06289098285685227,66,Time Limit,-1148.9673570355449,-42.47420196708968,0.0
114,114,heuristic,120,1025356.5975287104,24689165.245387346,16.056189483180745,122.26441444424347,7.614783979244793,106,1.1839800540987977,22.0,0.028745764167457857,97,Time Limit,-1350.5670071874904,-63.81094287407264,0.0
115,115,heuristic,120,1880665.8800726729,87321321.02564389,29.75535503326639,102.07445580403706,3.43045665863903,106,1.3095142463242526,14.5,0.5495528859093838,17,Time Limit,-916.273288673006,-39.53124258878915,0.0
116,116,heuristic,120,1237977.4670370717,52167207.322456524,102.3596880222757,201.41891486669905,1.9677562403557336,111,0.7065621674171736,27.5,0.05870911202830917,68,Time Limit,-1183.385499541826,-49.231275071669934,0.0
117,117,heuristic,120,193315.51279786893,12620162.161958706,93.45393469297294,201.97808341219354,2.161258207862069,81,1.0211220224751036,23.5,0.07002593130993122,63,Time Limit,-1380.4209937689297,-95.4603467105267,0.0
118,118,heuristic,120,966810.1224122634,23301888.867796015,36.70351729875636,226.01468498770151,6.157848119786593,91,0.7310645349260668,28.5,0.024489568797594063,110,Time Limit,-1536.2181914821067,-63.163310868121656,0.0
119,119,heuristic,120,1146378.7415056413,31969442.60997911,164.8045098196608,468.0562386467118,2.84006935950289,107,0.9597986176496786,35.0,0.026107493300976125,104,Time Limit,-1447.8873548247666,-58.92018988066925,0.0
120,120,heuristic,120,870811.6732688831,42233510.2271781,47.561862024416165,114.54322344420842,2.4082998135230067,98,0.9267925700915609,19.5,0.07543039480324788,61,Time Limit,-1220.7520083333065,-53.17844663925093,0.0
121,121,heuristic,120,1359236.3308691443,36320908.54056236,21.679765683431853,181.3345768560099,8.364231399170043,105,1.1150239762376017,33.0,0.0325236962373033,90,Time Limit,-1357.546314537846,-57.235880220289886,0.0
122,122,heuristic,120,1269333.319315616,36700995.61240314,145.08964006128397,319.8340511849239,2.2043893075331233,110,0.648648475104484,31.0,0.0325236962373033,90,Time Limit,-1340.1212410703638,-56.586284357736716,0.0
123,123,heuristic,120,115528.88964783079,5458289.71721545,170.9868358996184,117.46811732819263,0.6870009419740061,65,0.5789093237555302,31.5,0.026767305596649447,102,Time Limit,-1679.7009698445204,-104.3059568491211,0.0
124,124,heuristic,120,298358.363550953,40628104.977099866,97.38007733854266,202.2342258168698,2.076751542451551,89,0.6996098385424057,20.5,0.07543039480324788,61,Time Limit,-1330.364742990135,-64.04569803675518,0.0
125,125,heuristic,120,1041470.6106167462,43844117.21921938,90.27262944579583,158.15018384101694,1.7519173287843373,102,1.4523081816073375,24.5,0.045680415796637494,76,Time Limit,-1310.5667826338122,-52.58014186792208,0.0
126,126,heuristic,120,474506.15555984864,12362920.112882346,226.45553983485664,295.65608091576297,1.3055811358440206,78,0.759359193566028,25.0,0.042017746493642066,79,Time Limit,-1376.6492621826897,-75.57184274355241,0.0
127,127,heuristic,120,689112.5560709466,26743017.278379414,35.98008058045725,114.54322344420846,3.183517701914852,102,1.026341257059938,24.5,0.06074643371400965,67,Time Limit,-1297.6866949133803,-63.1584629798844,0.0
128,128,heuristic,120,2788690.517262054,114594659.70146279,25.45873217856474,345.44584742445284,13.568855078938485,117,1.7745050367098885,24.0,0.07543039480324788,61,Time Limit,-1024.3317112132443,-32.91732951133323,0.0
129,129,heuristic,120,808150.3006505639,28813891.68845562,42.893106923818515,267.8189063273306,6.243868200151548,106,1.084713419042685,26.0,0.039871016210511964,81,Time Limit,-1306.1511976919062,-61.59335496778037,0.0
130,130,heuristic,120,1033123.6373657619,32022296.305488903,53.77161315518703,83.22042335134957,1.5476646220594514,109,0.771283114950454,27.0,0.04439639500680562,77,Time Limit,-1257.489154312126,-59.631028209192635,0.0
131,131,heuristic,120,1832553.989441774,79011785.54961519,9.267946637948466,135.21423920066616,14.589449473847738,114,1.0322336555240152,20.0,0.07265887506308549,62,Time Limit,-1110.3134123192424,-40.45161020061881,0.0
132,132,heuristic,120,1418710.7526585748,38908363.70117667,32.30242089277799,144.2014119485975,4.464105412632938,112,0.5527139483589942,31.0,0.028308475959084964,98,Time Limit,-1382.0393212947556,-55.89612586750933,0.0
133,133,heuristic,120,1233602.3515066747,31580979.715016298,53.25884069234664,235.06334036890166,4.413602273597378,105,1.0461139734705807,27.0,0.026107493300976125,104,Time Limit,-1388.507463496985,-59.076298118829634,0.0
134,134,heuristic,120,834220.2741668763,31435194.92103063,52.81858663329554,209.85081419030635,3.973048647576298,108,0.6822328184351206,29.0,0.03020062885838502,94,Time Limit,-1392.895181346356,-60.11212761086732,0.0
135,135,heuristic,120,1630182.8488715175,49248658.36891805,20.433835125778028,158.9820566733287,7.7803337305373015,109,1.749014161260156,18.5,0.05677365642689371,69,Time Limit,-1179.5815891678567,-51.164162649274324,0.0
136,136,heuristic,120,596656.2117859906,17562536.784571547,133.33042989958344,470.5853880771339,3.529467267386379,95,0.9668169260912555,33.0,0.024489568797594063,110,Time Limit,-1571.365387707081,-69.91670738823527,0.0
137,137,heuristic,120,465361.3241999349,11587719.423465734,67.64012257953247,288.8352129412654,4.270175776243572,71,1.0376956564324775,31.0,0.025512012704130956,106,Time Limit,-1565.4363148433285,-75.58251995597223,0.0
138,138,heuristic,120,302777.20321309246,19432902.55686235,61.342903787736056,122.08251605652201,1.9901652598475341,91,0.9588814230596316,27.0,0.048454754345304704,74,Time Limit,-1397.9435677921092,-78.9674701726782,0.0
139,139,heuristic,120,461829.1404647807,23974551.287857115,13.971774140674553,78.48038022170475,5.617066195855048,96,0.8042925707512207,29.5,0.05493497360554902,70,Time Limit,-1332.7035955225276,-68.96445157809636,0.0
140,140,heuristic,120,1022719.3808013323,57054047.417806104,21.610811898238612,166.2685325904275,7.693766128424782,101,0.7851419682996275,23.0,0.05677365642689371,69,Time Limit,-1268.139507414701,-46.80658125170854,0.0
141,141,heuristic,120,874567.6260710672,47974014.36754816,21.394739449095763,90.44858932746867,4.2276088261169,105,0.9094805889341648,23.0,0.06074643371400965,67,Time Limit,-1204.3631273572078,-51.858815469365524,0.0
142,142,heuristic,120,438812.26367975026,13383415.902074257,86.14713365170253,264.6437769577781,3.0719974738538256,88,1.5113810408670216,23.5,0.0361850668973133,85,Time Limit,-1463.7803117987553,-76.28232895150391,0.0
143,143,heuristic,120,631017.0873413322,38725115.25792144,204.21512635589124,144.11557572336025,0.7057047060862971,94,0.865605359095941,22.5,0.07002593130993122,63,Time Limit,-1315.5336765424659,-56.84185650468162,0.0
144,144,heuristic,120,985314.4790105091,31141263.20914421,61.28891568648787,382.7578536261433,6.245139913782623,102,1.073445397380597,21.5,0.08805398338348894,57,Time Limit,-1248.2757239746375,-58.87131896906365,0.0
145,145,heuristic,120,568968.8687527303,32308362.789005175,34.993433347604324,60.95049922911105,1.74176962356521,99,1.510276553939296,20.5,0.05152881367900799,72,Time Limit,-1297.2776165428872,-60.690598805563745,0.0
146,146,heuristic,120,1879590.3831868556,65522162.98366718,16.085237967119063,165.26008257817173,10.274021616341095,114,1.8580557972062188,24.0,0.04995237299505759,73,Time Limit,-1178.3671774698466,-44.865132919319585,0.0
147,147,heuristic,120,708627.4766520163,58444131.11831209,99.86171234668761,494.1146574809908,4.947989032729423,97,0.9743139766327962,21.5,0.15954782651944716,43,Time Limit,-1179.9050723600612,-48.52414792957905,0.0
148,148,heuristic,120,1049083.850283169,29917108.804074325,39.67899961540429,226.50992213011463,5.708559296494419,106,0.836478269588316,23.5,0.03703691252348769,84,Time Limit,-1324.8671414417252,-60.20062447941224,0.0
149,149,heuristic,120,1305568.4922908656,78064800.97656964,164.73542248578354,237.49789337008195,1.441692926672026,112,0.6304431586687728,31.5,0.05152881367900799,72,Time Limit,-1184.7465922063732,-40.98575883566764,0.0
150,150,heuristic,120,3359499.301112652,133968523.14019668,47.54476171580641,342.84441459927746,7.210981866910855,115,2.8210080675200007,13.0,0.2653372079476058,32,Time Limit,-801.6936173198762,-32.28451134414372,0.0
151,151,heuristic,120,2209013.46548245,83198394.86938317,20.32080308314614,226.64702049518345,11.15344799946229,118,2.883978968678396,20.0,0.04995237299505759,73,Time Limit,-1137.6584182241781,-40.11726427439904,0.0
152,152,heuristic,120,1908437.8699989335,67894474.32466753,39.42819288517422,254.42944597926416,6.452982684756385,106,0.9569596046613179,23.0,0.13366257687400543,47,Time Limit,-1031.8182908172696,-45.331709564631105,0.0
153,153,heuristic,120,1708718.8133989603,52982112.64780496,35.05094889312416,170.8460929085813,4.874221620348078,111,0.8218878102740301,32.0,0.0361850668973133,85,Time Limit,-1249.9548509172205,-50.02393384567062,0.0
154,154,heuristic,120,1048340.3719161336,46308089.39266563,70.12037752089945,122.95446751488196,1.7534769757655004,102,1.1786088681490736,25.5,0.04703201662803947,75,Time Limit,-1275.4692241136015,-50.644796646050786,0.0
155,155,heuristic,120,1593252.4887654178,69970037.39648989,24.55877121997877,237.8354182366204,9.684337058490096,107,0.5629217089918072,22.5,0.09163577198261993,56,Time Limit,-1105.7375407092154,-43.670371148430185,0.0
156,156,heuristic,120,582708.4200531096,13928534.168521725,98.87356273081166,218.91329051100024,2.2140730491021436,74,0.43193840263147615,32.0,0.026107493300976125,104,Time Limit,-1492.082337915111,-71.60326877262918,0.0
157,157,heuristic,120,1865556.5315865981,69221791.4997281,79.72395685839797,244.20635734491262,3.063148982666035,113,1.3016039762309761,20.0,0.06752463474443465,64,Time Limit,-1098.4522315419918,-43.961480597367974,0.0
158,158,heuristic,120,1328541.0998635108,53010902.646047406,44.21118633530273,168.65563780380006,3.814772951910774,108,1.0235048909088753,20.0,0.09163577198261993,56,Time Limit,-1110.6625693234837,-48.968622423310855,0.0
159,159,heuristic,120,952590.8347496089,18965496.654858414,81.83003898083908,365.33004007182814,4.464497935255439,94,1.1578009222322976,27.0,0.02426509035771436,111,Time Limit,-1504.5913240015873,-66.64133403535561,0.0
160,160,heuristic,120,691788.8144105221,57810853.99390993,119.83744680912086,235.14464445765273,1.9621967149566792,96,0.6003546338512967,23.5,0.09937481660124092,54,Time Limit,-1181.892710722699,-49.35223003014641,0.0
161,161,heuristic,120,1302766.19059512,34785634.38182626,97.95567628042113,255.62451783451542,2.60959372178423,108,0.9236108847490787,25.5,0.035375813552447635,86,Time Limit,-1322.4228538540153,-57.64413552617554,0.0
162,162,heuristic,120,1800741.8813331109,78690858.578739,76.87925876634068,322.33212515487423,4.192705943413672,115,0.6822178220371049,20.0,0.08141872000359876,59,Time Limit,-1072.7454997276875,-41.86223038729474,0.0
163,163,heuristic,120,1493008.3143662147,68268090.64664645,60.138845912584884,208.2168367948148,3.462268582564245,109,1.1131558222883662,22.0,0.1525704351934748,44,Time Limit,-1040.3586852571466,-44.438194517158756,0.0
164,164,heuristic,120,563675.0082894221,14342474.637158992,51.83237259614909,197.02196145990027,3.8011372351212436,85,0.9333593066457473,25.5,0.02920606754469248,96,Time Limit,-1455.3255650263711,-73.82796697647947,0.0
165,165,heuristic,120,50614.826735225164,24563810.23049874,25.553485708267125,90.36407494038721,3.5362719580425934,85,0.8005923333667295,24.0,0.06074643371400965,67,Time Limit,-1399.7653090036033,-129.9275808413269,0.0
166,166,heuristic,120,961790.3408573312,25164144.751130633,59.695338363556175,192.6466887716625,3.2271647008415774,102,1.104885480193388,30.5,0.024974591465478188,108,Time Limit,-1436.7579701447091,-62.05194304129954,0.0
167,167,heuristic,120,240291.79071071034,22460154.357831743,126.85480869020567,325.7634836156146,2.5680026400194826,82,1.0808564158879805,20.5,0.08805398338348894,57,Time Limit,-1372.3703275863797,-81.03653905941422,0.0
168,168,heuristic,120,1376057.4378991036,45262160.392763734,54.614566648322096,350.0081752212397,6.408696373534127,106,1.1956803247721868,25.0,0.05493497360554902,70,Time Limit,-1265.096793122097,-51.51178524309428,0.0
169,169,heuristic,120,1969705.605076699,110954704.23512484,25.88553545083726,130.11054763479567,5.026380384593794,109,0.8034913121641923,24.5,0.09163577198261993,56,Time Limit,-1058.617359034949,-33.91065689088435,0.0
170,170,heuristic,120,118384.49780762213,1781712.5684378943,35.813090898191,239.8417397869605,6.697041047609645,43,0.5097468927195044,29.0,0.031302635854166226,92,Time Limit,-1687.4024408931098,-109.14651622915859,0.0
171,171,heuristic,120,2185008.018724965,112944107.28638947,14.770718294740925,78.64330006702535,5.324270526168391,113,1.1588257364244257,16.0,0.3537503937623525,26,Time Limit,-831.0312534528056,-34.5491929634369,0.0
172,172,heuristic,120,2036306.410257497,72377880.19448648,15.057275161043009,193.38719185434184,12.843438788625154,112,0.917938657422282,24.0,0.07265887506308549,62,Time Limit,-1102.4819232088998,-43.09957472868097,0.0
173,173,heuristic,120,1427778.5809968591,59346925.01983293,20.78532604260533,121.99709776928822,5.869385811856937,106,1.1046746985035019,20.0,0.05493497360554902,70,Time Limit,-1182.349871618018,-46.29983269784314,0.0
174,174,heuristic,120,1872124.1018582783,74998085.28608671,14.675749793378905,161.93631049683822,11.034278505476921,111,1.3269633953412954,22.0,0.07265887506308549,62,Time Limit,-1119.9331980824368,-42.40074248866247,0.0
175,175,heuristic,120,1067177.3554546395,26122428.149529472,40.243008125429014,156.64362540201694,3.892443251602654,107,1.3242389712992528,24.5,0.034607022874825255,87,Time Limit,-1354.7082453904666,-62.00029362706684,0.0
176,176,heuristic,120,1016905.650259493,52595014.91387798,52.37314420156536,265.7530524077444,5.074223754544059,95,0.8433940819806925,22.0,0.11257887925498286,51,Time Limit,-1164.826442132295,-48.41517338478241,0.0
177,177,heuristic,120,1202993.510022388,41837902.952208355,54.41433579761143,299.90079373738774,5.511429834461973,108,1.4196865218056394,18.5,0.06752463474443465,64,Time Limit,-1158.1010860870374,-54.59515080635518,0.0
178,178,heuristic,120,1016463.6921729691,68890039.11310518,66.51810490652076,208.8168758543978,3.1392487225523396,105,1.0188105626545172,23.5,0.09163577198261993,56,Time Limit,-1120.3056624891697,-44.5991602043906,0.0
179,179,heuristic,120,845664.534690253,75647747.93213886,5.050302305588366,60.4781328600854,11.975151030694516,100,0.9192209480224863,19.0,0.20983725476933085,37,Time Limit,-1088.1051094529469,-43.10423380380985,0.0
180,180,heuristic,120,1420115.1842143547,78652268.87351583,21.348755463304173,164.42360397281556,7.701788718102986,112,0.6573418924795172,28.0,0.04703201662803947,75,Time Limit,-1192.186028377849,-40.23055838665541,0.0
181,181,heuristic,120,1264376.048110498,35552182.56226868,57.049224616081325,313.14003434728136,5.488944616768935,107,1.1141423597041051,21.0,0.024974591465478188,108,Time Limit,-1414.0034146944436,-56.397806970414756,0.0
182,182,heuristic,120,1670853.627645139,57640303.08256373,18.38535713846505,99.03417569983716,5.386578838473697,109,0.579545578111367,24.0,0.08465128421431449,58,Time Limit,-1090.1081802935607,-47.29614875205893,0.0
183,183,heuristic,120,730089.5214637311,49719114.63550825,51.73833709160864,191.43014222335293,3.6999670454116833,96,1.609960371638835,20.0,0.06752463474443465,64,Time Limit,-1285.799823378845,-50.42252012357676,0.0
184,184,heuristic,120,621336.3252223206,37759012.52529642,64.24656938911714,169.62702551262748,2.640250321931757,90,1.0291025635083064,21.0,0.07543039480324788,61,Time Limit,-1306.8289888847519,-55.97663450038172,0.0
185,185,heuristic,120,1051396.633575115,44415042.05464554,16.581605459933723,130.48071642673364,7.869003803160998,105,0.703728095149805,19.0,0.08805398338348894,57,Time Limit,-1165.122210169944,-53.12027913310168,0.0
186,186,heuristic,120,2545634.8371537104,98320132.47524345,17.129792146306976,147.58327861663423,8.615590741330262,120,1.8667877847306247,15.0,0.17462363049246224,41,Time Limit,-918.9484431877012,-37.6685945932157,0.0
187,187,heuristic,120,1174021.6358262359,66887942.967948794,29.096428447504085,118.4394068411276,4.0705823072002305,108,0.5474933244429788,23.0,0.07543039480324788,61,Time Limit,-1140.383530375275,-43.93572418183938,0.0
188,188,heuristic,120,2352857.2896548505,96133324.02945285,37.44259412137271,262.430257155017,7.008869532499045,115,1.0007775359269973,25.5,0.07002593130993122,63,Time Limit,-1062.9921740099803,-36.33649472407204,0.0
189,189,heuristic,120,807202.4033589801,53005995.53037647,31.70547027730064,194.22702734878519,6.125978439999389,100,1.0656879840584192,15.5,0.45132413527873,21,Time Limit,-1102.7928274785475,-49.447451059487186,0.0
190,190,heuristic,120,934295.9365695119,25846345.22522032,39.892106329755,105.38954358418452,2.641864601307749,105,1.289405915068489,21.0,0.031302635854166226,92,Time Limit,-1382.7637727276913,-63.13375811592237,0.0
191,191,heuristic,120,1212908.9291318126,43462355.778227456,5.425565476734675,87.6300476056257,16.151320628493277,111,0.6912796075416789,20.0,0.05493497360554902,70,Time Limit,-1184.0169714392669,-53.5584512054784,0.0
192,192,heuristic,120,1569887.9554132607,81887418.86331233,45.57181170125542,268.4057437262412,5.889731693920062,113,0.9762625800718685,23.5,0.05152881367900799,72,Time Limit,-1161.038480582356,-39.25296283810262,0.0
193,193,heuristic,120,1342044.905688368,68776127.86272936,39.63411717219167,169.9791594941481,4.288708103568152,107,0.9630559924640993,23.5,0.07002593130993122,63,Time Limit,-1157.1161384660052,-43.612805452649056,0.0
194,194,heuristic,120,958171.2209765359,22686693.646902386,18.36433832049727,88.43999475434708,4.815855230440576,101,0.7877841837918772,26.5,0.024489568797594063,110,Time Limit,-1442.6730088782717,-64.2686407266361,0.0
195,195,heuristic,120,1771191.0239544103,61582366.575565144,31.940053789540475,232.57748318563102,7.281687273231644,114,1.1277021005792063,25.5,0.03189751142543813,91,Time Limit,-1224.1843886367483,-46.30878496827449,0.0
196,196,heuristic,120,1355049.0117028062,63340812.43666395,181.46338169359728,284.02724203835044,1.565204171704092,114,1.072086337962938,29.5,0.035375813552447635,86,Time Limit,-1291.6375256482665,-44.513509796327284,0.0
197,197,heuristic,120,2489059.34283599,95462232.22959733,21.36900164895566,189.8591699474539,8.884793640171424,115,1.362959309049548,17.0,0.20983725476933085,37,Time Limit,-895.9597677704028,-38.438149302060616,0.0
198,198,heuristic,120,579780.5376508052,41781498.29902875,15.476810548458964,118.56424080366541,7.66076708327162,97,0.5124937663262636,31.0,0.03887746539998636,82,Time Limit,-1390.0334480861206,-55.46325861540016,0.0
199,199,heuristic,120,1019460.1317549917,41535703.569094814,80.57206027246258,285.6302748701391,3.5450288090468507,106,1.2364471025762989,19.0,0.034607022874825255,87,Time Limit,-1332.823361965673,-53.54023107881252,0.0
