scenario_id,scenario_label,policy,month,reward_mean,reward_std,rule40_mean,rule40_std,n,reward_ci95,rule40_ci95
boardroom,Boardroom Baseline,boardroom,0,-6.934036238766207,0.0,-68.12741491853066,0.0,1,0.0,0.0
boardroom,Boardroom Baseline,boardroom,1,-6.923697262586434,0.0,-81.30838237028405,0.0,1,0.0,0.0
boardroom,Boardroom Baseline,boardroom,2,-6.9165072634263565,0.0,-88.78914621200879,0.0,1,0.0,0.0
boardroom,Boardroom Baseline,boardroom,3,-6.885052342797346,0.0,-40.62266582555357,0.0,1,0.0,0.0
boardroom,Boardroom Baseline,boardroom,4,-6.857553962492877,0.0,-44.87545903302822,0.0,1,0.0,0.0
boardroom,Boardroom Baseline,boardroom,5,-6.851017198161415,0.0,-54.47827965481926,0.0,1,0.0,0.0
boardroom,Boardroom Baseline,boardroom,6,-6.822202261821012,0.0,-30.15332702272318,0.0,1,0.0,0.0
boardroom,Boardroom Baseline,boardroom,7,-6.797113961560056,0.0,-38.13549443874613,0.0,1,0.0,0.0
boardroom,Boardroom Baseline,boardroom,8,-6.78653957188067,0.0,-39.76122200984422,0.0,1,0.0,0.0
boardroom,Boardroom Baseline,boardroom,9,-6.765414584970104,0.0,-38.69992985510329,0.0,1,0.0,0.0
boardroom,Boardroom Baseline,boardroom,10,-6.752219458363334,0.0,-43.61224810089335,0.0,1,0.0,0.0
boardroom,Boardroom Baseline,boardroom,11,-6.744285484225452,0.0,-40.59682665128391,0.0,1,0.0,0.0
boardroom,Boardroom Baseline,boardroom,12,-6.735272242333103,0.0,-45.582324605413895,0.0,1,0.0,0.0
boardroom,Boardroom Baseline,boardroom,13,-6.726422425602894,0.0,-47.09974319247145,0.0,1,0.0,0.0
boardroom,Boardroom Baseline,boardroom,14,-6.69533736302416,0.0,-30.651253997917955,0.0,1,0.0,0.0
boardroom,Boardroom Baseline,boardroom,15,-6.6652553905031695,0.0,-33.7414767581814,0.0,1,0.0,0.0
boardroom,Boardroom Baseline,boardroom,16,-6.6527388858961745,0.0,-40.60791216327538,0.0,1,0.0,0.0
boardroom,Boardroom Baseline,boardroom,17,-6.641499117081191,0.0,-41.951482347324244,0.0,1,0.0,0.0
boardroom,Boardroom Baseline,boardroom,18,-6.620003329954148,0.0,-38.74121344557463,0.0,1,0.0,0.0
boardroom,Boardroom Baseline,boardroom,19,-6.600425301592619,0.0,-39.395207288107876,0.0,1,0.0,0.0
boardroom,Boardroom Baseline,boardroom,20,-6.5697942829476705,0.0,-35.56922429367029,0.0,1,0.0,0.0
boardroom,Boardroom Baseline,boardroom,21,-6.5587961920366595,0.0,-41.41413619280075,0.0,1,0.0,0.0
boardroom,Boardroom Baseline,boardroom,22,-6.545103617712469,0.0,-41.302259089161694,0.0,1,0.0,0.0
boardroom,Boardroom Baseline,boardroom,23,-6.521234214937347,0.0,-38.61556600390571,0.0,1,0.0,0.0
boardroom,Boardroom Baseline,boardroom,24,-6.509456275704645,0.0,-41.98042006452353,0.0,1,0.0,0.0
boardroom,Boardroom Baseline,boardroom,25,-6.4968809408436385,0.0,-42.356234818117215,0.0,1,0.0,0.0
boardroom,Boardroom Baseline,boardroom,26,-6.485509893692226,0.0,-43.22181357445927,0.0,1,0.0,0.0
boardroom,Boardroom Baseline,boardroom,27,-6.4739856294914135,0.0,-43.76640871920468,0.0,1,0.0,0.0
boardroom,Boardroom Baseline,boardroom,28,-6.46274559100306,0.0,-44.39605834460292,0.0,1,0.0,0.0
boardroom,Boardroom Baseline,boardroom,29,-6.448260345024339,0.0,-44.06502346141378,0.0,1,0.0,0.0
boardroom,Boardroom Baseline,boardroom,30,-6.424876360066893,0.0,-42.012696340419026,0.0,1,0.0,0.0
boardroom,Boardroom Baseline,boardroom,31,-6.411052615287005,0.0,-44.12006788404081,0.0,1,0.0,0.0
boardroom,Boardroom Baseline,boardroom,32,-6.400701155093905,0.0,-45.297367536070325,0.0,1,0.0,0.0
boardroom,Boardroom Baseline,boardroom,33,-6.388963596558666,0.0,-45.50179893085055,0.0,1,0.0,0.0
boardroom,Boardroom Baseline,boardroom,34,-6.374326604928629,0.0,-45.233246402548374,0.0,1,0.0,0.0
boardroom,Boardroom Baseline,boardroom,35,-6.357480327697454,0.0,-44.93249757668964,0.0,1,0.0,0.0
boardroom,Boardroom Baseline,boardroom,36,-6.342524407004823,0.0,-45.43072834185638,0.0,1,0.0,0.0
boardroom,Boardroom Baseline,boardroom,37,-6.331464035574402,0.0,-46.4826998403238,0.0,1,0.0,0.0
boardroom,Boardroom Baseline,boardroom,38,-6.321215212185384,0.0,-47.08326782283883,0.0,1,0.0,0.0
boardroom,Boardroom Baseline,boardroom,39,-6.304840219436803,0.0,-46.20951703259761,0.0,1,0.0,0.0
boardroom,Boardroom Baseline,boardroom,40,-6.293413121634465,0.0,-47.346519557469044,0.0,1,0.0,0.0
boardroom,Boardroom Baseline,boardroom,41,-6.274848189292775,0.0,-46.211912853685604,0.0,1,0.0,0.0
boardroom,Boardroom Baseline,boardroom,42,-6.2555601727420225,0.0,-45.9886976551904,0.0,1,0.0,0.0
boardroom,Boardroom Baseline,boardroom,43,-6.24417414590664,0.0,-47.44466687664602,0.0,1,0.0,0.0
boardroom,Boardroom Baseline,boardroom,44,-6.233133456224635,0.0,-47.851515880429645,0.0,1,0.0,0.0
boardroom,Boardroom Baseline,boardroom,45,-6.224257225473442,0.0,-48.621820808560905,0.0,1,0.0,0.0
boardroom,Boardroom Baseline,boardroom,46,-6.2120298981443,0.0,-47.87669367666259,0.0,1,0.0,0.0
boardroom,Boardroom Baseline,boardroom,47,-6.193718371344296,0.0,-47.55437214084422,0.0,1,0.0,0.0
boardroom,Boardroom Baseline,boardroom,48,-6.181227878519475,0.0,-48.54528293923712,0.0,1,0.0,0.0
boardroom,Boardroom Baseline,boardroom,49,-6.171487838749802,0.0,-49.48423943127007,0.0,1,0.0,0.0
boardroom,Boardroom Baseline,boardroom,50,-11.167072961129744,0.0,-50.8328371085768,0.0,1,0.0,0.0
boardroom,Boardroom Baseline,boardroom,51,-6.135210725294643,0.0,-44.105116398144766,0.0,1,0.0,0.0
boardroom,Boardroom Baseline,boardroom,52,-11.131072501277213,0.0,-49.67972842648009,0.0,1,0.0,0.0
boardroom,Boardroom Baseline,boardroom,53,-6.12210438336268,0.0,-47.17607801208464,0.0,1,0.0,0.0
boardroom,Boardroom Baseline,boardroom,54,-6.11990163184192,0.0,-50.01671033092877,0.0,1,0.0,0.0
boardroom,Boardroom Baseline,boardroom,55,-6.115601066293586,0.0,-50.44409122060531,0.0,1,0.0,0.0
boardroom,Boardroom Baseline,boardroom,56,-6.113668421385677,0.0,-51.77630589115804,0.0,1,0.0,0.0
boardroom,Boardroom Baseline,boardroom,57,-6.10911265040989,0.0,-51.85774179072159,0.0,1,0.0,0.0
boardroom,Boardroom Baseline,boardroom,58,-8.106889343435194,0.0,-53.142100436325094,0.0,1,0.0,0.0
boardroom,Boardroom Baseline,boardroom,59,-13.110611301988074,0.0,-55.06101536022546,0.0,1,0.0,0.0
boardroom,Boardroom Baseline,boardroom,60,-8.089548879880942,0.0,-49.67060213323599,0.0,1,0.0,0.0
boardroom,Boardroom Baseline,boardroom,61,-13.093675924327721,0.0,-54.95918624063826,0.0,1,0.0,0.0
boardroom,Boardroom Baseline,boardroom,62,-8.07287647842643,0.0,-49.70747623995567,0.0,1,0.0,0.0
boardroom,Boardroom Baseline,boardroom,63,-13.076634250889569,0.0,-54.771637579991776,0.0,1,0.0,0.0
boardroom,Boardroom Baseline,boardroom,64,-6.044227311216717,0.0,-47.80666044679279,0.0,1,0.0,0.0
boardroom,Boardroom Baseline,boardroom,65,-6.041406100749775,0.0,-52.90774981948672,0.0,1,0.0,0.0
boardroom,Boardroom Baseline,boardroom,66,-6.036076695754422,0.0,-53.18275461869195,0.0,1,0.0,0.0
boardroom,Boardroom Baseline,boardroom,67,-11.040142098015398,0.0,-55.22153384328959,0.0,1,0.0,0.0
boardroom,Boardroom Baseline,boardroom,68,-11.026597684072916,0.0,-51.51637844449359,0.0,1,0.0,0.0
boardroom,Boardroom Baseline,boardroom,69,-5.994398864488882,0.0,-47.95182868404081,0.0,1,0.0,0.0
boardroom,Boardroom Baseline,boardroom,70,-7.998436836549802,0.0,-53.729390218192,0.0,1,0.0,0.0
boardroom,Boardroom Baseline,boardroom,71,-8.005687050664902,0.0,-55.23703519973766,0.0,1,0.0,0.0
boardroom,Boardroom Baseline,boardroom,72,-23.057931899999865,0.0,-63.689632769146286,0.0,1,0.0,0.0
boardroom,Boardroom Baseline,boardroom,73,-13.069469187943458,0.0,-59.239022322657846,0.0,1,0.0,0.0
boardroom,Boardroom Baseline,boardroom,74,-13.088615564364943,0.0,-61.32023102557936,0.0,1,0.0,0.0
boardroom,Boardroom Baseline,boardroom,75,-13.101488777667216,0.0,-61.53724688478949,0.0,1,0.0,0.0
boardroom,Boardroom Baseline,boardroom,76,-13.143749901974541,0.0,-67.82406385963634,0.0,1,0.0,0.0
boardroom,Boardroom Baseline,boardroom,77,-13.176538354285206,0.0,-69.50603007202258,0.0,1,0.0,0.0
boardroom,Boardroom Baseline,boardroom,78,-13.221577979946456,0.0,-75.01050607136946,0.0,1,0.0,0.0
boardroom,Boardroom Baseline,boardroom,79,-23.271229286649312,0.0,-80.68665811619789,0.0,1,0.0,0.0
boardroom,Boardroom Baseline,boardroom,80,-28.3195060925555,0.0,-86.21665085668943,0.0,1,0.0,0.0
boardroom,Boardroom Baseline,boardroom,81,-28.360167054261478,0.0,-90.63723968116301,0.0,1,0.0,0.0
boardroom,Boardroom Baseline,boardroom,82,-28.39764470588257,0.0,-95.81907986509162,0.0,1,0.0,0.0
boardroom,Boardroom Baseline,boardroom,83,-18.438455215900476,0.0,-103.31483189995488,0.0,1,0.0,0.0
boardroom,Boardroom Baseline,boardroom,84,-28.4798609306751,0.0,-111.62727103135056,0.0,1,0.0,0.0
boardroom,Boardroom Baseline,boardroom,85,-18.515047805372916,0.0,-118.69734475187961,0.0,1,0.0,0.0
boardroom,Boardroom Baseline,boardroom,86,-18.54204651506737,0.0,-124.2266793646895,0.0,1,0.0,0.0
boardroom,Boardroom Baseline,boardroom,87,-18.571464500999223,0.0,-133.38342163834093,0.0,1,0.0,0.0
boardroom,Boardroom Baseline,boardroom,88,-28.596267601397884,0.0,-141.03293639834268,0.0,1,0.0,0.0
boardroom,Boardroom Baseline,boardroom,89,-18.625078363949417,0.0,-152.53871133212252,0.0,1,0.0,0.0
boardroom,Boardroom Baseline,boardroom,90,-13.648734235970688,0.0,-162.3287481608089,0.0,1,0.0,0.0
boardroom,Boardroom Baseline,boardroom,91,-28.678409355084128,0.0,-184.74212825195764,0.0,1,0.0,0.0
boardroom,Boardroom Baseline,boardroom,92,-18.697577874097938,0.0,-189.21996305061893,0.0,1,0.0,0.0
boardroom,Boardroom Baseline,boardroom,93,-18.715233276414544,0.0,-201.9866766001519,0.0,1,0.0,0.0
boardroom,Boardroom Baseline,boardroom,94,-18.729205259013703,0.0,-209.854035938997,0.0,1,0.0,0.0
boardroom,Boardroom Baseline,boardroom,95,-18.74625453370058,0.0,-225.16970800160686,0.0,1,0.0,0.0
boardroom,Boardroom Baseline,boardroom,96,-18.761640329191074,0.0,-241.25110661341802,0.0,1,0.0,0.0
boardroom,Boardroom Baseline,boardroom,97,-18.776445888625304,0.0,-254.9986391790019,0.0,1,0.0,0.0
boardroom,Boardroom Baseline,boardroom,98,-18.79650394297228,0.0,-282.547145535147,0.0,1,0.0,0.0
boardroom,Boardroom Baseline,boardroom,99,-18.812516315473555,0.0,-305.0758632120294,0.0,1,0.0,0.0
boardroom,Boardroom Baseline,boardroom,100,-18.82868600827296,0.0,-337.07417361980566,0.0,1,0.0,0.0
boardroom,Boardroom Baseline,boardroom,101,-18.84588259986894,0.0,-372.17210449545524,0.0,1,0.0,0.0
boardroom,Boardroom Baseline,boardroom,102,-28.858675768938312,0.0,-407.0378282306502,0.0,1,0.0,0.0
boardroom,Boardroom Baseline,boardroom,103,-18.871300495030233,0.0,-443.18746813217473,0.0,1,0.0,0.0
boardroom,Boardroom Baseline,boardroom,104,-18.883455734879583,0.0,-493.5761377141936,0.0,1,0.0,0.0
boardroom,Boardroom Baseline,boardroom,105,-18.901069939056242,0.0,-580.7120584615457,0.0,1,0.0,0.0
boardroom,Boardroom Baseline,boardroom,106,-18.916258648188034,0.0,-683.891021644199,0.0,1,0.0,0.0
boardroom,Boardroom Baseline,boardroom,107,-28.928552050401493,0.0,-798.6316746814999,0.0,1,0.0,0.0
boardroom,Boardroom Baseline,boardroom,108,-28.94153221379853,0.0,-976.595357508863,0.0,1,0.0,0.0
boardroom,Boardroom Baseline,boardroom,109,-18.950688546720375,0.0,-1152.531222238264,0.0,1,0.0,0.0
boardroom,Boardroom Baseline,boardroom,110,-28.95973358324026,0.0,-1411.1312418764194,0.0,1,0.0,0.0
boardroom,Boardroom Baseline,boardroom,111,-28.96788345007913,0.0,-1767.0918972401194,0.0,1,0.0,0.0
boardroom,Boardroom Baseline,boardroom,112,-28.97210813377404,0.0,-2025.268820199096,0.0,1,0.0,0.0
boardroom,Boardroom Baseline,boardroom,113,-18.97493493272473,0.0,-2249.8664903847684,0.0,1,0.0,0.0
boardroom,Boardroom Baseline,boardroom,114,-28.97941976255572,0.0,-2746.4880974748457,0.0,1,0.0,0.0
boardroom,Boardroom Baseline,boardroom,115,-18.978896188920544,0.0,-2659.0639088216526,0.0,1,0.0,0.0
boardroom,Boardroom Baseline,boardroom,116,-28.98154781987411,0.0,-3057.403033689013,0.0,1,0.0,0.0
boardroom,Boardroom Baseline,boardroom,117,-18.981584498798508,0.0,-3051.797562386856,0.0,1,0.0,0.0
boardroom,Boardroom Baseline,boardroom,118,-28.984314183243136,0.0,-3598.2251454461148,0.0,1,0.0,0.0
boardroom,Boardroom Baseline,boardroom,119,-18.984359716590784,0.0,-3594.828150684799,0.0,1,0.0,0.0
oracle_v1,Oracle v1,oracle_v1,0,-6.923129878387716,0.0,-46.688894105769556,0.0,1,0.0,0.0
oracle_v1,Oracle v1,oracle_v1,1,-6.898906391715401,0.0,-52.766098962323355,0.0,1,0.0,0.0
oracle_v1,Oracle v1,oracle_v1,2,-6.877772487748173,0.0,-55.34596307296199,0.0,1,0.0,0.0
oracle_v1,Oracle v1,oracle_v1,3,-6.833676538420065,0.0,-24.76835197611029,0.0,1,0.0,0.0
oracle_v1,Oracle v1,oracle_v1,4,-6.784178103970042,0.0,-20.836931734567827,0.0,1,0.0,0.0
oracle_v1,Oracle v1,oracle_v1,5,-6.768504836930098,0.0,-43.36527751740939,0.0,1,0.0,0.0
oracle_v1,Oracle v1,oracle_v1,6,-6.720844795226493,0.0,-17.81365549584676,0.0,1,0.0,0.0
oracle_v1,Oracle v1,oracle_v1,7,-6.6842071315699805,0.0,-26.521762389589657,0.0,1,0.0,0.0
oracle_v1,Oracle v1,oracle_v1,8,-6.661830057240518,0.0,-32.302482557218724,0.0,1,0.0,0.0
oracle_v1,Oracle v1,oracle_v1,9,-6.623400298656263,0.0,-26.129354045577657,0.0,1,0.0,0.0
oracle_v1,Oracle v1,oracle_v1,10,-6.596433616413052,0.0,-30.196357964494744,0.0,1,0.0,0.0
oracle_v1,Oracle v1,oracle_v1,11,-6.5754561461042,0.0,-32.19740784563007,0.0,1,0.0,0.0
oracle_v1,Oracle v1,oracle_v1,12,-6.5522600301262734,0.0,-31.78105826653586,0.0,1,0.0,0.0
oracle_v1,Oracle v1,oracle_v1,13,-6.52786896555127,0.0,-31.567551780851637,0.0,1,0.0,0.0
oracle_v1,Oracle v1,oracle_v1,14,-6.471340552980719,0.0,-22.597424798175012,0.0,1,0.0,0.0
oracle_v1,Oracle v1,oracle_v1,15,-6.425223853087793,0.0,-24.46524436776501,0.0,1,0.0,0.0
oracle_v1,Oracle v1,oracle_v1,16,-6.399748674729373,0.0,-28.680605232477284,0.0,1,0.0,0.0
oracle_v1,Oracle v1,oracle_v1,17,-6.377521366604437,0.0,-29.512597660690318,0.0,1,0.0,0.0
oracle_v1,Oracle v1,oracle_v1,18,-6.337657806756521,0.0,-26.020322687243333,0.0,1,0.0,0.0
oracle_v1,Oracle v1,oracle_v1,19,-6.302445699494491,0.0,-26.61813006581377,0.0,1,0.0,0.0
oracle_v1,Oracle v1,oracle_v1,20,-6.24957691278101,0.0,-22.963605997493715,0.0,1,0.0,0.0
oracle_v1,Oracle v1,oracle_v1,21,-6.23190591258676,0.0,-28.52682839310704,0.0,1,0.0,0.0
oracle_v1,Oracle v1,oracle_v1,22,-6.211069300323291,0.0,-28.367274696460015,0.0,1,0.0,0.0
oracle_v1,Oracle v1,oracle_v1,23,-6.1785915791310595,0.0,-26.708427946799965,0.0,1,0.0,0.0
oracle_v1,Oracle v1,oracle_v1,24,-6.161712682697985,0.0,-29.10389537289731,0.0,1,0.0,0.0
oracle_v1,Oracle v1,oracle_v1,25,-6.145075612651896,0.0,-27.941973098731264,0.0,1,0.0,0.0
oracle_v1,Oracle v1,oracle_v1,26,-6.129486189924849,0.0,-28.48620016489904,0.0,1,0.0,0.0
oracle_v1,Oracle v1,oracle_v1,27,-6.113813589604966,0.0,-28.87600504007851,0.0,1,0.0,0.0
oracle_v1,Oracle v1,oracle_v1,28,-6.098192140491749,0.0,-29.269336867754863,0.0,1,0.0,0.0
oracle_v1,Oracle v1,oracle_v1,29,-6.07817151903125,0.0,-29.026122825023393,0.0,1,0.0,0.0
oracle_v1,Oracle v1,oracle_v1,30,-6.044481264703726,0.0,-29.083249839163308,0.0,1,0.0,0.0
oracle_v1,Oracle v1,oracle_v1,31,-6.022569955435751,0.0,-30.52941507880901,0.0,1,0.0,0.0
oracle_v1,Oracle v1,oracle_v1,32,-6.005715220343559,0.0,-31.395628035924524,0.0,1,0.0,0.0
oracle_v1,Oracle v1,oracle_v1,33,-5.988014449735006,0.0,-30.432957728848855,0.0,1,0.0,0.0
oracle_v1,Oracle v1,oracle_v1,34,-5.965708156624572,0.0,-31.18165914876861,0.0,1,0.0,0.0
oracle_v1,Oracle v1,oracle_v1,35,-5.941611220531023,0.0,-31.051820253056288,0.0,1,0.0,0.0
oracle_v1,Oracle v1,oracle_v1,36,-5.919243460701074,0.0,-31.317585455952493,0.0,1,0.0,0.0
oracle_v1,Oracle v1,oracle_v1,37,-5.90105348491497,0.0,-31.922499950059635,0.0,1,0.0,0.0
oracle_v1,Oracle v1,oracle_v1,38,-5.884864063887125,0.0,-31.53501982593119,0.0,1,0.0,0.0
oracle_v1,Oracle v1,oracle_v1,39,-5.8599374444620045,0.0,-31.613299464711716,0.0,1,0.0,0.0
oracle_v1,Oracle v1,oracle_v1,40,-5.842865371926242,0.0,-32.13733904509758,0.0,1,0.0,0.0
oracle_v1,Oracle v1,oracle_v1,41,-5.816357812441338,0.0,-31.266645535129847,0.0,1,0.0,0.0
oracle_v1,Oracle v1,oracle_v1,42,-5.789898855322997,0.0,-31.249419525713726,0.0,1,0.0,0.0
oracle_v1,Oracle v1,oracle_v1,43,-5.772332372085943,0.0,-32.20566407338042,0.0,1,0.0,0.0
oracle_v1,Oracle v1,oracle_v1,44,-5.7576504896532175,0.0,-32.172579753913915,0.0,1,0.0,0.0
oracle_v1,Oracle v1,oracle_v1,45,-10.744858835986633,0.0,-33.16572279246574,0.0,1,0.0,0.0
oracle_v1,Oracle v1,oracle_v1,46,-5.702441725545688,0.0,-28.457468684007207,0.0,1,0.0,0.0
oracle_v1,Oracle v1,oracle_v1,47,-5.6791229685722,0.0,-31.30209442264914,0.0,1,0.0,0.0
oracle_v1,Oracle v1,oracle_v1,48,-5.664609749048602,0.0,-32.23981268821176,0.0,1,0.0,0.0
oracle_v1,Oracle v1,oracle_v1,49,-5.6539767587176275,0.0,-32.53956815185118,0.0,1,0.0,0.0
oracle_v1,Oracle v1,oracle_v1,50,-10.649831568652958,0.0,-33.53377984501586,0.0,1,0.0,0.0
oracle_v1,Oracle v1,oracle_v1,51,-5.601688828654394,0.0,-28.401690466315998,0.0,1,0.0,0.0
oracle_v1,Oracle v1,oracle_v1,52,-10.597762472981614,0.0,-32.94939936577679,0.0,1,0.0,0.0
oracle_v1,Oracle v1,oracle_v1,53,-10.586434886957178,0.0,-31.454204242798152,0.0,1,0.0,0.0
oracle_v1,Oracle v1,oracle_v1,54,-10.55249976855781,0.0,-29.12790795803572,0.0,1,0.0,0.0
oracle_v1,Oracle v1,oracle_v1,55,-5.533936873088945,0.0,-29.8932612161241,0.0,1,0.0,0.0
oracle_v1,Oracle v1,oracle_v1,56,-10.534569401559729,0.0,-32.485915204801465,0.0,1,0.0,0.0
oracle_v1,Oracle v1,oracle_v1,57,-5.51472440983272,0.0,-29.980961380613827,0.0,1,0.0,0.0
oracle_v1,Oracle v1,oracle_v1,58,-7.517582919963269,0.0,-32.829056719982695,0.0,1,0.0,0.0
oracle_v1,Oracle v1,oracle_v1,59,-12.524728155874262,0.0,-34.50205733749058,0.0,1,0.0,0.0
oracle_v1,Oracle v1,oracle_v1,60,-7.494480101041199,0.0,-30.44511036313494,0.0,1,0.0,0.0
oracle_v1,Oracle v1,oracle_v1,61,-12.50214467666277,0.0,-34.41293330193733,0.0,1,0.0,0.0
oracle_v1,Oracle v1,oracle_v1,62,-7.4712901689855,0.0,-30.49545528517067,0.0,1,0.0,0.0
oracle_v1,Oracle v1,oracle_v1,63,-12.478397896870513,0.0,-34.395909159660555,0.0,1,0.0,0.0
oracle_v1,Oracle v1,oracle_v1,64,-5.426582735207603,0.0,-28.763661571907033,0.0,1,0.0,0.0
oracle_v1,Oracle v1,oracle_v1,65,-5.4257624040235655,0.0,-33.309303993036345,0.0,1,0.0,0.0
oracle_v1,Oracle v1,oracle_v1,66,-5.423077991688705,0.0,-33.64248575962892,0.0,1,0.0,0.0
oracle_v1,Oracle v1,oracle_v1,67,-10.430596360656974,0.0,-34.96493506699288,0.0,1,0.0,0.0
oracle_v1,Oracle v1,oracle_v1,68,-10.409304781080106,0.0,-32.03175764525558,0.0,1,0.0,0.0
oracle_v1,Oracle v1,oracle_v1,69,-5.361133676580084,0.0,-29.40471867508034,0.0,1,0.0,0.0
oracle_v1,Oracle v1,oracle_v1,70,-7.373167898109903,0.0,-34.26310434064717,0.0,1,0.0,0.0
oracle_v1,Oracle v1,oracle_v1,71,-7.394062785203693,0.0,-35.5657214861391,0.0,1,0.0,0.0
oracle_v1,Oracle v1,oracle_v1,72,-22.48215653666411,0.0,-42.256011566240026,0.0,1,0.0,0.0
oracle_v1,Oracle v1,oracle_v1,73,-12.503701189188966,0.0,-39.298347851184914,0.0,1,0.0,0.0
oracle_v1,Oracle v1,oracle_v1,74,-12.538062943314232,0.0,-40.18973506075016,0.0,1,0.0,0.0
oracle_v1,Oracle v1,oracle_v1,75,-12.562661939960972,0.0,-40.21488358701286,0.0,1,0.0,0.0
oracle_v1,Oracle v1,oracle_v1,76,-22.632033680617212,0.0,-45.31693015055334,0.0,1,0.0,0.0
oracle_v1,Oracle v1,oracle_v1,77,-12.686908109458706,0.0,-46.18863933983745,0.0,1,0.0,0.0
oracle_v1,Oracle v1,oracle_v1,78,-22.763018942417006,0.0,-50.06949221501302,0.0,1,0.0,0.0
oracle_v1,Oracle v1,oracle_v1,79,-22.842482012396154,0.0,-55.59802499012839,0.0,1,0.0,0.0
oracle_v1,Oracle v1,oracle_v1,80,-27.921194895821724,0.0,-57.559446920613226,0.0,1,0.0,0.0
oracle_v1,Oracle v1,oracle_v1,81,-27.987070698061906,0.0,-60.19036722509931,0.0,1,0.0,0.0
oracle_v1,Oracle v1,oracle_v1,82,-28.047545950426276,0.0,-63.52816252446533,0.0,1,0.0,0.0
oracle_v1,Oracle v1,oracle_v1,83,-18.114182157820796,0.0,-71.35793757279092,0.0,1,0.0,0.0
oracle_v1,Oracle v1,oracle_v1,84,-28.179563911288213,0.0,-76.79220308445375,0.0,1,0.0,0.0
oracle_v1,Oracle v1,oracle_v1,85,-28.23595426524046,0.0,-79.21039148163051,0.0,1,0.0,0.0
oracle_v1,Oracle v1,oracle_v1,86,-18.27975804124519,0.0,-82.37481845848113,0.0,1,0.0,0.0
oracle_v1,Oracle v1,oracle_v1,87,-18.327240719058636,0.0,-88.57508072379305,0.0,1,0.0,0.0
oracle_v1,Oracle v1,oracle_v1,88,-28.366482945923398,0.0,-94.99018405355048,0.0,1,0.0,0.0
oracle_v1,Oracle v1,oracle_v1,89,-18.412297929844737,0.0,-103.28281672154858,0.0,1,0.0,0.0
oracle_v1,Oracle v1,oracle_v1,90,-18.45289000994996,0.0,-110.50780149614268,0.0,1,0.0,0.0
oracle_v1,Oracle v1,oracle_v1,91,-28.49679782893156,0.0,-120.58542429749897,0.0,1,0.0,0.0
oracle_v1,Oracle v1,oracle_v1,92,-18.52788488609845,0.0,-122.55174069231936,0.0,1,0.0,0.0
oracle_v1,Oracle v1,oracle_v1,93,-18.557386422505502,0.0,-130.42217988561646,0.0,1,0.0,0.0
oracle_v1,Oracle v1,oracle_v1,94,-18.579625054682648,0.0,-135.80579247005497,0.0,1,0.0,0.0
oracle_v1,Oracle v1,oracle_v1,95,-18.607037969845084,0.0,-146.49085926837174,0.0,1,0.0,0.0
oracle_v1,Oracle v1,oracle_v1,96,-18.63440843273629,0.0,-157.4420489728709,0.0,1,0.0,0.0
oracle_v1,Oracle v1,oracle_v1,97,-18.65784546044451,0.0,-167.2116993666785,0.0,1,0.0,0.0
oracle_v1,Oracle v1,oracle_v1,98,-28.688952873234793,0.0,-186.00385199602198,0.0,1,0.0,0.0
oracle_v1,Oracle v1,oracle_v1,99,-18.7152060057686,0.0,-201.62523431337732,0.0,1,0.0,0.0
oracle_v1,Oracle v1,oracle_v1,100,-18.744342895007016,0.0,-225.41664427834218,0.0,1,0.0,0.0
oracle_v1,Oracle v1,oracle_v1,101,-18.771917626165102,0.0,-251.92838977474253,0.0,1,0.0,0.0
oracle_v1,Oracle v1,oracle_v1,102,-18.79342536129875,0.0,-282.4941802973915,0.0,1,0.0,0.0
oracle_v1,Oracle v1,oracle_v1,103,-18.81399375366682,0.0,-313.10455311784347,0.0,1,0.0,0.0
oracle_v1,Oracle v1,oracle_v1,104,-18.83699256657791,0.0,-350.318946736591,0.0,1,0.0,0.0
oracle_v1,Oracle v1,oracle_v1,105,-18.863435278013718,0.0,-419.8652479617306,0.0,1,0.0,0.0
oracle_v1,Oracle v1,oracle_v1,106,-18.885668848112076,0.0,-498.69799198764713,0.0,1,0.0,0.0
oracle_v1,Oracle v1,oracle_v1,107,-28.90314094677437,0.0,-585.0262849167214,0.0,1,0.0,0.0
oracle_v1,Oracle v1,oracle_v1,108,-28.921532518755587,0.0,-738.5315593238274,0.0,1,0.0,0.0
oracle_v1,Oracle v1,oracle_v1,109,-18.934811183247504,0.0,-883.1628867310288,0.0,1,0.0,0.0
oracle_v1,Oracle v1,oracle_v1,110,-28.947259843168265,0.0,-1066.6043512818298,0.0,1,0.0,0.0
oracle_v1,Oracle v1,oracle_v1,111,-28.95824798980688,0.0,-1344.571797740978,0.0,1,0.0,0.0
oracle_v1,Oracle v1,oracle_v1,112,-28.96447992238013,0.0,-1596.9542860967185,0.0,1,0.0,0.0
oracle_v1,Oracle v1,oracle_v1,113,-18.968867823515122,0.0,-1817.5622960748428,0.0,1,0.0,0.0
oracle_v1,Oracle v1,oracle_v1,114,-28.97469149964801,0.0,-2204.389212952602,0.0,1,0.0,0.0
oracle_v1,Oracle v1,oracle_v1,115,-18.975201243939583,0.0,-2233.341253777603,0.0,1,0.0,0.0
oracle_v1,Oracle v1,oracle_v1,116,-28.97860198720086,0.0,-2600.430764818351,0.0,1,0.0,0.0
oracle_v1,Oracle v1,oracle_v1,117,-18.979266999921176,0.0,-2673.5306441588955,0.0,1,0.0,0.0
oracle_v1,Oracle v1,oracle_v1,118,-28.982501598295315,0.0,-3180.4627551975505,0.0,1,0.0,0.0
oracle_v1,Oracle v1,oracle_v1,119,-18.98293022626741,0.0,-3247.5493931964065,0.0,1,0.0,0.0
oracle_v3,Oracle v3,oracle_v3,0,-6.923129878387716,0.0,-46.688894105769556,0.0,1,0.0,0.0
oracle_v3,Oracle v3,oracle_v3,1,-6.898906391715401,0.0,-52.766098962323355,0.0,1,0.0,0.0
oracle_v3,Oracle v3,oracle_v3,2,-6.877772487748173,0.0,-55.34596307296199,0.0,1,0.0,0.0
oracle_v3,Oracle v3,oracle_v3,3,-6.833676538420065,0.0,-24.76835197611029,0.0,1,0.0,0.0
oracle_v3,Oracle v3,oracle_v3,4,-6.784178103970042,0.0,-20.836931734567827,0.0,1,0.0,0.0
oracle_v3,Oracle v3,oracle_v3,5,-6.768504836930098,0.0,-43.36527751740939,0.0,1,0.0,0.0
oracle_v3,Oracle v3,oracle_v3,6,-6.720844795226493,0.0,-17.81365549584676,0.0,1,0.0,0.0
oracle_v3,Oracle v3,oracle_v3,7,-6.6842071315699805,0.0,-26.521762389589657,0.0,1,0.0,0.0
oracle_v3,Oracle v3,oracle_v3,8,-6.661830057240518,0.0,-32.302482557218724,0.0,1,0.0,0.0
oracle_v3,Oracle v3,oracle_v3,9,-6.623400298656263,0.0,-26.129354045577657,0.0,1,0.0,0.0
oracle_v3,Oracle v3,oracle_v3,10,-6.605375464228159,0.0,-30.995908496382945,0.0,1,0.0,0.0
oracle_v3,Oracle v3,oracle_v3,11,-6.593360727755,0.0,-33.647626351983675,0.0,1,0.0,0.0
oracle_v3,Oracle v3,oracle_v3,12,-6.579846415921472,0.0,-34.09266441746588,0.0,1,0.0,0.0
oracle_v3,Oracle v3,oracle_v3,13,-6.56624484460419,0.0,-34.8498698165939,0.0,1,0.0,0.0
oracle_v3,Oracle v3,oracle_v3,14,-6.525780558375036,0.0,-27.19539890097434,0.0,1,0.0,0.0
oracle_v3,Oracle v3,oracle_v3,15,-6.4886099597275875,0.0,-27.595545176943446,0.0,1,0.0,0.0
oracle_v3,Oracle v3,oracle_v3,16,-6.471067990614899,0.0,-32.3408857917801,0.0,1,0.0,0.0
oracle_v3,Oracle v3,oracle_v3,17,-6.455229463526444,0.0,-33.20520959664863,0.0,1,0.0,0.0
oracle_v3,Oracle v3,oracle_v3,18,-6.426978148885036,0.0,-30.625114384592855,0.0,1,0.0,0.0
oracle_v3,Oracle v3,oracle_v3,19,-6.401153362115732,0.0,-31.095832766166176,0.0,1,0.0,0.0
oracle_v3,Oracle v3,oracle_v3,20,-6.373033467542175,0.0,-29.596426098254774,0.0,1,0.0,0.0
oracle_v3,Oracle v3,oracle_v3,21,-6.3575114167617865,0.0,-34.686011498466534,0.0,1,0.0,0.0
oracle_v3,Oracle v3,oracle_v3,22,-6.338827987581395,0.0,-34.413625571290204,0.0,1,0.0,0.0
oracle_v3,Oracle v3,oracle_v3,23,-6.30839726816846,0.0,-32.23363409247323,0.0,1,0.0,0.0
oracle_v3,Oracle v3,oracle_v3,24,-6.293068123304788,0.0,-34.95260263074816,0.0,1,0.0,0.0
oracle_v3,Oracle v3,oracle_v3,25,-6.278217391380058,0.0,-33.22846676964499,0.0,1,0.0,0.0
oracle_v3,Oracle v3,oracle_v3,26,-6.264394363929598,0.0,-33.83772939118099,0.0,1,0.0,0.0
oracle_v3,Oracle v3,oracle_v3,27,-6.250559562135411,0.0,-34.27957568002347,0.0,1,0.0,0.0
oracle_v3,Oracle v3,oracle_v3,28,-6.23672426135306,0.0,-34.70689221682255,0.0,1,0.0,0.0
oracle_v3,Oracle v3,oracle_v3,29,-6.219135040329035,0.0,-34.449675688380005,0.0,1,0.0,0.0
oracle_v3,Oracle v3,oracle_v3,30,-6.188733219279648,0.0,-34.41217312181397,0.0,1,0.0,0.0
oracle_v3,Oracle v3,oracle_v3,31,-6.170240081017463,0.0,-36.13639279018706,0.0,1,0.0,0.0
oracle_v3,Oracle v3,oracle_v3,32,-6.15654647178894,0.0,-37.09041379676726,0.0,1,0.0,0.0
oracle_v3,Oracle v3,oracle_v3,33,-6.142417380998198,0.0,-35.507167462779854,0.0,1,0.0,0.0
oracle_v3,Oracle v3,oracle_v3,34,-6.123300386971044,0.0,-36.86745727243841,0.0,1,0.0,0.0
oracle_v3,Oracle v3,oracle_v3,35,-6.102519480788265,0.0,-36.71238597446643,0.0,1,0.0,0.0
oracle_v3,Oracle v3,oracle_v3,36,-6.083535631872252,0.0,-37.030855677741435,0.0,1,0.0,0.0
oracle_v3,Oracle v3,oracle_v3,37,-6.068848136490086,0.0,-37.78514899660752,0.0,1,0.0,0.0
oracle_v3,Oracle v3,oracle_v3,38,-6.0563907516053055,0.0,-36.87956558919035,0.0,1,0.0,0.0
oracle_v3,Oracle v3,oracle_v3,39,-6.035408320640082,0.0,-37.45740337242486,0.0,1,0.0,0.0
oracle_v3,Oracle v3,oracle_v3,40,-6.020771967633329,0.0,-37.298928174035126,0.0,1,0.0,0.0
oracle_v3,Oracle v3,oracle_v3,41,-5.998471794737726,0.0,-36.473459109684924,0.0,1,0.0,0.0
oracle_v3,Oracle v3,oracle_v3,42,-5.975588046639422,0.0,-36.381202288783086,0.0,1,0.0,0.0
oracle_v3,Oracle v3,oracle_v3,43,-5.960811780677255,0.0,-37.4437076757064,0.0,1,0.0,0.0
oracle_v3,Oracle v3,oracle_v3,44,-5.947661652808202,0.0,-37.89498581309424,0.0,1,0.0,0.0
oracle_v3,Oracle v3,oracle_v3,45,-5.936740663747565,0.0,-38.47280346553266,0.0,1,0.0,0.0
oracle_v3,Oracle v3,oracle_v3,46,-5.921101854796518,0.0,-38.131158001831544,0.0,1,0.0,0.0
oracle_v3,Oracle v3,oracle_v3,47,-5.900507304746768,0.0,-37.75489665554122,0.0,1,0.0,0.0
oracle_v3,Oracle v3,oracle_v3,48,-5.887625557029164,0.0,-38.75199860805847,0.0,1,0.0,0.0
oracle_v3,Oracle v3,oracle_v3,49,-5.875736335006403,0.0,-40.51937499000015,0.0,1,0.0,0.0
oracle_v3,Oracle v3,oracle_v3,50,-10.869563715781274,0.0,-41.54079163120069,0.0,1,0.0,0.0
oracle_v3,Oracle v3,oracle_v3,51,-5.826235051052773,0.0,-35.86175644037156,0.0,1,0.0,0.0
oracle_v3,Oracle v3,oracle_v3,52,-10.820188289867883,0.0,-40.575186738408945,0.0,1,0.0,0.0
oracle_v3,Oracle v3,oracle_v3,53,-10.80769749996956,0.0,-38.77259505957836,0.0,1,0.0,0.0
oracle_v3,Oracle v3,oracle_v3,54,-5.776161676288908,0.0,-36.31354657764918,0.0,1,0.0,0.0
oracle_v3,Oracle v3,oracle_v3,55,-5.770170605958583,0.0,-39.79408453044607,0.0,1,0.0,0.0
oracle_v3,Oracle v3,oracle_v3,56,-10.76780048735105,0.0,-40.67238114541187,0.0,1,0.0,0.0
oracle_v3,Oracle v3,oracle_v3,57,-5.747668045843731,0.0,-37.77956726984719,0.0,1,0.0,0.0
oracle_v3,Oracle v3,oracle_v3,58,-7.746522789196572,0.0,-40.75409679218488,0.0,1,0.0,0.0
oracle_v3,Oracle v3,oracle_v3,59,-12.752214739921264,0.0,-41.38978594484996,0.0,1,0.0,0.0
oracle_v3,Oracle v3,oracle_v3,60,-7.725229873655886,0.0,-37.310825592636235,0.0,1,0.0,0.0
oracle_v3,Oracle v3,oracle_v3,61,-12.731388449161921,0.0,-41.60960262642965,0.0,1,0.0,0.0
oracle_v3,Oracle v3,oracle_v3,62,-7.704188977336024,0.0,-37.33797479841764,0.0,1,0.0,0.0
oracle_v3,Oracle v3,oracle_v3,63,-12.70985846886225,0.0,-41.53039752847236,0.0,1,0.0,0.0
oracle_v3,Oracle v3,oracle_v3,64,-5.665289457512521,0.0,-35.50838407660631,0.0,1,0.0,0.0
oracle_v3,Oracle v3,oracle_v3,65,-5.663491047848562,0.0,-40.18928396372498,0.0,1,0.0,0.0
oracle_v3,Oracle v3,oracle_v3,66,-5.659595574532401,0.0,-40.51488800069546,0.0,1,0.0,0.0
oracle_v3,Oracle v3,oracle_v3,67,-10.665613458495612,0.0,-42.04471021785821,0.0,1,0.0,0.0
oracle_v3,Oracle v3,oracle_v3,68,-10.647121735304747,0.0,-38.89335544211556,0.0,1,0.0,0.0
oracle_v3,Oracle v3,oracle_v3,69,-5.6048391132036794,0.0,-35.95954088306685,0.0,1,0.0,0.0
oracle_v3,Oracle v3,oracle_v3,70,-7.612277793520981,0.0,-41.423205327625084,0.0,1,0.0,0.0
oracle_v3,Oracle v3,oracle_v3,71,-7.625671311655792,0.0,-42.40169767719601,0.0,1,0.0,0.0
oracle_v3,Oracle v3,oracle_v3,72,-22.69850115823852,0.0,-49.38244470205186,0.0,1,0.0,0.0
oracle_v3,Oracle v3,oracle_v3,73,-12.717857409027935,0.0,-45.16645497827335,0.0,1,0.0,0.0
oracle_v3,Oracle v3,oracle_v3,74,-12.747453847753565,0.0,-47.0646209547548,0.0,1,0.0,0.0
oracle_v3,Oracle v3,oracle_v3,75,-12.768342487684253,0.0,-47.171490330947265,0.0,1,0.0,0.0
oracle_v3,Oracle v3,oracle_v3,76,-22.828453264591108,0.0,-52.72177499171154,0.0,1,0.0,0.0
oracle_v3,Oracle v3,oracle_v3,77,-12.875905719683553,0.0,-53.900261901934655,0.0,1,0.0,0.0
oracle_v3,Oracle v3,oracle_v3,78,-12.938972087917882,0.0,-60.38181740554053,0.0,1,0.0,0.0
oracle_v3,Oracle v3,oracle_v3,79,-23.00691176710011,0.0,-64.97465187984743,0.0,1,0.0,0.0
oracle_v3,Oracle v3,oracle_v3,80,-28.07308717975258,0.0,-69.45588154898516,0.0,1,0.0,0.0
oracle_v3,Oracle v3,oracle_v3,81,-28.128592728605113,0.0,-72.8188140076783,0.0,1,0.0,0.0
oracle_v3,Oracle v3,oracle_v3,82,-28.179623327513852,0.0,-76.90381907199557,0.0,1,0.0,0.0
oracle_v3,Oracle v3,oracle_v3,83,-18.23616814254903,0.0,-83.26872379835406,0.0,1,0.0,0.0
oracle_v3,Oracle v3,oracle_v3,84,-28.29224126003268,0.0,-89.70554696696412,0.0,1,0.0,0.0
oracle_v3,Oracle v3,oracle_v3,85,-18.34037501428547,0.0,-94.69621838319301,0.0,1,0.0,0.0
oracle_v3,Oracle v3,oracle_v3,86,-18.377551161508606,0.0,-98.71820874871914,0.0,1,0.0,0.0
oracle_v3,Oracle v3,oracle_v3,87,-18.4178653047235,0.0,-105.9689945631151,0.0,1,0.0,0.0
oracle_v3,Oracle v3,oracle_v3,88,-28.45173100586159,0.0,-108.88056923686636,0.0,1,0.0,0.0
oracle_v3,Oracle v3,oracle_v3,89,-18.491271293279254,0.0,-118.22487654867116,0.0,1,0.0,0.0
oracle_v3,Oracle v3,oracle_v3,90,-13.526022085216056,0.0,-125.88913612863368,0.0,1,0.0,0.0
oracle_v3,Oracle v3,oracle_v3,91,-28.56634586077386,0.0,-142.71875084192015,0.0,1,0.0,0.0
oracle_v3,Oracle v3,oracle_v3,92,-18.59221479345058,0.0,-150.2901752901081,0.0,1,0.0,0.0
oracle_v3,Oracle v3,oracle_v3,93,-18.616898974756335,0.0,-159.63336470546716,0.0,1,0.0,0.0
oracle_v3,Oracle v3,oracle_v3,94,-18.635332940986366,0.0,-166.10904077524586,0.0,1,0.0,0.0
oracle_v3,Oracle v3,oracle_v3,95,-18.65872836385966,0.0,-174.23089696780318,0.0,1,0.0,0.0
oracle_v3,Oracle v3,oracle_v3,96,-18.682020473307816,0.0,-186.99516152538357,0.0,1,0.0,0.0
oracle_v3,Oracle v3,oracle_v3,97,-18.702113243581937,0.0,-198.69278350999784,0.0,1,0.0,0.0
oracle_v3,Oracle v3,oracle_v3,98,-28.729015995069048,0.0,-220.56715426150333,0.0,1,0.0,0.0
oracle_v3,Oracle v3,oracle_v3,99,-18.751454632292635,0.0,-238.91176367565677,0.0,1,0.0,0.0
oracle_v3,Oracle v3,oracle_v3,100,-18.775764209051836,0.0,-271.82302648286145,0.0,1,0.0,0.0
oracle_v3,Oracle v3,oracle_v3,101,-18.798759946521866,0.0,-302.3313035344574,0.0,1,0.0,0.0
oracle_v3,Oracle v3,oracle_v3,102,-18.817884232501573,0.0,-325.4110896912672,0.0,1,0.0,0.0
oracle_v3,Oracle v3,oracle_v3,103,-18.83561572070318,0.0,-359.8144685643968,0.0,1,0.0,0.0
oracle_v3,Oracle v3,oracle_v3,104,-18.855397385973202,0.0,-409.5298818328304,0.0,1,0.0,0.0
oracle_v3,Oracle v3,oracle_v3,105,-18.878248279458038,0.0,-488.1908132199783,0.0,1,0.0,0.0
oracle_v3,Oracle v3,oracle_v3,106,-18.897629915620445,0.0,-578.062152134407,0.0,1,0.0,0.0
oracle_v3,Oracle v3,oracle_v3,107,-28.912851457105013,0.0,-686.6129698690618,0.0,1,0.0,0.0
oracle_v3,Oracle v3,oracle_v3,108,-28.929085719998998,0.0,-844.2943794302658,0.0,1,0.0,0.0
oracle_v3,Oracle v3,oracle_v3,109,-18.940735294351597,0.0,-1004.5508769184443,0.0,1,0.0,0.0
oracle_v3,Oracle v3,oracle_v3,110,-28.95168901583259,0.0,-1253.6681767328303,0.0,1,0.0,0.0
oracle_v3,Oracle v3,oracle_v3,111,-28.961618935653966,0.0,-1522.5548283167366,0.0,1,0.0,0.0
oracle_v3,Oracle v3,oracle_v3,112,-28.96709210183797,0.0,-1794.5338778139842,0.0,1,0.0,0.0
oracle_v3,Oracle v3,oracle_v3,113,-18.970896745857974,0.0,-2024.8073392530093,0.0,1,0.0,0.0
oracle_v3,Oracle v3,oracle_v3,114,-28.97624192185265,0.0,-2447.0184466595656,0.0,1,0.0,0.0
oracle_v3,Oracle v3,oracle_v3,115,-18.97638812765761,0.0,-2445.109425231409,0.0,1,0.0,0.0
oracle_v3,Oracle v3,oracle_v3,116,-28.97952347994765,0.0,-2832.9307411974055,0.0,1,0.0,0.0
oracle_v3,Oracle v3,oracle_v3,117,-18.979971171785106,0.0,-2885.6776124066328,0.0,1,0.0,0.0
oracle_v3,Oracle v3,oracle_v3,118,-28.98303250975022,0.0,-3419.915661939999,0.0,1,0.0,0.0
oracle_v3,Oracle v3,oracle_v3,119,-18.98333236846191,0.0,-3468.4881277258874,0.0,1,0.0,0.0
