scenario_id,scenario_label,policy,episode,seed,month,retrieval_rank,document,source_month,stored_global_month,realized_outcome,outcome_bucket,memory_weight,similarity_score,recency_factor
oracle_v3,Oracle v3,oracle_v3,0,0,10,1,"Episode month 3: MRR 122,228, avg churn 0.030, innovation 1.000. Trends were MRR INCREASING, innovation FLAT, churn FLAT. After 6 months the realized outcome was GROWTH.",3,9,GROWTH,POSITIVE,0.6963300452182452,0.7021327955950638,0.9917355371900827
oracle_v3,Oracle v3,oracle_v3,0,0,10,2,"Episode month 4: MRR 166,323, avg churn 0.030, innovation 1.000. Trends were MRR INCREASING, innovation FLAT, churn FLAT. After 6 months the realized outcome was GROWTH.",4,10,GROWTH,POSITIVE,0.6860054161713973,0.6860054161713973,1.0
oracle_v3,Oracle v3,oracle_v3,0,0,10,3,"Episode month 1: MRR 76,870, avg churn 0.030, innovation 1.000. Trends were MRR INCREASING, innovation FLAT, churn FLAT. After 6 months the realized outcome was GROWTH.",1,7,GROWTH,POSITIVE,0.6829431403962151,0.7000167189061204,0.9756097560975611
oracle_v3,Oracle v3,oracle_v3,0,0,11,1,"Episode month 3: MRR 122,228, avg churn 0.030, innovation 1.000. Trends were MRR INCREASING, innovation FLAT, churn FLAT. After 6 months the realized outcome was GROWTH.",3,9,GROWTH,POSITIVE,0.6963300452182452,0.7021327955950638,0.9917355371900827
oracle_v3,Oracle v3,oracle_v3,0,0,11,2,"Episode month 4: MRR 166,323, avg churn 0.030, innovation 1.000. Trends were MRR INCREASING, innovation FLAT, churn FLAT. After 6 months the realized outcome was GROWTH.",4,10,GROWTH,POSITIVE,0.6860054161713973,0.6860054161713973,1.0
oracle_v3,Oracle v3,oracle_v3,0,0,11,3,"Episode month 1: MRR 76,870, avg churn 0.030, innovation 1.000. Trends were MRR INCREASING, innovation FLAT, churn FLAT. After 6 months the realized outcome was GROWTH.",1,7,GROWTH,POSITIVE,0.6829431403962151,0.7000167189061204,0.9756097560975611
oracle_v3,Oracle v3,oracle_v3,0,0,12,1,"Episode month 3: MRR 122,228, avg churn 0.030, innovation 1.000. Trends were MRR INCREASING, innovation FLAT, churn FLAT. After 6 months the realized outcome was GROWTH.",3,9,GROWTH,POSITIVE,0.6963300452182452,0.7021327955950638,0.9917355371900827
oracle_v3,Oracle v3,oracle_v3,0,0,12,2,"Episode month 4: MRR 166,323, avg churn 0.030, innovation 1.000. Trends were MRR INCREASING, innovation FLAT, churn FLAT. After 6 months the realized outcome was GROWTH.",4,10,GROWTH,POSITIVE,0.6860054161713973,0.6860054161713973,1.0
oracle_v3,Oracle v3,oracle_v3,0,0,12,3,"Episode month 1: MRR 76,870, avg churn 0.030, innovation 1.000. Trends were MRR INCREASING, innovation FLAT, churn FLAT. After 6 months the realized outcome was GROWTH.",1,7,GROWTH,POSITIVE,0.6829431403962151,0.7000167189061204,0.9756097560975611
oracle_v3,Oracle v3,oracle_v3,0,0,13,1,"Episode month 3: MRR 122,228, avg churn 0.030, innovation 1.000. Trends were MRR INCREASING, innovation FLAT, churn FLAT. After 6 months the realized outcome was GROWTH.",3,9,GROWTH,POSITIVE,0.6963300452182452,0.7021327955950638,0.9917355371900827
oracle_v3,Oracle v3,oracle_v3,0,0,13,2,"Episode month 4: MRR 166,323, avg churn 0.030, innovation 1.000. Trends were MRR INCREASING, innovation FLAT, churn FLAT. After 6 months the realized outcome was GROWTH.",4,10,GROWTH,POSITIVE,0.6860054161713973,0.6860054161713973,1.0
oracle_v3,Oracle v3,oracle_v3,0,0,13,3,"Episode month 1: MRR 76,870, avg churn 0.030, innovation 1.000. Trends were MRR INCREASING, innovation FLAT, churn FLAT. After 6 months the realized outcome was GROWTH.",1,7,GROWTH,POSITIVE,0.6829431403962151,0.7000167189061204,0.9756097560975611
oracle_v3,Oracle v3,oracle_v3,0,0,14,1,"Episode month 3: MRR 122,228, avg churn 0.030, innovation 1.000. Trends were MRR INCREASING, innovation FLAT, churn FLAT. After 6 months the realized outcome was GROWTH.",3,9,GROWTH,POSITIVE,0.6963300452182452,0.7021327955950638,0.9917355371900827
oracle_v3,Oracle v3,oracle_v3,0,0,14,2,"Episode month 4: MRR 166,323, avg churn 0.030, innovation 1.000. Trends were MRR INCREASING, innovation FLAT, churn FLAT. After 6 months the realized outcome was GROWTH.",4,10,GROWTH,POSITIVE,0.6860054161713973,0.6860054161713973,1.0
oracle_v3,Oracle v3,oracle_v3,0,0,14,3,"Episode month 1: MRR 76,870, avg churn 0.030, innovation 1.000. Trends were MRR INCREASING, innovation FLAT, churn FLAT. After 6 months the realized outcome was GROWTH.",1,7,GROWTH,POSITIVE,0.6829431403962151,0.7000167189061204,0.9756097560975611
oracle_v3,Oracle v3,oracle_v3,0,0,15,1,"Episode month 3: MRR 122,228, avg churn 0.030, innovation 1.000. Trends were MRR INCREASING, innovation FLAT, churn FLAT. After 6 months the realized outcome was GROWTH.",3,9,GROWTH,POSITIVE,0.6963300452182452,0.7021327955950638,0.9917355371900827
oracle_v3,Oracle v3,oracle_v3,0,0,15,2,"Episode month 4: MRR 166,323, avg churn 0.030, innovation 1.000. Trends were MRR INCREASING, innovation FLAT, churn FLAT. After 6 months the realized outcome was GROWTH.",4,10,GROWTH,POSITIVE,0.6860054161713973,0.6860054161713973,1.0
oracle_v3,Oracle v3,oracle_v3,0,0,15,3,"Episode month 1: MRR 76,870, avg churn 0.030, innovation 1.000. Trends were MRR INCREASING, innovation FLAT, churn FLAT. After 6 months the realized outcome was GROWTH.",1,7,GROWTH,POSITIVE,0.6829431403962151,0.7000167189061204,0.9756097560975611
oracle_v3,Oracle v3,oracle_v3,0,0,16,1,"Episode month 3: MRR 122,228, avg churn 0.030, innovation 1.000. Trends were MRR INCREASING, innovation FLAT, churn FLAT. After 6 months the realized outcome was GROWTH.",3,9,GROWTH,POSITIVE,0.6963300452182452,0.7021327955950638,0.9917355371900827
oracle_v3,Oracle v3,oracle_v3,0,0,16,2,"Episode month 4: MRR 166,323, avg churn 0.030, innovation 1.000. Trends were MRR INCREASING, innovation FLAT, churn FLAT. After 6 months the realized outcome was GROWTH.",4,10,GROWTH,POSITIVE,0.6860054161713973,0.6860054161713973,1.0
oracle_v3,Oracle v3,oracle_v3,0,0,16,3,"Episode month 1: MRR 76,870, avg churn 0.030, innovation 1.000. Trends were MRR INCREASING, innovation FLAT, churn FLAT. After 6 months the realized outcome was GROWTH.",1,7,GROWTH,POSITIVE,0.6829431403962151,0.7000167189061204,0.9756097560975611
oracle_v3,Oracle v3,oracle_v3,0,0,17,1,"Episode month 3: MRR 122,228, avg churn 0.030, innovation 1.000. Trends were MRR INCREASING, innovation FLAT, churn FLAT. After 6 months the realized outcome was GROWTH.",3,9,GROWTH,POSITIVE,0.6963300452182452,0.7021327955950638,0.9917355371900827
oracle_v3,Oracle v3,oracle_v3,0,0,17,2,"Episode month 4: MRR 166,323, avg churn 0.030, innovation 1.000. Trends were MRR INCREASING, innovation FLAT, churn FLAT. After 6 months the realized outcome was GROWTH.",4,10,GROWTH,POSITIVE,0.6860054161713973,0.6860054161713973,1.0
oracle_v3,Oracle v3,oracle_v3,0,0,17,3,"Episode month 1: MRR 76,870, avg churn 0.030, innovation 1.000. Trends were MRR INCREASING, innovation FLAT, churn FLAT. After 6 months the realized outcome was GROWTH.",1,7,GROWTH,POSITIVE,0.6829431403962151,0.7000167189061204,0.9756097560975611
oracle_v3,Oracle v3,oracle_v3,0,0,18,1,"Episode month 3: MRR 122,228, avg churn 0.030, innovation 1.000. Trends were MRR INCREASING, innovation FLAT, churn FLAT. After 6 months the realized outcome was GROWTH.",3,9,GROWTH,POSITIVE,0.6963300452182452,0.7021327955950638,0.9917355371900827
oracle_v3,Oracle v3,oracle_v3,0,0,18,2,"Episode month 4: MRR 166,323, avg churn 0.030, innovation 1.000. Trends were MRR INCREASING, innovation FLAT, churn FLAT. After 6 months the realized outcome was GROWTH.",4,10,GROWTH,POSITIVE,0.6860054161713973,0.6860054161713973,1.0
oracle_v3,Oracle v3,oracle_v3,0,0,18,3,"Episode month 1: MRR 76,870, avg churn 0.030, innovation 1.000. Trends were MRR INCREASING, innovation FLAT, churn FLAT. After 6 months the realized outcome was GROWTH.",1,7,GROWTH,POSITIVE,0.6829431403962151,0.7000167189061204,0.9756097560975611
oracle_v3,Oracle v3,oracle_v3,0,0,19,1,"Episode month 3: MRR 122,228, avg churn 0.030, innovation 1.000. Trends were MRR INCREASING, innovation FLAT, churn FLAT. After 6 months the realized outcome was GROWTH.",3,9,GROWTH,POSITIVE,0.6963300452182452,0.7021327955950638,0.9917355371900827
oracle_v3,Oracle v3,oracle_v3,0,0,19,2,"Episode month 4: MRR 166,323, avg churn 0.030, innovation 1.000. Trends were MRR INCREASING, innovation FLAT, churn FLAT. After 6 months the realized outcome was GROWTH.",4,10,GROWTH,POSITIVE,0.6860054161713973,0.6860054161713973,1.0
oracle_v3,Oracle v3,oracle_v3,0,0,19,3,"Episode month 1: MRR 76,870, avg churn 0.030, innovation 1.000. Trends were MRR INCREASING, innovation FLAT, churn FLAT. After 6 months the realized outcome was GROWTH.",1,7,GROWTH,POSITIVE,0.6829431403962151,0.7000167189061204,0.9756097560975611
oracle_v3,Oracle v3,oracle_v3,0,0,20,1,"Episode month 14: MRR 433,755, avg churn 0.032, innovation 1.000. Trends were MRR INCREASING, innovation FLAT, churn FLAT. After 6 months the realized outcome was GROWTH.",14,20,GROWTH,POSITIVE,0.706519534895718,0.706519534895718,1.0
oracle_v3,Oracle v3,oracle_v3,0,0,20,2,"Episode month 11: MRR 394,625, avg churn 0.032, innovation 1.000. Trends were MRR INCREASING, innovation FLAT, churn FLAT. After 6 months the realized outcome was GROWTH.",11,17,GROWTH,POSITIVE,0.6816195682662126,0.6986600574728679,0.9756097560975611
oracle_v3,Oracle v3,oracle_v3,0,0,20,3,"Episode month 12: MRR 406,639, avg churn 0.032, innovation 1.000. Trends were MRR INCREASING, innovation FLAT, churn FLAT. After 6 months the realized outcome was GROWTH.",12,18,GROWTH,POSITIVE,0.6785810307222407,0.6898907145676113,0.9836065573770493
oracle_v3,Oracle v3,oracle_v3,0,0,21,1,"Episode month 14: MRR 433,755, avg churn 0.032, innovation 1.000. Trends were MRR INCREASING, innovation FLAT, churn FLAT. After 6 months the realized outcome was GROWTH.",14,20,GROWTH,POSITIVE,0.7013537433530681,0.7071983578810103,0.9917355371900827
oracle_v3,Oracle v3,oracle_v3,0,0,21,2,"Episode month 12: MRR 406,639, avg churn 0.032, innovation 1.000. Trends were MRR INCREASING, innovation FLAT, churn FLAT. After 6 months the realized outcome was GROWTH.",12,18,GROWTH,POSITIVE,0.6922419372164101,0.7095479856468203,0.9756097560975611
oracle_v3,Oracle v3,oracle_v3,0,0,21,3,"Episode month 11: MRR 394,625, avg churn 0.032, innovation 1.000. Trends were MRR INCREASING, innovation FLAT, churn FLAT. After 6 months the realized outcome was GROWTH.",11,17,GROWTH,POSITIVE,0.6790132914078142,0.7016470677880747,0.9677419354838709
oracle_v3,Oracle v3,oracle_v3,0,0,22,1,"Episode month 14: MRR 433,755, avg churn 0.032, innovation 1.000. Trends were MRR INCREASING, innovation FLAT, churn FLAT. After 6 months the realized outcome was GROWTH.",14,20,GROWTH,POSITIVE,0.7013537433530681,0.7071983578810103,0.9917355371900827
oracle_v3,Oracle v3,oracle_v3,0,0,22,2,"Episode month 12: MRR 406,639, avg churn 0.032, innovation 1.000. Trends were MRR INCREASING, innovation FLAT, churn FLAT. After 6 months the realized outcome was GROWTH.",12,18,GROWTH,POSITIVE,0.6922419372164101,0.7095479856468203,0.9756097560975611
oracle_v3,Oracle v3,oracle_v3,0,0,22,3,"Episode month 11: MRR 394,625, avg churn 0.032, innovation 1.000. Trends were MRR INCREASING, innovation FLAT, churn FLAT. After 6 months the realized outcome was GROWTH.",11,17,GROWTH,POSITIVE,0.6790132914078142,0.7016470677880747,0.9677419354838709
oracle_v3,Oracle v3,oracle_v3,0,0,23,1,"Episode month 14: MRR 433,755, avg churn 0.032, innovation 1.000. Trends were MRR INCREASING, innovation FLAT, churn FLAT. After 6 months the realized outcome was GROWTH.",14,20,GROWTH,POSITIVE,0.7013537433530681,0.7071983578810103,0.9917355371900827
oracle_v3,Oracle v3,oracle_v3,0,0,23,2,"Episode month 12: MRR 406,639, avg churn 0.032, innovation 1.000. Trends were MRR INCREASING, innovation FLAT, churn FLAT. After 6 months the realized outcome was GROWTH.",12,18,GROWTH,POSITIVE,0.6922419372164101,0.7095479856468203,0.9756097560975611
oracle_v3,Oracle v3,oracle_v3,0,0,23,3,"Episode month 11: MRR 394,625, avg churn 0.032, innovation 1.000. Trends were MRR INCREASING, innovation FLAT, churn FLAT. After 6 months the realized outcome was GROWTH.",11,17,GROWTH,POSITIVE,0.6790132914078142,0.7016470677880747,0.9677419354838709
oracle_v3,Oracle v3,oracle_v3,0,0,24,1,"Episode month 14: MRR 433,755, avg churn 0.032, innovation 1.000. Trends were MRR INCREASING, innovation FLAT, churn FLAT. After 6 months the realized outcome was GROWTH.",14,20,GROWTH,POSITIVE,0.7013537433530681,0.7071983578810103,0.9917355371900827
oracle_v3,Oracle v3,oracle_v3,0,0,24,2,"Episode month 12: MRR 406,639, avg churn 0.032, innovation 1.000. Trends were MRR INCREASING, innovation FLAT, churn FLAT. After 6 months the realized outcome was GROWTH.",12,18,GROWTH,POSITIVE,0.6922419372164101,0.7095479856468203,0.9756097560975611
oracle_v3,Oracle v3,oracle_v3,0,0,24,3,"Episode month 11: MRR 394,625, avg churn 0.032, innovation 1.000. Trends were MRR INCREASING, innovation FLAT, churn FLAT. After 6 months the realized outcome was GROWTH.",11,17,GROWTH,POSITIVE,0.6790132914078142,0.7016470677880747,0.9677419354838709
oracle_v3,Oracle v3,oracle_v3,0,0,25,1,"Episode month 19: MRR 573,022, avg churn 0.034, innovation 1.000. Trends were MRR INCREASING, innovation FLAT, churn INCREASING. After 6 months the realized outcome was GROWTH.",19,25,GROWTH,POSITIVE,0.7265532658521265,0.7265532658521265,1.0
oracle_v3,Oracle v3,oracle_v3,0,0,25,2,"Episode month 17: MRR 528,932, avg churn 0.034, innovation 1.000. Trends were MRR INCREASING, innovation FLAT, churn INCREASING. After 6 months the realized outcome was GROWTH.",17,23,GROWTH,POSITIVE,0.7076944886793014,0.7194893968239564,0.9836065573770493
oracle_v3,Oracle v3,oracle_v3,0,0,25,3,"Episode month 16: MRR 511,390, avg churn 0.032, innovation 1.000. Trends were MRR INCREASING, innovation FLAT, churn FLAT. After 6 months the realized outcome was GROWTH.",16,22,GROWTH,POSITIVE,0.6981069373481652,0.7155596107818692,0.9756097560975611
oracle_v3,Oracle v3,oracle_v3,0,0,26,1,"Episode month 19: MRR 573,022, avg churn 0.034, innovation 1.000. Trends were MRR INCREASING, innovation FLAT, churn INCREASING. After 6 months the realized outcome was GROWTH.",19,25,GROWTH,POSITIVE,0.7265532658521265,0.7265532658521265,1.0
oracle_v3,Oracle v3,oracle_v3,0,0,26,2,"Episode month 17: MRR 528,932, avg churn 0.034, innovation 1.000. Trends were MRR INCREASING, innovation FLAT, churn INCREASING. After 6 months the realized outcome was GROWTH.",17,23,GROWTH,POSITIVE,0.7076944886793014,0.7194893968239564,0.9836065573770493
oracle_v3,Oracle v3,oracle_v3,0,0,26,3,"Episode month 16: MRR 511,390, avg churn 0.032, innovation 1.000. Trends were MRR INCREASING, innovation FLAT, churn FLAT. After 6 months the realized outcome was GROWTH.",16,22,GROWTH,POSITIVE,0.6981069373481652,0.7155596107818692,0.9756097560975611
oracle_v3,Oracle v3,oracle_v3,0,0,27,1,"Episode month 19: MRR 573,022, avg churn 0.034, innovation 1.000. Trends were MRR INCREASING, innovation FLAT, churn INCREASING. After 6 months the realized outcome was GROWTH.",19,25,GROWTH,POSITIVE,0.7265532658521265,0.7265532658521265,1.0
oracle_v3,Oracle v3,oracle_v3,0,0,27,2,"Episode month 17: MRR 528,932, avg churn 0.034, innovation 1.000. Trends were MRR INCREASING, innovation FLAT, churn INCREASING. After 6 months the realized outcome was GROWTH.",17,23,GROWTH,POSITIVE,0.7076944886793014,0.7194893968239564,0.9836065573770493
oracle_v3,Oracle v3,oracle_v3,0,0,27,3,"Episode month 16: MRR 511,390, avg churn 0.032, innovation 1.000. Trends were MRR INCREASING, innovation FLAT, churn FLAT. After 6 months the realized outcome was GROWTH.",16,22,GROWTH,POSITIVE,0.6981069373481652,0.7155596107818692,0.9756097560975611
oracle_v3,Oracle v3,oracle_v3,0,0,28,1,"Episode month 19: MRR 573,022, avg churn 0.034, innovation 1.000. Trends were MRR INCREASING, innovation FLAT, churn INCREASING. After 6 months the realized outcome was GROWTH.",19,25,GROWTH,POSITIVE,0.7265532658521265,0.7265532658521265,1.0
oracle_v3,Oracle v3,oracle_v3,0,0,28,2,"Episode month 17: MRR 528,932, avg churn 0.034, innovation 1.000. Trends were MRR INCREASING, innovation FLAT, churn INCREASING. After 6 months the realized outcome was GROWTH.",17,23,GROWTH,POSITIVE,0.7076944886793014,0.7194893968239564,0.9836065573770493
oracle_v3,Oracle v3,oracle_v3,0,0,28,3,"Episode month 16: MRR 511,390, avg churn 0.032, innovation 1.000. Trends were MRR INCREASING, innovation FLAT, churn FLAT. After 6 months the realized outcome was GROWTH.",16,22,GROWTH,POSITIVE,0.6981069373481652,0.7155596107818692,0.9756097560975611
oracle_v3,Oracle v3,oracle_v3,0,0,29,1,"Episode month 19: MRR 573,022, avg churn 0.034, innovation 1.000. Trends were MRR INCREASING, innovation FLAT, churn INCREASING. After 6 months the realized outcome was GROWTH.",19,25,GROWTH,POSITIVE,0.7265532658521265,0.7265532658521265,1.0
oracle_v3,Oracle v3,oracle_v3,0,0,29,2,"Episode month 17: MRR 528,932, avg churn 0.034, innovation 1.000. Trends were MRR INCREASING, innovation FLAT, churn INCREASING. After 6 months the realized outcome was GROWTH.",17,23,GROWTH,POSITIVE,0.7076944886793014,0.7194893968239564,0.9836065573770493
oracle_v3,Oracle v3,oracle_v3,0,0,29,3,"Episode month 16: MRR 511,390, avg churn 0.032, innovation 1.000. Trends were MRR INCREASING, innovation FLAT, churn FLAT. After 6 months the realized outcome was GROWTH.",16,22,GROWTH,POSITIVE,0.6981069373481652,0.7155596107818692,0.9756097560975611
oracle_v3,Oracle v3,oracle_v3,0,0,30,1,"Episode month 23: MRR 661,172, avg churn 0.034, innovation 1.000. Trends were MRR INCREASING, innovation FLAT, churn FLAT. After 6 months the realized outcome was GROWTH.",23,29,GROWTH,POSITIVE,0.6526292179246796,0.6580677947407186,0.9917355371900827
oracle_v3,Oracle v3,oracle_v3,0,0,30,2,"Episode month 21: MRR 626,967, avg churn 0.034, innovation 1.000. Trends were MRR INCREASING, innovation FLAT, churn FLAT. After 6 months the realized outcome was GROWTH.",21,27,GROWTH,POSITIVE,0.6370802791908285,0.6530072861705992,0.9756097560975611
oracle_v3,Oracle v3,oracle_v3,0,0,30,3,"Episode month 16: MRR 511,390, avg churn 0.032, innovation 1.000. Trends were MRR INCREASING, innovation FLAT, churn FLAT. After 6 months the realized outcome was GROWTH.",16,22,GROWTH,POSITIVE,0.6107673893773746,0.6514852153358662,0.9375
oracle_v3,Oracle v3,oracle_v3,0,0,31,1,"Episode month 23: MRR 661,172, avg churn 0.034, innovation 1.000. Trends were MRR INCREASING, innovation FLAT, churn FLAT. After 6 months the realized outcome was GROWTH.",23,29,GROWTH,POSITIVE,0.6526292179246796,0.6580677947407186,0.9917355371900827
oracle_v3,Oracle v3,oracle_v3,0,0,31,2,"Episode month 21: MRR 626,967, avg churn 0.034, innovation 1.000. Trends were MRR INCREASING, innovation FLAT, churn FLAT. After 6 months the realized outcome was GROWTH.",21,27,GROWTH,POSITIVE,0.6370802791908285,0.6530072861705992,0.9756097560975611
oracle_v3,Oracle v3,oracle_v3,0,0,31,3,"Episode month 16: MRR 511,390, avg churn 0.032, innovation 1.000. Trends were MRR INCREASING, innovation FLAT, churn FLAT. After 6 months the realized outcome was GROWTH.",16,22,GROWTH,POSITIVE,0.6107673893773746,0.6514852153358662,0.9375
oracle_v3,Oracle v3,oracle_v3,0,0,32,1,"Episode month 23: MRR 661,172, avg churn 0.034, innovation 1.000. Trends were MRR INCREASING, innovation FLAT, churn FLAT. After 6 months the realized outcome was GROWTH.",23,29,GROWTH,POSITIVE,0.6526292179246796,0.6580677947407186,0.9917355371900827
oracle_v3,Oracle v3,oracle_v3,0,0,32,2,"Episode month 21: MRR 626,967, avg churn 0.034, innovation 1.000. Trends were MRR INCREASING, innovation FLAT, churn FLAT. After 6 months the realized outcome was GROWTH.",21,27,GROWTH,POSITIVE,0.6370802791908285,0.6530072861705992,0.9756097560975611
oracle_v3,Oracle v3,oracle_v3,0,0,32,3,"Episode month 16: MRR 511,390, avg churn 0.032, innovation 1.000. Trends were MRR INCREASING, innovation FLAT, churn FLAT. After 6 months the realized outcome was GROWTH.",16,22,GROWTH,POSITIVE,0.6107673893773746,0.6514852153358662,0.9375
oracle_v3,Oracle v3,oracle_v3,0,0,33,1,"Episode month 23: MRR 661,172, avg churn 0.034, innovation 1.000. Trends were MRR INCREASING, innovation FLAT, churn FLAT. After 6 months the realized outcome was GROWTH.",23,29,GROWTH,POSITIVE,0.6526292179246796,0.6580677947407186,0.9917355371900827
oracle_v3,Oracle v3,oracle_v3,0,0,33,2,"Episode month 21: MRR 626,967, avg churn 0.034, innovation 1.000. Trends were MRR INCREASING, innovation FLAT, churn FLAT. After 6 months the realized outcome was GROWTH.",21,27,GROWTH,POSITIVE,0.6370802791908285,0.6530072861705992,0.9756097560975611
oracle_v3,Oracle v3,oracle_v3,0,0,33,3,"Episode month 16: MRR 511,390, avg churn 0.032, innovation 1.000. Trends were MRR INCREASING, innovation FLAT, churn FLAT. After 6 months the realized outcome was GROWTH.",16,22,GROWTH,POSITIVE,0.6107673893773746,0.6514852153358662,0.9375
oracle_v3,Oracle v3,oracle_v3,0,0,34,1,"Episode month 23: MRR 661,172, avg churn 0.034, innovation 1.000. Trends were MRR INCREASING, innovation FLAT, churn FLAT. After 6 months the realized outcome was GROWTH.",23,29,GROWTH,POSITIVE,0.6526292179246796,0.6580677947407186,0.9917355371900827
oracle_v3,Oracle v3,oracle_v3,0,0,34,2,"Episode month 21: MRR 626,967, avg churn 0.034, innovation 1.000. Trends were MRR INCREASING, innovation FLAT, churn FLAT. After 6 months the realized outcome was GROWTH.",21,27,GROWTH,POSITIVE,0.6370802791908285,0.6530072861705992,0.9756097560975611
oracle_v3,Oracle v3,oracle_v3,0,0,34,3,"Episode month 16: MRR 511,390, avg churn 0.032, innovation 1.000. Trends were MRR INCREASING, innovation FLAT, churn FLAT. After 6 months the realized outcome was GROWTH.",16,22,GROWTH,POSITIVE,0.6107673893773746,0.6514852153358662,0.9375
oracle_v3,Oracle v3,oracle_v3,0,0,35,1,"Episode month 23: MRR 661,172, avg churn 0.034, innovation 1.000. Trends were MRR INCREASING, innovation FLAT, churn FLAT. After 6 months the realized outcome was GROWTH.",23,29,GROWTH,POSITIVE,0.6526292179246796,0.6580677947407186,0.9917355371900827
oracle_v3,Oracle v3,oracle_v3,0,0,35,2,"Episode month 21: MRR 626,967, avg churn 0.034, innovation 1.000. Trends were MRR INCREASING, innovation FLAT, churn FLAT. After 6 months the realized outcome was GROWTH.",21,27,GROWTH,POSITIVE,0.6370802791908285,0.6530072861705992,0.9756097560975611
oracle_v3,Oracle v3,oracle_v3,0,0,35,3,"Episode month 16: MRR 511,390, avg churn 0.032, innovation 1.000. Trends were MRR INCREASING, innovation FLAT, churn FLAT. After 6 months the realized outcome was GROWTH.",16,22,GROWTH,POSITIVE,0.6107673893773746,0.6514852153358662,0.9375
oracle_v3,Oracle v3,oracle_v3,0,0,36,1,"Episode month 23: MRR 661,172, avg churn 0.034, innovation 1.000. Trends were MRR INCREASING, innovation FLAT, churn FLAT. After 6 months the realized outcome was GROWTH.",23,29,GROWTH,POSITIVE,0.6526292179246796,0.6580677947407186,0.9917355371900827
oracle_v3,Oracle v3,oracle_v3,0,0,36,2,"Episode month 21: MRR 626,967, avg churn 0.034, innovation 1.000. Trends were MRR INCREASING, innovation FLAT, churn FLAT. After 6 months the realized outcome was GROWTH.",21,27,GROWTH,POSITIVE,0.6370802791908285,0.6530072861705992,0.9756097560975611
oracle_v3,Oracle v3,oracle_v3,0,0,36,3,"Episode month 16: MRR 511,390, avg churn 0.032, innovation 1.000. Trends were MRR INCREASING, innovation FLAT, churn FLAT. After 6 months the realized outcome was GROWTH.",16,22,GROWTH,POSITIVE,0.6107673893773746,0.6514852153358662,0.9375
oracle_v3,Oracle v3,oracle_v3,0,0,37,1,"Episode month 23: MRR 661,172, avg churn 0.034, innovation 1.000. Trends were MRR INCREASING, innovation FLAT, churn FLAT. After 6 months the realized outcome was GROWTH.",23,29,GROWTH,POSITIVE,0.6526292179246796,0.6580677947407186,0.9917355371900827
oracle_v3,Oracle v3,oracle_v3,0,0,37,2,"Episode month 21: MRR 626,967, avg churn 0.034, innovation 1.000. Trends were MRR INCREASING, innovation FLAT, churn FLAT. After 6 months the realized outcome was GROWTH.",21,27,GROWTH,POSITIVE,0.6370802791908285,0.6530072861705992,0.9756097560975611
oracle_v3,Oracle v3,oracle_v3,0,0,37,3,"Episode month 16: MRR 511,390, avg churn 0.032, innovation 1.000. Trends were MRR INCREASING, innovation FLAT, churn FLAT. After 6 months the realized outcome was GROWTH.",16,22,GROWTH,POSITIVE,0.6107673893773746,0.6514852153358662,0.9375
oracle_v3,Oracle v3,oracle_v3,0,0,38,1,"Episode month 23: MRR 661,172, avg churn 0.034, innovation 1.000. Trends were MRR INCREASING, innovation FLAT, churn FLAT. After 6 months the realized outcome was GROWTH.",23,29,GROWTH,POSITIVE,0.6526292179246796,0.6580677947407186,0.9917355371900827
oracle_v3,Oracle v3,oracle_v3,0,0,38,2,"Episode month 21: MRR 626,967, avg churn 0.034, innovation 1.000. Trends were MRR INCREASING, innovation FLAT, churn FLAT. After 6 months the realized outcome was GROWTH.",21,27,GROWTH,POSITIVE,0.6370802791908285,0.6530072861705992,0.9756097560975611
oracle_v3,Oracle v3,oracle_v3,0,0,38,3,"Episode month 16: MRR 511,390, avg churn 0.032, innovation 1.000. Trends were MRR INCREASING, innovation FLAT, churn FLAT. After 6 months the realized outcome was GROWTH.",16,22,GROWTH,POSITIVE,0.6107673893773746,0.6514852153358662,0.9375
oracle_v3,Oracle v3,oracle_v3,0,0,39,1,"Episode month 23: MRR 661,172, avg churn 0.034, innovation 1.000. Trends were MRR INCREASING, innovation FLAT, churn FLAT. After 6 months the realized outcome was GROWTH.",23,29,GROWTH,POSITIVE,0.6526292179246796,0.6580677947407186,0.9917355371900827
oracle_v3,Oracle v3,oracle_v3,0,0,39,2,"Episode month 21: MRR 626,967, avg churn 0.034, innovation 1.000. Trends were MRR INCREASING, innovation FLAT, churn FLAT. After 6 months the realized outcome was GROWTH.",21,27,GROWTH,POSITIVE,0.6370802791908285,0.6530072861705992,0.9756097560975611
oracle_v3,Oracle v3,oracle_v3,0,0,39,3,"Episode month 16: MRR 511,390, avg churn 0.032, innovation 1.000. Trends were MRR INCREASING, innovation FLAT, churn FLAT. After 6 months the realized outcome was GROWTH.",16,22,GROWTH,POSITIVE,0.6107673893773746,0.6514852153358662,0.9375
oracle_v3,Oracle v3,oracle_v3,0,0,40,1,"Episode month 29: MRR 763,276, avg churn 0.042, innovation 1.000. Trends were MRR INCREASING, innovation FLAT, churn FLAT. After 6 months the realized outcome was GROWTH.",29,35,GROWTH,POSITIVE,0.6998351107488125,0.7289949070300131,0.96
oracle_v3,Oracle v3,oracle_v3,0,0,40,2,"Episode month 27: MRR 735,606, avg churn 0.042, innovation 1.000. Trends were MRR INCREASING, innovation FLAT, churn INCREASING. After 6 months the realized outcome was GROWTH.",27,33,GROWTH,POSITIVE,0.6896644123206298,0.7298948363726665,0.9448818897637795
oracle_v3,Oracle v3,oracle_v3,0,0,40,3,"Episode month 26: MRR 721,783, avg churn 0.042, innovation 1.000. Trends were MRR INCREASING, innovation FLAT, churn INCREASING. After 6 months the realized outcome was GROWTH.",26,32,GROWTH,POSITIVE,0.6856744532466801,0.7313860834631254,0.9375
oracle_v3,Oracle v3,oracle_v3,0,0,41,1,"Episode month 29: MRR 763,276, avg churn 0.042, innovation 1.000. Trends were MRR INCREASING, innovation FLAT, churn FLAT. After 6 months the realized outcome was GROWTH.",29,35,GROWTH,POSITIVE,0.6998351107488125,0.7289949070300131,0.96
oracle_v3,Oracle v3,oracle_v3,0,0,41,2,"Episode month 27: MRR 735,606, avg churn 0.042, innovation 1.000. Trends were MRR INCREASING, innovation FLAT, churn INCREASING. After 6 months the realized outcome was GROWTH.",27,33,GROWTH,POSITIVE,0.6896644123206298,0.7298948363726665,0.9448818897637795
oracle_v3,Oracle v3,oracle_v3,0,0,41,3,"Episode month 26: MRR 721,783, avg churn 0.042, innovation 1.000. Trends were MRR INCREASING, innovation FLAT, churn INCREASING. After 6 months the realized outcome was GROWTH.",26,32,GROWTH,POSITIVE,0.6856744532466801,0.7313860834631254,0.9375
oracle_v3,Oracle v3,oracle_v3,0,0,42,1,"Episode month 29: MRR 763,276, avg churn 0.042, innovation 1.000. Trends were MRR INCREASING, innovation FLAT, churn FLAT. After 6 months the realized outcome was GROWTH.",29,35,GROWTH,POSITIVE,0.6998351107488125,0.7289949070300131,0.96
oracle_v3,Oracle v3,oracle_v3,0,0,42,2,"Episode month 27: MRR 735,606, avg churn 0.042, innovation 1.000. Trends were MRR INCREASING, innovation FLAT, churn INCREASING. After 6 months the realized outcome was GROWTH.",27,33,GROWTH,POSITIVE,0.6896644123206298,0.7298948363726665,0.9448818897637795
oracle_v3,Oracle v3,oracle_v3,0,0,42,3,"Episode month 26: MRR 721,783, avg churn 0.042, innovation 1.000. Trends were MRR INCREASING, innovation FLAT, churn INCREASING. After 6 months the realized outcome was GROWTH.",26,32,GROWTH,POSITIVE,0.6856744532466801,0.7313860834631254,0.9375
oracle_v3,Oracle v3,oracle_v3,0,0,43,1,"Episode month 29: MRR 763,276, avg churn 0.042, innovation 1.000. Trends were MRR INCREASING, innovation FLAT, churn FLAT. After 6 months the realized outcome was GROWTH.",29,35,GROWTH,POSITIVE,0.6998351107488125,0.7289949070300131,0.96
oracle_v3,Oracle v3,oracle_v3,0,0,43,2,"Episode month 27: MRR 735,606, avg churn 0.042, innovation 1.000. Trends were MRR INCREASING, innovation FLAT, churn INCREASING. After 6 months the realized outcome was GROWTH.",27,33,GROWTH,POSITIVE,0.6896644123206298,0.7298948363726665,0.9448818897637795
oracle_v3,Oracle v3,oracle_v3,0,0,43,3,"Episode month 26: MRR 721,783, avg churn 0.042, innovation 1.000. Trends were MRR INCREASING, innovation FLAT, churn INCREASING. After 6 months the realized outcome was GROWTH.",26,32,GROWTH,POSITIVE,0.6856744532466801,0.7313860834631254,0.9375
oracle_v3,Oracle v3,oracle_v3,0,0,44,1,"Episode month 29: MRR 763,276, avg churn 0.042, innovation 1.000. Trends were MRR INCREASING, innovation FLAT, churn FLAT. After 6 months the realized outcome was GROWTH.",29,35,GROWTH,POSITIVE,0.6998351107488125,0.7289949070300131,0.96
oracle_v3,Oracle v3,oracle_v3,0,0,44,2,"Episode month 27: MRR 735,606, avg churn 0.042, innovation 1.000. Trends were MRR INCREASING, innovation FLAT, churn INCREASING. After 6 months the realized outcome was GROWTH.",27,33,GROWTH,POSITIVE,0.6896644123206298,0.7298948363726665,0.9448818897637795
oracle_v3,Oracle v3,oracle_v3,0,0,44,3,"Episode month 26: MRR 721,783, avg churn 0.042, innovation 1.000. Trends were MRR INCREASING, innovation FLAT, churn INCREASING. After 6 months the realized outcome was GROWTH.",26,32,GROWTH,POSITIVE,0.6856744532466801,0.7313860834631254,0.9375
oracle_v3,Oracle v3,oracle_v3,0,0,45,1,"Episode month 29: MRR 763,276, avg churn 0.042, innovation 1.000. Trends were MRR INCREASING, innovation FLAT, churn FLAT. After 6 months the realized outcome was GROWTH.",29,35,GROWTH,POSITIVE,0.6998351107488125,0.7289949070300131,0.96
oracle_v3,Oracle v3,oracle_v3,0,0,45,2,"Episode month 27: MRR 735,606, avg churn 0.042, innovation 1.000. Trends were MRR INCREASING, innovation FLAT, churn INCREASING. After 6 months the realized outcome was GROWTH.",27,33,GROWTH,POSITIVE,0.6896644123206298,0.7298948363726665,0.9448818897637795
oracle_v3,Oracle v3,oracle_v3,0,0,45,3,"Episode month 26: MRR 721,783, avg churn 0.042, innovation 1.000. Trends were MRR INCREASING, innovation FLAT, churn INCREASING. After 6 months the realized outcome was GROWTH.",26,32,GROWTH,POSITIVE,0.6856744532466801,0.7313860834631254,0.9375
oracle_v3,Oracle v3,oracle_v3,0,0,46,1,"Episode month 29: MRR 763,276, avg churn 0.042, innovation 1.000. Trends were MRR INCREASING, innovation FLAT, churn FLAT. After 6 months the realized outcome was GROWTH.",29,35,GROWTH,POSITIVE,0.6998351107488125,0.7289949070300131,0.96
oracle_v3,Oracle v3,oracle_v3,0,0,46,2,"Episode month 27: MRR 735,606, avg churn 0.042, innovation 1.000. Trends were MRR INCREASING, innovation FLAT, churn INCREASING. After 6 months the realized outcome was GROWTH.",27,33,GROWTH,POSITIVE,0.6896644123206298,0.7298948363726665,0.9448818897637795
oracle_v3,Oracle v3,oracle_v3,0,0,46,3,"Episode month 26: MRR 721,783, avg churn 0.042, innovation 1.000. Trends were MRR INCREASING, innovation FLAT, churn INCREASING. After 6 months the realized outcome was GROWTH.",26,32,GROWTH,POSITIVE,0.6856744532466801,0.7313860834631254,0.9375
oracle_v3,Oracle v3,oracle_v3,0,0,47,1,"Episode month 29: MRR 763,276, avg churn 0.042, innovation 1.000. Trends were MRR INCREASING, innovation FLAT, churn FLAT. After 6 months the realized outcome was GROWTH.",29,35,GROWTH,POSITIVE,0.6998351107488125,0.7289949070300131,0.96
oracle_v3,Oracle v3,oracle_v3,0,0,47,2,"Episode month 27: MRR 735,606, avg churn 0.042, innovation 1.000. Trends were MRR INCREASING, innovation FLAT, churn INCREASING. After 6 months the realized outcome was GROWTH.",27,33,GROWTH,POSITIVE,0.6896644123206298,0.7298948363726665,0.9448818897637795
oracle_v3,Oracle v3,oracle_v3,0,0,47,3,"Episode month 26: MRR 721,783, avg churn 0.042, innovation 1.000. Trends were MRR INCREASING, innovation FLAT, churn INCREASING. After 6 months the realized outcome was GROWTH.",26,32,GROWTH,POSITIVE,0.6856744532466801,0.7313860834631254,0.9375
oracle_v3,Oracle v3,oracle_v3,0,0,48,1,"Episode month 29: MRR 763,276, avg churn 0.042, innovation 1.000. Trends were MRR INCREASING, innovation FLAT, churn FLAT. After 6 months the realized outcome was GROWTH.",29,35,GROWTH,POSITIVE,0.6998351107488125,0.7289949070300131,0.96
oracle_v3,Oracle v3,oracle_v3,0,0,48,2,"Episode month 27: MRR 735,606, avg churn 0.042, innovation 1.000. Trends were MRR INCREASING, innovation FLAT, churn INCREASING. After 6 months the realized outcome was GROWTH.",27,33,GROWTH,POSITIVE,0.6896644123206298,0.7298948363726665,0.9448818897637795
oracle_v3,Oracle v3,oracle_v3,0,0,48,3,"Episode month 26: MRR 721,783, avg churn 0.042, innovation 1.000. Trends were MRR INCREASING, innovation FLAT, churn INCREASING. After 6 months the realized outcome was GROWTH.",26,32,GROWTH,POSITIVE,0.6856744532466801,0.7313860834631254,0.9375
oracle_v3,Oracle v3,oracle_v3,0,0,49,1,"Episode month 39: MRR 943,609, avg churn 0.051, innovation 1.000. Trends were MRR INCREASING, innovation FLAT, churn INCREASING. After 6 months the realized outcome was GROWTH.",39,45,GROWTH,POSITIVE,0.7009389548361262,0.7243035866639972,0.9677419354838709
oracle_v3,Oracle v3,oracle_v3,0,0,49,2,"Episode month 38: MRR 931,152, avg churn 0.046, innovation 1.000. Trends were MRR INCREASING, innovation FLAT, churn FLAT. After 6 months the realized outcome was GROWTH.",38,44,GROWTH,POSITIVE,0.6892011034490549,0.7179178160927656,0.96
oracle_v3,Oracle v3,oracle_v3,0,0,49,3,"Episode month 37: MRR 916,464, avg churn 0.046, innovation 1.000. Trends were MRR INCREASING, innovation FLAT, churn FLAT. After 6 months the realized outcome was GROWTH.",37,43,GROWTH,POSITIVE,0.6821783953151029,0.7162873150808581,0.9523809523809523
oracle_v3,Oracle v3,oracle_v3,0,0,50,1,"Episode month 39: MRR 943,609, avg churn 0.051, innovation 1.000. Trends were MRR INCREASING, innovation FLAT, churn INCREASING. After 6 months the realized outcome was GROWTH.",39,45,GROWTH,POSITIVE,0.6933212721238431,0.7222096584623365,0.96
oracle_v3,Oracle v3,oracle_v3,0,0,50,2,"Episode month 38: MRR 931,152, avg churn 0.046, innovation 1.000. Trends were MRR INCREASING, innovation FLAT, churn FLAT. After 6 months the realized outcome was GROWTH.",38,44,GROWTH,POSITIVE,0.6855136592022159,0.7197893421623267,0.9523809523809523
oracle_v3,Oracle v3,oracle_v3,0,0,50,3,"Episode month 27: MRR 735,606, avg churn 0.042, innovation 1.000. Trends were MRR INCREASING, innovation FLAT, churn INCREASING. After 6 months the realized outcome was GROWTH.",27,33,GROWTH,POSITIVE,0.6260160305394428,0.7147016348658638,0.8759124087591241
oracle_v3,Oracle v3,oracle_v3,0,0,51,1,"Episode month 39: MRR 943,609, avg churn 0.051, innovation 1.000. Trends were MRR INCREASING, innovation FLAT, churn INCREASING. After 6 months the realized outcome was GROWTH.",39,45,GROWTH,POSITIVE,0.6933212721238431,0.7222096584623365,0.96
oracle_v3,Oracle v3,oracle_v3,0,0,51,2,"Episode month 38: MRR 931,152, avg churn 0.046, innovation 1.000. Trends were MRR INCREASING, innovation FLAT, churn FLAT. After 6 months the realized outcome was GROWTH.",38,44,GROWTH,POSITIVE,0.6855136592022159,0.7197893421623267,0.9523809523809523
oracle_v3,Oracle v3,oracle_v3,0,0,51,3,"Episode month 27: MRR 735,606, avg churn 0.042, innovation 1.000. Trends were MRR INCREASING, innovation FLAT, churn INCREASING. After 6 months the realized outcome was GROWTH.",27,33,GROWTH,POSITIVE,0.6260160305394428,0.7147016348658638,0.8759124087591241
oracle_v3,Oracle v3,oracle_v3,0,0,52,1,"Episode month 39: MRR 943,609, avg churn 0.051, innovation 1.000. Trends were MRR INCREASING, innovation FLAT, churn INCREASING. After 6 months the realized outcome was GROWTH.",39,45,GROWTH,POSITIVE,0.6933212721238431,0.7222096584623365,0.96
oracle_v3,Oracle v3,oracle_v3,0,0,52,2,"Episode month 38: MRR 931,152, avg churn 0.046, innovation 1.000. Trends were MRR INCREASING, innovation FLAT, churn FLAT. After 6 months the realized outcome was GROWTH.",38,44,GROWTH,POSITIVE,0.6855136592022159,0.7197893421623267,0.9523809523809523
oracle_v3,Oracle v3,oracle_v3,0,0,52,3,"Episode month 27: MRR 735,606, avg churn 0.042, innovation 1.000. Trends were MRR INCREASING, innovation FLAT, churn INCREASING. After 6 months the realized outcome was GROWTH.",27,33,GROWTH,POSITIVE,0.6260160305394428,0.7147016348658638,0.8759124087591241
oracle_v3,Oracle v3,oracle_v3,0,0,53,1,"Episode month 39: MRR 943,609, avg churn 0.051, innovation 1.000. Trends were MRR INCREASING, innovation FLAT, churn INCREASING. After 6 months the realized outcome was GROWTH.",39,45,GROWTH,POSITIVE,0.6933212721238431,0.7222096584623365,0.96
oracle_v3,Oracle v3,oracle_v3,0,0,53,2,"Episode month 38: MRR 931,152, avg churn 0.046, innovation 1.000. Trends were MRR INCREASING, innovation FLAT, churn FLAT. After 6 months the realized outcome was GROWTH.",38,44,GROWTH,POSITIVE,0.6855136592022159,0.7197893421623267,0.9523809523809523
oracle_v3,Oracle v3,oracle_v3,0,0,53,3,"Episode month 27: MRR 735,606, avg churn 0.042, innovation 1.000. Trends were MRR INCREASING, innovation FLAT, churn INCREASING. After 6 months the realized outcome was GROWTH.",27,33,GROWTH,POSITIVE,0.6260160305394428,0.7147016348658638,0.8759124087591241
oracle_v3,Oracle v3,oracle_v3,0,0,54,1,"Episode month 39: MRR 943,609, avg churn 0.051, innovation 1.000. Trends were MRR INCREASING, innovation FLAT, churn INCREASING. After 6 months the realized outcome was GROWTH.",39,45,GROWTH,POSITIVE,0.6933212721238431,0.7222096584623365,0.96
oracle_v3,Oracle v3,oracle_v3,0,0,54,2,"Episode month 38: MRR 931,152, avg churn 0.046, innovation 1.000. Trends were MRR INCREASING, innovation FLAT, churn FLAT. After 6 months the realized outcome was GROWTH.",38,44,GROWTH,POSITIVE,0.6855136592022159,0.7197893421623267,0.9523809523809523
oracle_v3,Oracle v3,oracle_v3,0,0,54,3,"Episode month 27: MRR 735,606, avg churn 0.042, innovation 1.000. Trends were MRR INCREASING, innovation FLAT, churn INCREASING. After 6 months the realized outcome was GROWTH.",27,33,GROWTH,POSITIVE,0.6260160305394428,0.7147016348658638,0.8759124087591241
oracle_v3,Oracle v3,oracle_v3,0,0,55,1,"Episode month 39: MRR 943,609, avg churn 0.051, innovation 1.000. Trends were MRR INCREASING, innovation FLAT, churn INCREASING. After 6 months the realized outcome was GROWTH.",39,45,GROWTH,POSITIVE,0.6933212721238431,0.7222096584623365,0.96
oracle_v3,Oracle v3,oracle_v3,0,0,55,2,"Episode month 38: MRR 931,152, avg churn 0.046, innovation 1.000. Trends were MRR INCREASING, innovation FLAT, churn FLAT. After 6 months the realized outcome was GROWTH.",38,44,GROWTH,POSITIVE,0.6855136592022159,0.7197893421623267,0.9523809523809523
oracle_v3,Oracle v3,oracle_v3,0,0,55,3,"Episode month 27: MRR 735,606, avg churn 0.042, innovation 1.000. Trends were MRR INCREASING, innovation FLAT, churn INCREASING. After 6 months the realized outcome was GROWTH.",27,33,GROWTH,POSITIVE,0.6260160305394428,0.7147016348658638,0.8759124087591241
oracle_v3,Oracle v3,oracle_v3,0,0,56,1,"Episode month 39: MRR 943,609, avg churn 0.051, innovation 1.000. Trends were MRR INCREASING, innovation FLAT, churn INCREASING. After 6 months the realized outcome was GROWTH.",39,45,GROWTH,POSITIVE,0.6933212721238431,0.7222096584623365,0.96
oracle_v3,Oracle v3,oracle_v3,0,0,56,2,"Episode month 38: MRR 931,152, avg churn 0.046, innovation 1.000. Trends were MRR INCREASING, innovation FLAT, churn FLAT. After 6 months the realized outcome was GROWTH.",38,44,GROWTH,POSITIVE,0.6855136592022159,0.7197893421623267,0.9523809523809523
oracle_v3,Oracle v3,oracle_v3,0,0,56,3,"Episode month 27: MRR 735,606, avg churn 0.042, innovation 1.000. Trends were MRR INCREASING, innovation FLAT, churn INCREASING. After 6 months the realized outcome was GROWTH.",27,33,GROWTH,POSITIVE,0.6260160305394428,0.7147016348658638,0.8759124087591241
oracle_v3,Oracle v3,oracle_v3,0,0,57,1,"Episode month 39: MRR 943,609, avg churn 0.051, innovation 1.000. Trends were MRR INCREASING, innovation FLAT, churn INCREASING. After 6 months the realized outcome was GROWTH.",39,45,GROWTH,POSITIVE,0.6933212721238431,0.7222096584623365,0.96
oracle_v3,Oracle v3,oracle_v3,0,0,57,2,"Episode month 38: MRR 931,152, avg churn 0.046, innovation 1.000. Trends were MRR INCREASING, innovation FLAT, churn FLAT. After 6 months the realized outcome was GROWTH.",38,44,GROWTH,POSITIVE,0.6855136592022159,0.7197893421623267,0.9523809523809523
oracle_v3,Oracle v3,oracle_v3,0,0,57,3,"Episode month 27: MRR 735,606, avg churn 0.042, innovation 1.000. Trends were MRR INCREASING, innovation FLAT, churn INCREASING. After 6 months the realized outcome was GROWTH.",27,33,GROWTH,POSITIVE,0.6260160305394428,0.7147016348658638,0.8759124087591241
oracle_v3,Oracle v3,oracle_v3,0,0,58,1,"Episode month 39: MRR 943,609, avg churn 0.051, innovation 1.000. Trends were MRR INCREASING, innovation FLAT, churn INCREASING. After 6 months the realized outcome was GROWTH.",39,45,GROWTH,POSITIVE,0.6933212721238431,0.7222096584623365,0.96
oracle_v3,Oracle v3,oracle_v3,0,0,58,2,"Episode month 38: MRR 931,152, avg churn 0.046, innovation 1.000. Trends were MRR INCREASING, innovation FLAT, churn FLAT. After 6 months the realized outcome was GROWTH.",38,44,GROWTH,POSITIVE,0.6855136592022159,0.7197893421623267,0.9523809523809523
oracle_v3,Oracle v3,oracle_v3,0,0,58,3,"Episode month 27: MRR 735,606, avg churn 0.042, innovation 1.000. Trends were MRR INCREASING, innovation FLAT, churn INCREASING. After 6 months the realized outcome was GROWTH.",27,33,GROWTH,POSITIVE,0.6260160305394428,0.7147016348658638,0.8759124087591241
oracle_v3,Oracle v3,oracle_v3,0,0,59,1,"Episode month 46: MRR 1,063,259, avg churn 0.057, innovation 1.000. Trends were MRR INCREASING, innovation FLAT, churn FLAT. After 6 months the realized outcome was GROWTH.",46,52,GROWTH,POSITIVE,0.7251582304988602,0.7674591272779604,0.9448818897637795
oracle_v3,Oracle v3,oracle_v3,0,0,59,2,"Episode month 39: MRR 943,609, avg churn 0.051, innovation 1.000. Trends were MRR INCREASING, innovation FLAT, churn INCREASING. After 6 months the realized outcome was GROWTH.",39,45,GROWTH,POSITIVE,0.6782045033943548,0.7573283621236961,0.8955223880597015
oracle_v3,Oracle v3,oracle_v3,0,0,59,3,"Episode month 38: MRR 931,152, avg churn 0.046, innovation 1.000. Trends were MRR INCREASING, innovation FLAT, churn FLAT. After 6 months the realized outcome was GROWTH.",38,44,GROWTH,POSITIVE,0.6711366665398576,0.7550287498573398,0.8888888888888888
oracle_v3,Oracle v3,oracle_v3,0,0,60,1,"Episode month 46: MRR 1,063,259, avg churn 0.057, innovation 1.000. Trends were MRR INCREASING, innovation FLAT, churn FLAT. After 6 months the realized outcome was GROWTH.",46,52,GROWTH,POSITIVE,0.6631019780718552,0.7073087766099789,0.9375
oracle_v3,Oracle v3,oracle_v3,0,0,60,2,"Episode month 39: MRR 943,609, avg churn 0.051, innovation 1.000. Trends were MRR INCREASING, innovation FLAT, churn INCREASING. After 6 months the realized outcome was GROWTH.",39,45,GROWTH,POSITIVE,0.6281543763201317,0.7066736733601482,0.8888888888888888
oracle_v3,Oracle v3,oracle_v3,0,0,60,3,"Episode month 38: MRR 931,152, avg churn 0.046, innovation 1.000. Trends were MRR INCREASING, innovation FLAT, churn FLAT. After 6 months the realized outcome was GROWTH.",38,44,GROWTH,POSITIVE,0.6247626797252761,0.708064370355313,0.8823529411764706
oracle_v3,Oracle v3,oracle_v3,0,0,61,1,"Episode month 46: MRR 1,063,259, avg churn 0.057, innovation 1.000. Trends were MRR INCREASING, innovation FLAT, churn FLAT. After 6 months the realized outcome was GROWTH.",46,52,GROWTH,POSITIVE,0.6631019780718552,0.7073087766099789,0.9375
oracle_v3,Oracle v3,oracle_v3,0,0,61,2,"Episode month 39: MRR 943,609, avg churn 0.051, innovation 1.000. Trends were MRR INCREASING, innovation FLAT, churn INCREASING. After 6 months the realized outcome was GROWTH.",39,45,GROWTH,POSITIVE,0.6281543763201317,0.7066736733601482,0.8888888888888888
oracle_v3,Oracle v3,oracle_v3,0,0,61,3,"Episode month 38: MRR 931,152, avg churn 0.046, innovation 1.000. Trends were MRR INCREASING, innovation FLAT, churn FLAT. After 6 months the realized outcome was GROWTH.",38,44,GROWTH,POSITIVE,0.6247626797252761,0.708064370355313,0.8823529411764706
oracle_v3,Oracle v3,oracle_v3,0,0,62,1,"Episode month 46: MRR 1,063,259, avg churn 0.057, innovation 1.000. Trends were MRR INCREASING, innovation FLAT, churn FLAT. After 6 months the realized outcome was GROWTH.",46,52,GROWTH,POSITIVE,0.6631019780718552,0.7073087766099789,0.9375
oracle_v3,Oracle v3,oracle_v3,0,0,62,2,"Episode month 39: MRR 943,609, avg churn 0.051, innovation 1.000. Trends were MRR INCREASING, innovation FLAT, churn INCREASING. After 6 months the realized outcome was GROWTH.",39,45,GROWTH,POSITIVE,0.6281543763201317,0.7066736733601482,0.8888888888888888
oracle_v3,Oracle v3,oracle_v3,0,0,62,3,"Episode month 38: MRR 931,152, avg churn 0.046, innovation 1.000. Trends were MRR INCREASING, innovation FLAT, churn FLAT. After 6 months the realized outcome was GROWTH.",38,44,GROWTH,POSITIVE,0.6247626797252761,0.708064370355313,0.8823529411764706
oracle_v3,Oracle v3,oracle_v3,0,0,63,1,"Episode month 46: MRR 1,063,259, avg churn 0.057, innovation 1.000. Trends were MRR INCREASING, innovation FLAT, churn FLAT. After 6 months the realized outcome was GROWTH.",46,52,GROWTH,POSITIVE,0.6631019780718552,0.7073087766099789,0.9375
oracle_v3,Oracle v3,oracle_v3,0,0,63,2,"Episode month 39: MRR 943,609, avg churn 0.051, innovation 1.000. Trends were MRR INCREASING, innovation FLAT, churn INCREASING. After 6 months the realized outcome was GROWTH.",39,45,GROWTH,POSITIVE,0.6281543763201317,0.7066736733601482,0.8888888888888888
oracle_v3,Oracle v3,oracle_v3,0,0,63,3,"Episode month 38: MRR 931,152, avg churn 0.046, innovation 1.000. Trends were MRR INCREASING, innovation FLAT, churn FLAT. After 6 months the realized outcome was GROWTH.",38,44,GROWTH,POSITIVE,0.6247626797252761,0.708064370355313,0.8823529411764706
oracle_v3,Oracle v3,oracle_v3,0,0,64,1,"Episode month 46: MRR 1,063,259, avg churn 0.057, innovation 1.000. Trends were MRR INCREASING, innovation FLAT, churn FLAT. After 6 months the realized outcome was GROWTH.",46,52,GROWTH,POSITIVE,0.6631019780718552,0.7073087766099789,0.9375
oracle_v3,Oracle v3,oracle_v3,0,0,64,2,"Episode month 39: MRR 943,609, avg churn 0.051, innovation 1.000. Trends were MRR INCREASING, innovation FLAT, churn INCREASING. After 6 months the realized outcome was GROWTH.",39,45,GROWTH,POSITIVE,0.6281543763201317,0.7066736733601482,0.8888888888888888
oracle_v3,Oracle v3,oracle_v3,0,0,64,3,"Episode month 38: MRR 931,152, avg churn 0.046, innovation 1.000. Trends were MRR INCREASING, innovation FLAT, churn FLAT. After 6 months the realized outcome was GROWTH.",38,44,GROWTH,POSITIVE,0.6247626797252761,0.708064370355313,0.8823529411764706
oracle_v3,Oracle v3,oracle_v3,0,0,65,1,"Episode month 46: MRR 1,063,259, avg churn 0.057, innovation 1.000. Trends were MRR INCREASING, innovation FLAT, churn FLAT. After 6 months the realized outcome was GROWTH.",46,52,GROWTH,POSITIVE,0.6631019780718552,0.7073087766099789,0.9375
oracle_v3,Oracle v3,oracle_v3,0,0,65,2,"Episode month 39: MRR 943,609, avg churn 0.051, innovation 1.000. Trends were MRR INCREASING, innovation FLAT, churn INCREASING. After 6 months the realized outcome was GROWTH.",39,45,GROWTH,POSITIVE,0.6281543763201317,0.7066736733601482,0.8888888888888888
oracle_v3,Oracle v3,oracle_v3,0,0,65,3,"Episode month 38: MRR 931,152, avg churn 0.046, innovation 1.000. Trends were MRR INCREASING, innovation FLAT, churn FLAT. After 6 months the realized outcome was GROWTH.",38,44,GROWTH,POSITIVE,0.6247626797252761,0.708064370355313,0.8823529411764706
oracle_v3,Oracle v3,oracle_v3,0,0,66,1,"Episode month 46: MRR 1,063,259, avg churn 0.057, innovation 1.000. Trends were MRR INCREASING, innovation FLAT, churn FLAT. After 6 months the realized outcome was GROWTH.",46,52,GROWTH,POSITIVE,0.6631019780718552,0.7073087766099789,0.9375
oracle_v3,Oracle v3,oracle_v3,0,0,66,2,"Episode month 39: MRR 943,609, avg churn 0.051, innovation 1.000. Trends were MRR INCREASING, innovation FLAT, churn INCREASING. After 6 months the realized outcome was GROWTH.",39,45,GROWTH,POSITIVE,0.6281543763201317,0.7066736733601482,0.8888888888888888
oracle_v3,Oracle v3,oracle_v3,0,0,66,3,"Episode month 38: MRR 931,152, avg churn 0.046, innovation 1.000. Trends were MRR INCREASING, innovation FLAT, churn FLAT. After 6 months the realized outcome was GROWTH.",38,44,GROWTH,POSITIVE,0.6247626797252761,0.708064370355313,0.8823529411764706
oracle_v3,Oracle v3,oracle_v3,0,0,67,1,"Episode month 46: MRR 1,063,259, avg churn 0.057, innovation 1.000. Trends were MRR INCREASING, innovation FLAT, churn FLAT. After 6 months the realized outcome was GROWTH.",46,52,GROWTH,POSITIVE,0.6631019780718552,0.7073087766099789,0.9375
oracle_v3,Oracle v3,oracle_v3,0,0,67,2,"Episode month 39: MRR 943,609, avg churn 0.051, innovation 1.000. Trends were MRR INCREASING, innovation FLAT, churn INCREASING. After 6 months the realized outcome was GROWTH.",39,45,GROWTH,POSITIVE,0.6281543763201317,0.7066736733601482,0.8888888888888888
oracle_v3,Oracle v3,oracle_v3,0,0,67,3,"Episode month 38: MRR 931,152, avg churn 0.046, innovation 1.000. Trends were MRR INCREASING, innovation FLAT, churn FLAT. After 6 months the realized outcome was GROWTH.",38,44,GROWTH,POSITIVE,0.6247626797252761,0.708064370355313,0.8823529411764706
oracle_v3,Oracle v3,oracle_v3,0,0,68,1,"Episode month 46: MRR 1,063,259, avg churn 0.057, innovation 1.000. Trends were MRR INCREASING, innovation FLAT, churn FLAT. After 6 months the realized outcome was GROWTH.",46,52,GROWTH,POSITIVE,0.6631019780718552,0.7073087766099789,0.9375
oracle_v3,Oracle v3,oracle_v3,0,0,68,2,"Episode month 39: MRR 943,609, avg churn 0.051, innovation 1.000. Trends were MRR INCREASING, innovation FLAT, churn INCREASING. After 6 months the realized outcome was GROWTH.",39,45,GROWTH,POSITIVE,0.6281543763201317,0.7066736733601482,0.8888888888888888
oracle_v3,Oracle v3,oracle_v3,0,0,68,3,"Episode month 38: MRR 931,152, avg churn 0.046, innovation 1.000. Trends were MRR INCREASING, innovation FLAT, churn FLAT. After 6 months the realized outcome was GROWTH.",38,44,GROWTH,POSITIVE,0.6247626797252761,0.708064370355313,0.8823529411764706
oracle_v3,Oracle v3,oracle_v3,0,0,69,1,"Episode month 46: MRR 1,063,259, avg churn 0.057, innovation 1.000. Trends were MRR INCREASING, innovation FLAT, churn FLAT. After 6 months the realized outcome was GROWTH.",46,52,GROWTH,POSITIVE,0.6631019780718552,0.7073087766099789,0.9375
oracle_v3,Oracle v3,oracle_v3,0,0,69,2,"Episode month 39: MRR 943,609, avg churn 0.051, innovation 1.000. Trends were MRR INCREASING, innovation FLAT, churn INCREASING. After 6 months the realized outcome was GROWTH.",39,45,GROWTH,POSITIVE,0.6281543763201317,0.7066736733601482,0.8888888888888888
oracle_v3,Oracle v3,oracle_v3,0,0,69,3,"Episode month 38: MRR 931,152, avg churn 0.046, innovation 1.000. Trends were MRR INCREASING, innovation FLAT, churn FLAT. After 6 months the realized outcome was GROWTH.",38,44,GROWTH,POSITIVE,0.6247626797252761,0.708064370355313,0.8823529411764706
oracle_v3,Oracle v3,oracle_v3,0,0,70,1,"Episode month 46: MRR 1,063,259, avg churn 0.057, innovation 1.000. Trends were MRR INCREASING, innovation FLAT, churn FLAT. After 6 months the realized outcome was GROWTH.",46,52,GROWTH,POSITIVE,0.6051282081616545,0.6958974393859025,0.8695652173913044
oracle_v3,Oracle v3,oracle_v3,0,0,70,2,"Episode month 38: MRR 931,152, avg churn 0.046, innovation 1.000. Trends were MRR INCREASING, innovation FLAT, churn FLAT. After 6 months the realized outcome was GROWTH.",38,44,GROWTH,POSITIVE,0.5750132777177481,0.699599487889927,0.821917808219178
oracle_v3,Oracle v3,oracle_v3,0,0,70,3,"Episode month 36: MRR 897,481, avg churn 0.046, innovation 1.000. Trends were MRR INCREASING, innovation FLAT, churn FLAT. After 6 months the realized outcome was GROWTH.",36,42,GROWTH,POSITIVE,0.5598573216128855,0.6904906966558921,0.8108108108108107
oracle_v3,Oracle v3,oracle_v3,0,0,71,1,"Episode month 46: MRR 1,063,259, avg churn 0.057, innovation 1.000. Trends were MRR INCREASING, innovation FLAT, churn FLAT. After 6 months the realized outcome was GROWTH.",46,52,GROWTH,POSITIVE,0.628757685195304,0.728310985351227,0.8633093525179857
oracle_v3,Oracle v3,oracle_v3,0,0,71,2,"Episode month 39: MRR 943,609, avg churn 0.051, innovation 1.000. Trends were MRR INCREASING, innovation FLAT, churn INCREASING. After 6 months the realized outcome was GROWTH.",39,45,GROWTH,POSITIVE,0.6001627855759135,0.7301980557840282,0.821917808219178
oracle_v3,Oracle v3,oracle_v3,0,0,71,3,"Episode month 38: MRR 931,152, avg churn 0.046, innovation 1.000. Trends were MRR INCREASING, innovation FLAT, churn FLAT. After 6 months the realized outcome was GROWTH.",38,44,GROWTH,POSITIVE,0.594445184120426,0.7281953505475219,0.8163265306122448
oracle_v3,Oracle v3,oracle_v3,0,0,72,1,"Episode month 46: MRR 1,063,259, avg churn 0.057, innovation 1.000. Trends were MRR INCREASING, innovation FLAT, churn FLAT. After 6 months the realized outcome was GROWTH.",46,52,GROWTH,POSITIVE,0.617813345200984,0.7207822360678147,0.8571428571428571
oracle_v3,Oracle v3,oracle_v3,0,0,72,2,"Episode month 39: MRR 943,609, avg churn 0.051, innovation 1.000. Trends were MRR INCREASING, innovation FLAT, churn INCREASING. After 6 months the realized outcome was GROWTH.",39,45,GROWTH,POSITIVE,0.5864534431382453,0.7184054678443506,0.8163265306122448
oracle_v3,Oracle v3,oracle_v3,0,0,72,3,"Episode month 38: MRR 931,152, avg churn 0.046, innovation 1.000. Trends were MRR INCREASING, innovation FLAT, churn FLAT. After 6 months the realized outcome was GROWTH.",38,44,GROWTH,POSITIVE,0.5827405135085413,0.7187132999938677,0.8108108108108107
oracle_v3,Oracle v3,oracle_v3,0,0,73,1,"Episode month 46: MRR 1,063,259, avg churn 0.057, innovation 1.000. Trends were MRR INCREASING, innovation FLAT, churn FLAT. After 6 months the realized outcome was GROWTH.",46,52,GROWTH,POSITIVE,0.5935176615896941,0.6973832523678906,0.851063829787234
oracle_v3,Oracle v3,oracle_v3,0,0,73,2,"Episode month 39: MRR 943,609, avg churn 0.051, innovation 1.000. Trends were MRR INCREASING, innovation FLAT, churn INCREASING. After 6 months the realized outcome was GROWTH.",39,45,GROWTH,POSITIVE,0.5665351779659533,0.6987267194913425,0.8108108108108107
oracle_v3,Oracle v3,oracle_v3,0,0,73,3,"Episode month 38: MRR 931,152, avg churn 0.046, innovation 1.000. Trends were MRR INCREASING, innovation FLAT, churn FLAT. After 6 months the realized outcome was GROWTH.",38,44,GROWTH,POSITIVE,0.5608132550480247,0.696343125017964,0.8053691275167785
oracle_v3,Oracle v3,oracle_v3,0,0,74,1,"Episode month 46: MRR 1,063,259, avg churn 0.057, innovation 1.000. Trends were MRR INCREASING, innovation FLAT, churn FLAT. After 6 months the realized outcome was GROWTH.",46,52,GROWTH,POSITIVE,0.611318139632243,0.7233931318981542,0.8450704225352113
oracle_v3,Oracle v3,oracle_v3,0,0,74,2,"Episode month 39: MRR 943,609, avg churn 0.051, innovation 1.000. Trends were MRR INCREASING, innovation FLAT, churn INCREASING. After 6 months the realized outcome was GROWTH.",39,45,GROWTH,POSITIVE,0.5890979459574982,0.731463282897227,0.8053691275167785
oracle_v3,Oracle v3,oracle_v3,0,0,74,3,"Episode month 41: MRR 979,228, avg churn 0.057, innovation 1.000. Trends were MRR INCREASING, innovation FLAT, churn INCREASING. After 6 months the realized outcome was GROWTH.",41,47,GROWTH,POSITIVE,0.5861233795961247,0.7180011400052528,0.8163265306122448
oracle_v3,Oracle v3,oracle_v3,0,0,75,1,"Episode month 46: MRR 1,063,259, avg churn 0.057, innovation 1.000. Trends were MRR INCREASING, innovation FLAT, churn FLAT. After 6 months the realized outcome was GROWTH.",46,52,GROWTH,POSITIVE,0.611318139632243,0.7233931318981542,0.8450704225352113
oracle_v3,Oracle v3,oracle_v3,0,0,75,2,"Episode month 39: MRR 943,609, avg churn 0.051, innovation 1.000. Trends were MRR INCREASING, innovation FLAT, churn INCREASING. After 6 months the realized outcome was GROWTH.",39,45,GROWTH,POSITIVE,0.5890979459574982,0.731463282897227,0.8053691275167785
oracle_v3,Oracle v3,oracle_v3,0,0,75,3,"Episode month 41: MRR 979,228, avg churn 0.057, innovation 1.000. Trends were MRR INCREASING, innovation FLAT, churn INCREASING. After 6 months the realized outcome was GROWTH.",41,47,GROWTH,POSITIVE,0.5861233795961247,0.7180011400052528,0.8163265306122448
oracle_v3,Oracle v3,oracle_v3,0,0,76,1,"Episode month 46: MRR 1,063,259, avg churn 0.057, innovation 1.000. Trends were MRR INCREASING, innovation FLAT, churn FLAT. After 6 months the realized outcome was GROWTH.",46,52,GROWTH,POSITIVE,0.611318139632243,0.7233931318981542,0.8450704225352113
oracle_v3,Oracle v3,oracle_v3,0,0,76,2,"Episode month 39: MRR 943,609, avg churn 0.051, innovation 1.000. Trends were MRR INCREASING, innovation FLAT, churn INCREASING. After 6 months the realized outcome was GROWTH.",39,45,GROWTH,POSITIVE,0.5890979459574982,0.731463282897227,0.8053691275167785
oracle_v3,Oracle v3,oracle_v3,0,0,76,3,"Episode month 41: MRR 979,228, avg churn 0.057, innovation 1.000. Trends were MRR INCREASING, innovation FLAT, churn INCREASING. After 6 months the realized outcome was GROWTH.",41,47,GROWTH,POSITIVE,0.5861233795961247,0.7180011400052528,0.8163265306122448
oracle_v3,Oracle v3,oracle_v3,0,0,77,1,"Episode month 46: MRR 1,063,259, avg churn 0.057, innovation 1.000. Trends were MRR INCREASING, innovation FLAT, churn FLAT. After 6 months the realized outcome was GROWTH.",46,52,GROWTH,POSITIVE,0.611318139632243,0.7233931318981542,0.8450704225352113
oracle_v3,Oracle v3,oracle_v3,0,0,77,2,"Episode month 39: MRR 943,609, avg churn 0.051, innovation 1.000. Trends were MRR INCREASING, innovation FLAT, churn INCREASING. After 6 months the realized outcome was GROWTH.",39,45,GROWTH,POSITIVE,0.5890979459574982,0.731463282897227,0.8053691275167785
oracle_v3,Oracle v3,oracle_v3,0,0,77,3,"Episode month 41: MRR 979,228, avg churn 0.057, innovation 1.000. Trends were MRR INCREASING, innovation FLAT, churn INCREASING. After 6 months the realized outcome was GROWTH.",41,47,GROWTH,POSITIVE,0.5861233795961247,0.7180011400052528,0.8163265306122448
oracle_v3,Oracle v3,oracle_v3,0,0,78,1,"Episode month 46: MRR 1,063,259, avg churn 0.057, innovation 1.000. Trends were MRR INCREASING, innovation FLAT, churn FLAT. After 6 months the realized outcome was GROWTH.",46,52,GROWTH,POSITIVE,0.6236778629513453,0.7588080665908035,0.821917808219178
oracle_v3,Oracle v3,oracle_v3,0,0,78,2,"Episode month 39: MRR 943,609, avg churn 0.051, innovation 1.000. Trends were MRR INCREASING, innovation FLAT, churn INCREASING. After 6 months the realized outcome was GROWTH.",39,45,GROWTH,POSITIVE,0.6062558519845739,0.7729762112803316,0.7843137254901962
oracle_v3,Oracle v3,oracle_v3,0,0,78,3,"Episode month 41: MRR 979,228, avg churn 0.057, innovation 1.000. Trends were MRR INCREASING, innovation FLAT, churn INCREASING. After 6 months the realized outcome was GROWTH.",41,47,GROWTH,POSITIVE,0.6022294053871293,0.7578053351121377,0.794701986754967
oracle_v3,Oracle v3,oracle_v3,0,0,79,1,"Episode month 46: MRR 1,063,259, avg churn 0.057, innovation 1.000. Trends were MRR INCREASING, innovation FLAT, churn FLAT. After 6 months the realized outcome was GROWTH.",46,52,GROWTH,POSITIVE,0.6180358937710358,0.757093969869519,0.8163265306122448
oracle_v3,Oracle v3,oracle_v3,0,0,79,2,"Episode month 39: MRR 943,609, avg churn 0.051, innovation 1.000. Trends were MRR INCREASING, innovation FLAT, churn INCREASING. After 6 months the realized outcome was GROWTH.",39,45,GROWTH,POSITIVE,0.6016498865735839,0.7721173544360993,0.7792207792207793
oracle_v3,Oracle v3,oracle_v3,0,0,79,3,"Episode month 41: MRR 979,228, avg churn 0.057, innovation 1.000. Trends were MRR INCREASING, innovation FLAT, churn INCREASING. After 6 months the realized outcome was GROWTH.",41,47,GROWTH,POSITIVE,0.5968986198802622,0.7560715851816654,0.7894736842105263
oracle_v3,Oracle v3,oracle_v3,0,0,80,1,"Episode month 46: MRR 1,063,259, avg churn 0.057, innovation 1.000. Trends were MRR INCREASING, innovation FLAT, churn FLAT. After 6 months the realized outcome was GROWTH.",46,52,GROWTH,POSITIVE,0.5855777052296908,0.7222125031166187,0.8108108108108107
oracle_v3,Oracle v3,oracle_v3,0,0,80,2,"Episode month 41: MRR 979,228, avg churn 0.057, innovation 1.000. Trends were MRR INCREASING, innovation FLAT, churn INCREASING. After 6 months the realized outcome was GROWTH.",41,47,GROWTH,POSITIVE,0.5798639935228883,0.7393265917416825,0.7843137254901962
oracle_v3,Oracle v3,oracle_v3,0,0,80,3,"Episode month 39: MRR 943,609, avg churn 0.051, innovation 1.000. Trends were MRR INCREASING, innovation FLAT, churn INCREASING. After 6 months the realized outcome was GROWTH.",39,45,GROWTH,POSITIVE,0.578051324173287,0.7466496270571624,0.7741935483870968
oracle_v3,Oracle v3,oracle_v3,0,0,81,1,"Episode month 46: MRR 1,063,259, avg churn 0.057, innovation 1.000. Trends were MRR INCREASING, innovation FLAT, churn FLAT. After 6 months the realized outcome was GROWTH.",46,52,GROWTH,POSITIVE,0.5855777052296908,0.7222125031166187,0.8108108108108107
oracle_v3,Oracle v3,oracle_v3,0,0,81,2,"Episode month 41: MRR 979,228, avg churn 0.057, innovation 1.000. Trends were MRR INCREASING, innovation FLAT, churn INCREASING. After 6 months the realized outcome was GROWTH.",41,47,GROWTH,POSITIVE,0.5798639935228883,0.7393265917416825,0.7843137254901962
oracle_v3,Oracle v3,oracle_v3,0,0,81,3,"Episode month 39: MRR 943,609, avg churn 0.051, innovation 1.000. Trends were MRR INCREASING, innovation FLAT, churn INCREASING. After 6 months the realized outcome was GROWTH.",39,45,GROWTH,POSITIVE,0.578051324173287,0.7466496270571624,0.7741935483870968
oracle_v3,Oracle v3,oracle_v3,0,0,82,1,"Episode month 46: MRR 1,063,259, avg churn 0.057, innovation 1.000. Trends were MRR INCREASING, innovation FLAT, churn FLAT. After 6 months the realized outcome was GROWTH.",46,52,GROWTH,POSITIVE,0.5855777052296908,0.7222125031166187,0.8108108108108107
oracle_v3,Oracle v3,oracle_v3,0,0,82,2,"Episode month 41: MRR 979,228, avg churn 0.057, innovation 1.000. Trends were MRR INCREASING, innovation FLAT, churn INCREASING. After 6 months the realized outcome was GROWTH.",41,47,GROWTH,POSITIVE,0.5798639935228883,0.7393265917416825,0.7843137254901962
oracle_v3,Oracle v3,oracle_v3,0,0,82,3,"Episode month 39: MRR 943,609, avg churn 0.051, innovation 1.000. Trends were MRR INCREASING, innovation FLAT, churn INCREASING. After 6 months the realized outcome was GROWTH.",39,45,GROWTH,POSITIVE,0.578051324173287,0.7466496270571624,0.7741935483870968
oracle_v3,Oracle v3,oracle_v3,0,0,83,1,"Episode month 77: MRR 1,171,547, avg churn 0.229, innovation 0.953. Trends were MRR DECREASING, innovation DECREASING, churn FLAT. After 6 months the realized outcome was DECLINE.",77,83,DECLINE,NEGATIVE,0.7379375625418444,0.7379375625418444,1.0
oracle_v3,Oracle v3,oracle_v3,0,0,83,2,"Episode month 73: MRR 1,301,499, avg churn 0.229, innovation 1.000. Trends were MRR FLAT, innovation FLAT, churn INCREASING. After 6 months the realized outcome was DECLINE.",73,79,DECLINE,NEGATIVE,0.7131181947862731,0.736888801279149,0.9677419354838709
oracle_v3,Oracle v3,oracle_v3,0,0,83,3,"Episode month 72: MRR 1,374,329, avg churn 0.136, innovation 1.000. Trends were MRR FLAT, innovation FLAT, churn INCREASING. After 6 months the realized outcome was DECLINE.",72,78,DECLINE,NEGATIVE,0.6965408070282167,0.7255633406543924,0.96
oracle_v3,Oracle v3,oracle_v3,0,0,84,1,"Episode month 77: MRR 1,171,547, avg churn 0.229, innovation 0.953. Trends were MRR DECREASING, innovation DECREASING, churn FLAT. After 6 months the realized outcome was DECLINE.",77,83,DECLINE,NEGATIVE,0.7379375625418444,0.7379375625418444,1.0
oracle_v3,Oracle v3,oracle_v3,0,0,84,2,"Episode month 73: MRR 1,301,499, avg churn 0.229, innovation 1.000. Trends were MRR FLAT, innovation FLAT, churn INCREASING. After 6 months the realized outcome was DECLINE.",73,79,DECLINE,NEGATIVE,0.7131181947862731,0.736888801279149,0.9677419354838709
oracle_v3,Oracle v3,oracle_v3,0,0,84,3,"Episode month 72: MRR 1,374,329, avg churn 0.136, innovation 1.000. Trends were MRR FLAT, innovation FLAT, churn INCREASING. After 6 months the realized outcome was DECLINE.",72,78,DECLINE,NEGATIVE,0.6965408070282167,0.7255633406543924,0.96
oracle_v3,Oracle v3,oracle_v3,0,0,85,1,"Episode month 77: MRR 1,171,547, avg churn 0.229, innovation 0.953. Trends were MRR DECREASING, innovation DECREASING, churn FLAT. After 6 months the realized outcome was DECLINE.",77,83,DECLINE,NEGATIVE,0.742331604902203,0.7547037983172395,0.9836065573770493
oracle_v3,Oracle v3,oracle_v3,0,0,85,2,"Episode month 79: MRR 1,061,028, avg churn 0.321, innovation 0.869. Trends were MRR DECREASING, innovation DECREASING, churn INCREASING. After 6 months the realized outcome was DECLINE.",79,85,DECLINE,NEGATIVE,0.7263160255279674,0.7263160255279674,1.0
oracle_v3,Oracle v3,oracle_v3,0,0,85,3,"Episode month 78: MRR 1,124,094, avg churn 0.271, innovation 0.910. Trends were MRR DECREASING, innovation DECREASING, churn INCREASING. After 6 months the realized outcome was DECLINE.",78,84,DECLINE,NEGATIVE,0.7238596716857689,0.7298918356164836,0.9917355371900827
oracle_v3,Oracle v3,oracle_v3,0,0,86,1,"Episode month 77: MRR 1,171,547, avg churn 0.229, innovation 0.953. Trends were MRR DECREASING, innovation DECREASING, churn FLAT. After 6 months the realized outcome was DECLINE.",77,83,DECLINE,NEGATIVE,0.742331604902203,0.7547037983172395,0.9836065573770493
oracle_v3,Oracle v3,oracle_v3,0,0,86,2,"Episode month 79: MRR 1,061,028, avg churn 0.321, innovation 0.869. Trends were MRR DECREASING, innovation DECREASING, churn INCREASING. After 6 months the realized outcome was DECLINE.",79,85,DECLINE,NEGATIVE,0.7263160255279674,0.7263160255279674,1.0
oracle_v3,Oracle v3,oracle_v3,0,0,86,3,"Episode month 78: MRR 1,124,094, avg churn 0.271, innovation 0.910. Trends were MRR DECREASING, innovation DECREASING, churn INCREASING. After 6 months the realized outcome was DECLINE.",78,84,DECLINE,NEGATIVE,0.7238596716857689,0.7298918356164836,0.9917355371900827
oracle_v3,Oracle v3,oracle_v3,0,0,87,1,"Episode month 77: MRR 1,171,547, avg churn 0.229, innovation 0.953. Trends were MRR DECREASING, innovation DECREASING, churn FLAT. After 6 months the realized outcome was DECLINE.",77,83,DECLINE,NEGATIVE,0.742331604902203,0.7547037983172395,0.9836065573770493
oracle_v3,Oracle v3,oracle_v3,0,0,87,2,"Episode month 79: MRR 1,061,028, avg churn 0.321, innovation 0.869. Trends were MRR DECREASING, innovation DECREASING, churn INCREASING. After 6 months the realized outcome was DECLINE.",79,85,DECLINE,NEGATIVE,0.7263160255279674,0.7263160255279674,1.0
oracle_v3,Oracle v3,oracle_v3,0,0,87,3,"Episode month 78: MRR 1,124,094, avg churn 0.271, innovation 0.910. Trends were MRR DECREASING, innovation DECREASING, churn INCREASING. After 6 months the realized outcome was DECLINE.",78,84,DECLINE,NEGATIVE,0.7238596716857689,0.7298918356164836,0.9917355371900827
oracle_v3,Oracle v3,oracle_v3,0,0,88,1,"Episode month 77: MRR 1,171,547, avg churn 0.229, innovation 0.953. Trends were MRR DECREASING, innovation DECREASING, churn FLAT. After 6 months the realized outcome was DECLINE.",77,83,DECLINE,NEGATIVE,0.7016044887347107,0.730838009098657,0.96
oracle_v3,Oracle v3,oracle_v3,0,0,88,2,"Episode month 75: MRR 1,252,546, avg churn 0.229, innovation 1.000. Trends were MRR DECREASING, innovation FLAT, churn INCREASING. After 6 months the realized outcome was DECLINE.",75,81,DECLINE,NEGATIVE,0.685772887157821,0.7257763055753607,0.9448818897637795
oracle_v3,Oracle v3,oracle_v3,0,0,88,3,"Episode month 76: MRR 1,231,658, avg churn 0.229, innovation 1.000. Trends were MRR DECREASING, innovation FLAT, churn INCREASING. After 6 months the realized outcome was DECLINE.",76,82,DECLINE,NEGATIVE,0.680266212147481,0.7142795227548551,0.9523809523809523
oracle_v3,Oracle v3,oracle_v3,0,0,89,1,"Episode month 77: MRR 1,171,547, avg churn 0.229, innovation 0.953. Trends were MRR DECREASING, innovation DECREASING, churn FLAT. After 6 months the realized outcome was DECLINE.",77,83,DECLINE,NEGATIVE,0.7016044887347107,0.730838009098657,0.96
oracle_v3,Oracle v3,oracle_v3,0,0,89,2,"Episode month 75: MRR 1,252,546, avg churn 0.229, innovation 1.000. Trends were MRR DECREASING, innovation FLAT, churn INCREASING. After 6 months the realized outcome was DECLINE.",75,81,DECLINE,NEGATIVE,0.685772887157821,0.7257763055753607,0.9448818897637795
oracle_v3,Oracle v3,oracle_v3,0,0,89,3,"Episode month 76: MRR 1,231,658, avg churn 0.229, innovation 1.000. Trends were MRR DECREASING, innovation FLAT, churn INCREASING. After 6 months the realized outcome was DECLINE.",76,82,DECLINE,NEGATIVE,0.680266212147481,0.7142795227548551,0.9523809523809523
oracle_v3,Oracle v3,oracle_v3,0,0,90,1,"Episode month 84: MRR 763,832, avg churn 0.321, innovation 0.705. Trends were MRR DECREASING, innovation DECREASING, churn FLAT. After 6 months the realized outcome was DECLINE.",84,90,DECLINE,NEGATIVE,0.7175456908775378,0.7175456908775378,1.0
oracle_v3,Oracle v3,oracle_v3,0,0,90,2,"Episode month 83: MRR 820,377, avg churn 0.321, innovation 0.733. Trends were MRR DECREASING, innovation DECREASING, churn FLAT. After 6 months the realized outcome was DECLINE.",83,89,DECLINE,NEGATIVE,0.7169196693712351,0.7228939999493287,0.9917355371900827
oracle_v3,Oracle v3,oracle_v3,0,0,90,3,"Episode month 80: MRR 993,088, avg churn 0.321, innovation 0.832. Trends were MRR DECREASING, innovation DECREASING, churn INCREASING. After 6 months the realized outcome was DECLINE.",80,86,DECLINE,NEGATIVE,0.6969496562686708,0.7201813114776265,0.9677419354838709
oracle_v3,Oracle v3,oracle_v3,0,0,91,1,"Episode month 84: MRR 763,832, avg churn 0.321, innovation 0.705. Trends were MRR DECREASING, innovation DECREASING, churn FLAT. After 6 months the realized outcome was DECLINE.",84,90,DECLINE,NEGATIVE,0.7175456908775378,0.7175456908775378,1.0
oracle_v3,Oracle v3,oracle_v3,0,0,91,2,"Episode month 83: MRR 820,377, avg churn 0.321, innovation 0.733. Trends were MRR DECREASING, innovation DECREASING, churn FLAT. After 6 months the realized outcome was DECLINE.",83,89,DECLINE,NEGATIVE,0.7169196693712351,0.7228939999493287,0.9917355371900827
oracle_v3,Oracle v3,oracle_v3,0,0,91,3,"Episode month 80: MRR 993,088, avg churn 0.321, innovation 0.832. Trends were MRR DECREASING, innovation DECREASING, churn INCREASING. After 6 months the realized outcome was DECLINE.",80,86,DECLINE,NEGATIVE,0.6969496562686708,0.7201813114776265,0.9677419354838709
oracle_v3,Oracle v3,oracle_v3,0,0,92,1,"Episode month 77: MRR 1,171,547, avg churn 0.229, innovation 0.953. Trends were MRR DECREASING, innovation DECREASING, churn FLAT. After 6 months the realized outcome was DECLINE.",77,83,DECLINE,NEGATIVE,0.6723569795851453,0.7227837530540312,0.9302325581395349
oracle_v3,Oracle v3,oracle_v3,0,0,92,2,"Episode month 75: MRR 1,252,546, avg churn 0.229, innovation 1.000. Trends were MRR DECREASING, innovation FLAT, churn INCREASING. After 6 months the realized outcome was DECLINE.",75,81,DECLINE,NEGATIVE,0.6616546650092732,0.7223063426351232,0.9160305343511451
oracle_v3,Oracle v3,oracle_v3,0,0,92,3,"Episode month 73: MRR 1,301,499, avg churn 0.229, innovation 1.000. Trends were MRR FLAT, innovation FLAT, churn INCREASING. After 6 months the realized outcome was DECLINE.",73,79,DECLINE,NEGATIVE,0.6497843162710871,0.7201776172004549,0.9022556390977443
oracle_v3,Oracle v3,oracle_v3,0,0,93,1,"Episode month 77: MRR 1,171,547, avg churn 0.229, innovation 0.953. Trends were MRR DECREASING, innovation DECREASING, churn FLAT. After 6 months the realized outcome was DECLINE.",77,83,DECLINE,NEGATIVE,0.6723569795851453,0.7227837530540312,0.9302325581395349
oracle_v3,Oracle v3,oracle_v3,0,0,93,2,"Episode month 75: MRR 1,252,546, avg churn 0.229, innovation 1.000. Trends were MRR DECREASING, innovation FLAT, churn INCREASING. After 6 months the realized outcome was DECLINE.",75,81,DECLINE,NEGATIVE,0.6616546650092732,0.7223063426351232,0.9160305343511451
oracle_v3,Oracle v3,oracle_v3,0,0,93,3,"Episode month 73: MRR 1,301,499, avg churn 0.229, innovation 1.000. Trends were MRR FLAT, innovation FLAT, churn INCREASING. After 6 months the realized outcome was DECLINE.",73,79,DECLINE,NEGATIVE,0.6497843162710871,0.7201776172004549,0.9022556390977443
oracle_v3,Oracle v3,oracle_v3,0,0,94,1,"Episode month 77: MRR 1,171,547, avg churn 0.229, innovation 0.953. Trends were MRR DECREASING, innovation DECREASING, churn FLAT. After 6 months the realized outcome was DECLINE.",77,83,DECLINE,NEGATIVE,0.6723569795851453,0.7227837530540312,0.9302325581395349
oracle_v3,Oracle v3,oracle_v3,0,0,94,2,"Episode month 75: MRR 1,252,546, avg churn 0.229, innovation 1.000. Trends were MRR DECREASING, innovation FLAT, churn INCREASING. After 6 months the realized outcome was DECLINE.",75,81,DECLINE,NEGATIVE,0.6616546650092732,0.7223063426351232,0.9160305343511451
oracle_v3,Oracle v3,oracle_v3,0,0,94,3,"Episode month 73: MRR 1,301,499, avg churn 0.229, innovation 1.000. Trends were MRR FLAT, innovation FLAT, churn INCREASING. After 6 months the realized outcome was DECLINE.",73,79,DECLINE,NEGATIVE,0.6497843162710871,0.7201776172004549,0.9022556390977443
oracle_v3,Oracle v3,oracle_v3,0,0,95,1,"Episode month 77: MRR 1,171,547, avg churn 0.229, innovation 0.953. Trends were MRR DECREASING, innovation DECREASING, churn FLAT. After 6 months the realized outcome was DECLINE.",77,83,DECLINE,NEGATIVE,0.6898793076686238,0.7588672384354862,0.9090909090909091
oracle_v3,Oracle v3,oracle_v3,0,0,95,2,"Episode month 75: MRR 1,252,546, avg churn 0.229, innovation 1.000. Trends were MRR DECREASING, innovation FLAT, churn INCREASING. After 6 months the realized outcome was DECLINE.",75,81,DECLINE,NEGATIVE,0.66813898499706,0.746088533246717,0.8955223880597015
oracle_v3,Oracle v3,oracle_v3,0,0,95,3,"Episode month 74: MRR 1,282,143, avg churn 0.229, innovation 1.000. Trends were MRR DECREASING, innovation FLAT, churn INCREASING. After 6 months the realized outcome was DECLINE.",74,80,DECLINE,NEGATIVE,0.6633364458582813,0.7462535015905666,0.8888888888888888
oracle_v3,Oracle v3,oracle_v3,0,0,96,1,"Episode month 77: MRR 1,171,547, avg churn 0.229, innovation 0.953. Trends were MRR DECREASING, innovation DECREASING, churn FLAT. After 6 months the realized outcome was DECLINE.",77,83,DECLINE,NEGATIVE,0.6898793076686238,0.7588672384354862,0.9090909090909091
oracle_v3,Oracle v3,oracle_v3,0,0,96,2,"Episode month 75: MRR 1,252,546, avg churn 0.229, innovation 1.000. Trends were MRR DECREASING, innovation FLAT, churn INCREASING. After 6 months the realized outcome was DECLINE.",75,81,DECLINE,NEGATIVE,0.66813898499706,0.746088533246717,0.8955223880597015
oracle_v3,Oracle v3,oracle_v3,0,0,96,3,"Episode month 74: MRR 1,282,143, avg churn 0.229, innovation 1.000. Trends were MRR DECREASING, innovation FLAT, churn INCREASING. After 6 months the realized outcome was DECLINE.",74,80,DECLINE,NEGATIVE,0.6633364458582813,0.7462535015905666,0.8888888888888888
oracle_v3,Oracle v3,oracle_v3,0,0,97,1,"Episode month 77: MRR 1,171,547, avg churn 0.229, innovation 0.953. Trends were MRR DECREASING, innovation DECREASING, churn FLAT. After 6 months the realized outcome was DECLINE.",77,83,DECLINE,NEGATIVE,0.6637333157617461,0.7411688692672831,0.8955223880597015
oracle_v3,Oracle v3,oracle_v3,0,0,97,2,"Episode month 78: MRR 1,124,094, avg churn 0.271, innovation 0.910. Trends were MRR DECREASING, innovation DECREASING, churn INCREASING. After 6 months the realized outcome was DECLINE.",78,84,DECLINE,NEGATIVE,0.662162951370796,0.7338972711026323,0.9022556390977443
oracle_v3,Oracle v3,oracle_v3,0,0,97,3,"Episode month 79: MRR 1,061,028, avg churn 0.321, innovation 0.869. Trends were MRR DECREASING, innovation DECREASING, churn INCREASING. After 6 months the realized outcome was DECLINE.",79,85,DECLINE,NEGATIVE,0.6609166802243381,0.727008348246772,0.9090909090909091
oracle_v3,Oracle v3,oracle_v3,0,0,98,1,"Episode month 77: MRR 1,171,547, avg churn 0.229, innovation 0.953. Trends were MRR DECREASING, innovation DECREASING, churn FLAT. After 6 months the realized outcome was DECLINE.",77,83,DECLINE,NEGATIVE,0.6637333157617461,0.7411688692672831,0.8955223880597015
oracle_v3,Oracle v3,oracle_v3,0,0,98,2,"Episode month 78: MRR 1,124,094, avg churn 0.271, innovation 0.910. Trends were MRR DECREASING, innovation DECREASING, churn INCREASING. After 6 months the realized outcome was DECLINE.",78,84,DECLINE,NEGATIVE,0.662162951370796,0.7338972711026323,0.9022556390977443
oracle_v3,Oracle v3,oracle_v3,0,0,98,3,"Episode month 79: MRR 1,061,028, avg churn 0.321, innovation 0.869. Trends were MRR DECREASING, innovation DECREASING, churn INCREASING. After 6 months the realized outcome was DECLINE.",79,85,DECLINE,NEGATIVE,0.6609166802243381,0.727008348246772,0.9090909090909091
oracle_v3,Oracle v3,oracle_v3,0,0,99,1,"Episode month 77: MRR 1,171,547, avg churn 0.229, innovation 0.953. Trends were MRR DECREASING, innovation DECREASING, churn FLAT. After 6 months the realized outcome was DECLINE.",77,83,DECLINE,NEGATIVE,0.6637333157617461,0.7411688692672831,0.8955223880597015
oracle_v3,Oracle v3,oracle_v3,0,0,99,2,"Episode month 78: MRR 1,124,094, avg churn 0.271, innovation 0.910. Trends were MRR DECREASING, innovation DECREASING, churn INCREASING. After 6 months the realized outcome was DECLINE.",78,84,DECLINE,NEGATIVE,0.662162951370796,0.7338972711026323,0.9022556390977443
oracle_v3,Oracle v3,oracle_v3,0,0,99,3,"Episode month 79: MRR 1,061,028, avg churn 0.321, innovation 0.869. Trends were MRR DECREASING, innovation DECREASING, churn INCREASING. After 6 months the realized outcome was DECLINE.",79,85,DECLINE,NEGATIVE,0.6609166802243381,0.727008348246772,0.9090909090909091
oracle_v3,Oracle v3,oracle_v3,0,0,100,1,"Episode month 93: MRR 407,785, avg churn 0.321, innovation 0.518. Trends were MRR DECREASING, innovation DECREASING, churn FLAT. After 6 months the realized outcome was DECLINE.",93,99,DECLINE,NEGATIVE,0.6887080860084533,0.6944473200585237,0.9917355371900827
oracle_v3,Oracle v3,oracle_v3,0,0,100,2,"Episode month 94: MRR 383,101, avg churn 0.321, innovation 0.504. Trends were MRR DECREASING, innovation DECREASING, churn FLAT. After 6 months the realized outcome was DECLINE.",94,100,DECLINE,NEGATIVE,0.6857550337734195,0.6857550337734195,1.0
oracle_v3,Oracle v3,oracle_v3,0,0,100,3,"Episode month 92: MRR 433,654, avg churn 0.321, innovation 0.532. Trends were MRR DECREASING, innovation DECREASING, churn FLAT. After 6 months the realized outcome was DECLINE.",92,98,DECLINE,NEGATIVE,0.6776373852906264,0.6889313417121368,0.9836065573770493
oracle_v3,Oracle v3,oracle_v3,0,0,101,1,"Episode month 93: MRR 407,785, avg churn 0.321, innovation 0.518. Trends were MRR DECREASING, innovation DECREASING, churn FLAT. After 6 months the realized outcome was DECLINE.",93,99,DECLINE,NEGATIVE,0.6887080860084533,0.6944473200585237,0.9917355371900827
oracle_v3,Oracle v3,oracle_v3,0,0,101,2,"Episode month 94: MRR 383,101, avg churn 0.321, innovation 0.504. Trends were MRR DECREASING, innovation DECREASING, churn FLAT. After 6 months the realized outcome was DECLINE.",94,100,DECLINE,NEGATIVE,0.6857550337734195,0.6857550337734195,1.0
oracle_v3,Oracle v3,oracle_v3,0,0,101,3,"Episode month 92: MRR 433,654, avg churn 0.321, innovation 0.532. Trends were MRR DECREASING, innovation DECREASING, churn FLAT. After 6 months the realized outcome was DECLINE.",92,98,DECLINE,NEGATIVE,0.6776373852906264,0.6889313417121368,0.9836065573770493
oracle_v3,Oracle v3,oracle_v3,0,0,102,1,"Episode month 94: MRR 383,101, avg churn 0.321, innovation 0.504. Trends were MRR DECREASING, innovation DECREASING, churn FLAT. After 6 months the realized outcome was DECLINE.",94,100,DECLINE,NEGATIVE,0.6808994224520302,0.692247746159564,0.9836065573770493
oracle_v3,Oracle v3,oracle_v3,0,0,102,2,"Episode month 90: MRR 508,729, avg churn 0.321, innovation 0.568. Trends were MRR DECREASING, innovation DECREASING, churn FLAT. After 6 months the realized outcome was DECLINE.",90,96,DECLINE,NEGATIVE,0.663343106259642,0.6965102615726241,0.9523809523809523
oracle_v3,Oracle v3,oracle_v3,0,0,102,3,"Episode month 80: MRR 993,088, avg churn 0.321, innovation 0.832. Trends were MRR DECREASING, innovation DECREASING, churn INCREASING. After 6 months the realized outcome was DECLINE.",80,86,DECLINE,NEGATIVE,0.612636210478453,0.6943210385422467,0.8823529411764706
oracle_v3,Oracle v3,oracle_v3,0,0,103,1,"Episode month 94: MRR 383,101, avg churn 0.321, innovation 0.504. Trends were MRR DECREASING, innovation DECREASING, churn FLAT. After 6 months the realized outcome was DECLINE.",94,100,DECLINE,NEGATIVE,0.6808994224520302,0.692247746159564,0.9836065573770493
oracle_v3,Oracle v3,oracle_v3,0,0,103,2,"Episode month 90: MRR 508,729, avg churn 0.321, innovation 0.568. Trends were MRR DECREASING, innovation DECREASING, churn FLAT. After 6 months the realized outcome was DECLINE.",90,96,DECLINE,NEGATIVE,0.663343106259642,0.6965102615726241,0.9523809523809523
oracle_v3,Oracle v3,oracle_v3,0,0,103,3,"Episode month 80: MRR 993,088, avg churn 0.321, innovation 0.832. Trends were MRR DECREASING, innovation DECREASING, churn INCREASING. After 6 months the realized outcome was DECLINE.",80,86,DECLINE,NEGATIVE,0.612636210478453,0.6943210385422467,0.8823529411764706
oracle_v3,Oracle v3,oracle_v3,0,0,104,1,"Episode month 77: MRR 1,171,547, avg churn 0.229, innovation 0.953. Trends were MRR DECREASING, innovation DECREASING, churn FLAT. After 6 months the realized outcome was DECLINE.",77,83,DECLINE,NEGATIVE,0.6095539427275837,0.7162258827049108,0.851063829787234
oracle_v3,Oracle v3,oracle_v3,0,0,104,2,"Episode month 78: MRR 1,124,094, avg churn 0.271, innovation 0.910. Trends were MRR DECREASING, innovation DECREASING, churn INCREASING. After 6 months the realized outcome was DECLINE.",78,84,DECLINE,NEGATIVE,0.6053041196728239,0.7061881396182946,0.8571428571428571
oracle_v3,Oracle v3,oracle_v3,0,0,104,3,"Episode month 75: MRR 1,252,546, avg churn 0.229, innovation 1.000. Trends were MRR DECREASING, innovation FLAT, churn INCREASING. After 6 months the realized outcome was DECLINE.",75,81,DECLINE,NEGATIVE,0.594001085299335,0.7078512933150409,0.8391608391608392
oracle_v3,Oracle v3,oracle_v3,0,0,105,1,"Episode month 77: MRR 1,171,547, avg churn 0.229, innovation 0.953. Trends were MRR DECREASING, innovation DECREASING, churn FLAT. After 6 months the realized outcome was DECLINE.",77,83,DECLINE,NEGATIVE,0.6095539427275837,0.7162258827049108,0.851063829787234
oracle_v3,Oracle v3,oracle_v3,0,0,105,2,"Episode month 78: MRR 1,124,094, avg churn 0.271, innovation 0.910. Trends were MRR DECREASING, innovation DECREASING, churn INCREASING. After 6 months the realized outcome was DECLINE.",78,84,DECLINE,NEGATIVE,0.6053041196728239,0.7061881396182946,0.8571428571428571
oracle_v3,Oracle v3,oracle_v3,0,0,105,3,"Episode month 75: MRR 1,252,546, avg churn 0.229, innovation 1.000. Trends were MRR DECREASING, innovation FLAT, churn INCREASING. After 6 months the realized outcome was DECLINE.",75,81,DECLINE,NEGATIVE,0.594001085299335,0.7078512933150409,0.8391608391608392
oracle_v3,Oracle v3,oracle_v3,0,0,106,1,"Episode month 100: MRR 248,545, avg churn 0.453, innovation 0.434. Trends were MRR DECREASING, innovation DECREASING, churn INCREASING. After 6 months the realized outcome was DECLINE.",100,106,DECLINE,NEGATIVE,0.7208635006012024,0.7208635006012024,1.0
oracle_v3,Oracle v3,oracle_v3,0,0,106,2,"Episode month 90: MRR 508,729, avg churn 0.321, innovation 0.568. Trends were MRR DECREASING, innovation DECREASING, churn FLAT. After 6 months the realized outcome was DECLINE.",90,96,DECLINE,NEGATIVE,0.6708660611763331,0.7267715662743608,0.9230769230769231
oracle_v3,Oracle v3,oracle_v3,0,0,106,3,"Episode month 80: MRR 993,088, avg churn 0.321, innovation 0.832. Trends were MRR DECREASING, innovation DECREASING, churn INCREASING. After 6 months the realized outcome was DECLINE.",80,86,DECLINE,NEGATIVE,0.619822407606776,0.7231261422079054,0.8571428571428571
oracle_v3,Oracle v3,oracle_v3,0,0,107,1,"Episode month 101: MRR 224,236, avg churn 0.453, innovation 0.427. Trends were MRR DECREASING, innovation DECREASING, churn INCREASING. After 6 months the realized outcome was DECLINE.",101,107,DECLINE,NEGATIVE,0.7263895479531293,0.7263895479531293,1.0
oracle_v3,Oracle v3,oracle_v3,0,0,107,2,"Episode month 100: MRR 248,545, avg churn 0.453, innovation 0.434. Trends were MRR DECREASING, innovation DECREASING, churn INCREASING. After 6 months the realized outcome was DECLINE.",100,106,DECLINE,NEGATIVE,0.7210716624459258,0.7270805929663084,0.9917355371900827
oracle_v3,Oracle v3,oracle_v3,0,0,107,3,"Episode month 99: MRR 270,984, avg churn 0.381, innovation 0.444. Trends were MRR DECREASING, innovation DECREASING, churn INCREASING. After 6 months the realized outcome was DECLINE.",99,105,DECLINE,NEGATIVE,0.6967761290581173,0.7083890645424191,0.9836065573770493
oracle_v3,Oracle v3,oracle_v3,0,0,108,1,"Episode month 101: MRR 224,236, avg churn 0.453, innovation 0.427. Trends were MRR DECREASING, innovation DECREASING, churn INCREASING. After 6 months the realized outcome was DECLINE.",101,107,DECLINE,NEGATIVE,0.7263895479531293,0.7263895479531293,1.0
oracle_v3,Oracle v3,oracle_v3,0,0,108,2,"Episode month 100: MRR 248,545, avg churn 0.453, innovation 0.434. Trends were MRR DECREASING, innovation DECREASING, churn INCREASING. After 6 months the realized outcome was DECLINE.",100,106,DECLINE,NEGATIVE,0.7210716624459258,0.7270805929663084,0.9917355371900827
oracle_v3,Oracle v3,oracle_v3,0,0,108,3,"Episode month 99: MRR 270,984, avg churn 0.381, innovation 0.444. Trends were MRR DECREASING, innovation DECREASING, churn INCREASING. After 6 months the realized outcome was DECLINE.",99,105,DECLINE,NEGATIVE,0.6967761290581173,0.7083890645424191,0.9836065573770493
oracle_v3,Oracle v3,oracle_v3,0,0,109,1,"Episode month 80: MRR 993,088, avg churn 0.321, innovation 0.832. Trends were MRR DECREASING, innovation DECREASING, churn INCREASING. After 6 months the realized outcome was DECLINE.",80,86,DECLINE,NEGATIVE,0.62185584088154,0.7410448770505018,0.8391608391608392
oracle_v3,Oracle v3,oracle_v3,0,0,109,2,"Episode month 79: MRR 1,061,028, avg churn 0.321, innovation 0.869. Trends were MRR DECREASING, innovation DECREASING, churn INCREASING. After 6 months the realized outcome was DECLINE.",79,85,DECLINE,NEGATIVE,0.619506675501899,0.7434080106022788,0.8333333333333334
oracle_v3,Oracle v3,oracle_v3,0,0,109,3,"Episode month 77: MRR 1,171,547, avg churn 0.229, innovation 0.953. Trends were MRR DECREASING, innovation DECREASING, churn FLAT. After 6 months the realized outcome was DECLINE.",77,83,DECLINE,NEGATIVE,0.6165490814708033,0.7501347157894774,0.821917808219178
oracle_v3,Oracle v3,oracle_v3,0,0,110,1,"Episode month 101: MRR 224,236, avg churn 0.453, innovation 0.427. Trends were MRR DECREASING, innovation DECREASING, churn INCREASING. After 6 months the realized outcome was DECLINE.",101,107,DECLINE,NEGATIVE,0.7111000496030085,0.7288775508430837,0.9756097560975611
oracle_v3,Oracle v3,oracle_v3,0,0,110,2,"Episode month 77: MRR 1,171,547, avg churn 0.229, innovation 0.953. Trends were MRR DECREASING, innovation DECREASING, churn FLAT. After 6 months the realized outcome was DECLINE.",77,83,DECLINE,NEGATIVE,0.5952102052816963,0.7291325014700781,0.8163265306122448
oracle_v3,Oracle v3,oracle_v3,0,0,110,3,"Episode month 75: MRR 1,252,546, avg churn 0.229, innovation 1.000. Trends were MRR DECREASING, innovation FLAT, churn INCREASING. After 6 months the realized outcome was DECLINE.",75,81,DECLINE,NEGATIVE,0.5874564929645547,0.7294251454309888,0.8053691275167785
oracle_v3,Oracle v3,oracle_v3,0,0,111,1,"Episode month 105: MRR 144,603, avg churn 0.540, innovation 0.397. Trends were MRR DECREASING, innovation DECREASING, churn INCREASING. After 6 months the realized outcome was DECLINE.",105,111,DECLINE,NEGATIVE,0.7464458078066273,0.7464458078066273,1.0
oracle_v3,Oracle v3,oracle_v3,0,0,111,2,"Episode month 102: MRR 201,240, avg churn 0.453, innovation 0.420. Trends were MRR DECREASING, innovation DECREASING, churn INCREASING. After 6 months the realized outcome was DECLINE.",102,108,DECLINE,NEGATIVE,0.7288665899218304,0.747088254669876,0.9756097560975611
oracle_v3,Oracle v3,oracle_v3,0,0,111,3,"Episode month 101: MRR 224,236, avg churn 0.453, innovation 0.427. Trends were MRR DECREASING, innovation DECREASING, churn INCREASING. After 6 months the realized outcome was DECLINE.",101,107,DECLINE,NEGATIVE,0.7140470070326028,0.7378485739336896,0.9677419354838709
oracle_v3,Oracle v3,oracle_v3,0,0,112,1,"Episode month 104: MRR 164,384, avg churn 0.540, innovation 0.404. Trends were MRR DECREASING, innovation DECREASING, churn INCREASING. After 6 months the realized outcome was DECLINE.",104,110,DECLINE,NEGATIVE,0.7251268446083823,0.7372122920185219,0.9836065573770493
oracle_v3,Oracle v3,oracle_v3,0,0,112,2,"Episode month 105: MRR 144,603, avg churn 0.540, innovation 0.397. Trends were MRR DECREASING, innovation DECREASING, churn INCREASING. After 6 months the realized outcome was DECLINE.",105,111,DECLINE,NEGATIVE,0.7239574501734342,0.7299904289248794,0.9917355371900827
oracle_v3,Oracle v3,oracle_v3,0,0,112,3,"Episode month 73: MRR 1,301,499, avg churn 0.229, innovation 1.000. Trends were MRR FLAT, innovation FLAT, churn INCREASING. After 6 months the realized outcome was DECLINE.",73,79,DECLINE,NEGATIVE,0.576670820481175,0.735255296113498,0.7843137254901962
oracle_v3,Oracle v3,oracle_v3,0,0,113,1,"Episode month 104: MRR 164,384, avg churn 0.540, innovation 0.404. Trends were MRR DECREASING, innovation DECREASING, churn INCREASING. After 6 months the realized outcome was DECLINE.",104,110,DECLINE,NEGATIVE,0.7251268446083823,0.7372122920185219,0.9836065573770493
oracle_v3,Oracle v3,oracle_v3,0,0,113,2,"Episode month 105: MRR 144,603, avg churn 0.540, innovation 0.397. Trends were MRR DECREASING, innovation DECREASING, churn INCREASING. After 6 months the realized outcome was DECLINE.",105,111,DECLINE,NEGATIVE,0.7239574501734342,0.7299904289248794,0.9917355371900827
oracle_v3,Oracle v3,oracle_v3,0,0,113,3,"Episode month 73: MRR 1,301,499, avg churn 0.229, innovation 1.000. Trends were MRR FLAT, innovation FLAT, churn INCREASING. After 6 months the realized outcome was DECLINE.",73,79,DECLINE,NEGATIVE,0.576670820481175,0.735255296113498,0.7843137254901962
oracle_v3,Oracle v3,oracle_v3,0,0,114,1,"Episode month 107: MRR 102,370, avg churn 0.644, innovation 0.385. Trends were MRR DECREASING, innovation DECREASING, churn INCREASING. After 6 months the realized outcome was DECLINE.",107,113,DECLINE,NEGATIVE,0.7011813555818387,0.7070245335450207,0.9917355371900827
oracle_v3,Oracle v3,oracle_v3,0,0,114,2,"Episode month 104: MRR 164,384, avg churn 0.540, innovation 0.404. Trends were MRR DECREASING, innovation DECREASING, churn INCREASING. After 6 months the realized outcome was DECLINE.",104,110,DECLINE,NEGATIVE,0.6794731561956665,0.7021222614021888,0.9677419354838709
oracle_v3,Oracle v3,oracle_v3,0,0,114,3,"Episode month 102: MRR 201,240, avg churn 0.453, innovation 0.420. Trends were MRR DECREASING, innovation DECREASING, churn INCREASING. After 6 months the realized outcome was DECLINE.",102,108,DECLINE,NEGATIVE,0.6689235098565539,0.7023696853493816,0.9523809523809523
oracle_v3,Oracle v3,oracle_v3,0,0,115,1,"Episode month 104: MRR 164,384, avg churn 0.540, innovation 0.404. Trends were MRR DECREASING, innovation DECREASING, churn INCREASING. After 6 months the realized outcome was DECLINE.",104,110,DECLINE,NEGATIVE,0.6893137804187901,0.7180351879362397,0.96
oracle_v3,Oracle v3,oracle_v3,0,0,115,2,"Episode month 95: MRR 364,667, avg churn 0.321, innovation 0.492. Trends were MRR DECREASING, innovation DECREASING, churn FLAT. After 6 months the realized outcome was DECLINE.",95,101,DECLINE,NEGATIVE,0.6421721729006316,0.7170922597390386,0.8955223880597015
oracle_v3,Oracle v3,oracle_v3,0,0,115,3,"Episode month 90: MRR 508,729, avg churn 0.321, innovation 0.568. Trends were MRR DECREASING, innovation DECREASING, churn FLAT. After 6 months the realized outcome was DECLINE.",90,96,DECLINE,NEGATIVE,0.6200297089216656,0.7182010795009293,0.8633093525179857
oracle_v3,Oracle v3,oracle_v3,0,0,116,1,"Episode month 104: MRR 164,384, avg churn 0.540, innovation 0.404. Trends were MRR DECREASING, innovation DECREASING, churn INCREASING. After 6 months the realized outcome was DECLINE.",104,110,DECLINE,NEGATIVE,0.6893137804187901,0.7180351879362397,0.96
oracle_v3,Oracle v3,oracle_v3,0,0,116,2,"Episode month 95: MRR 364,667, avg churn 0.321, innovation 0.492. Trends were MRR DECREASING, innovation DECREASING, churn FLAT. After 6 months the realized outcome was DECLINE.",95,101,DECLINE,NEGATIVE,0.6421721729006316,0.7170922597390386,0.8955223880597015
oracle_v3,Oracle v3,oracle_v3,0,0,116,3,"Episode month 90: MRR 508,729, avg churn 0.321, innovation 0.568. Trends were MRR DECREASING, innovation DECREASING, churn FLAT. After 6 months the realized outcome was DECLINE.",90,96,DECLINE,NEGATIVE,0.6200297089216656,0.7182010795009293,0.8633093525179857
oracle_v3,Oracle v3,oracle_v3,0,0,117,1,"Episode month 104: MRR 164,384, avg churn 0.540, innovation 0.404. Trends were MRR DECREASING, innovation DECREASING, churn INCREASING. After 6 months the realized outcome was DECLINE.",104,110,DECLINE,NEGATIVE,0.6893137804187901,0.7180351879362397,0.96
oracle_v3,Oracle v3,oracle_v3,0,0,117,2,"Episode month 95: MRR 364,667, avg churn 0.321, innovation 0.492. Trends were MRR DECREASING, innovation DECREASING, churn FLAT. After 6 months the realized outcome was DECLINE.",95,101,DECLINE,NEGATIVE,0.6421721729006316,0.7170922597390386,0.8955223880597015
oracle_v3,Oracle v3,oracle_v3,0,0,117,3,"Episode month 90: MRR 508,729, avg churn 0.321, innovation 0.568. Trends were MRR DECREASING, innovation DECREASING, churn FLAT. After 6 months the realized outcome was DECLINE.",90,96,DECLINE,NEGATIVE,0.6200297089216656,0.7182010795009293,0.8633093525179857
oracle_v3,Oracle v3,oracle_v3,0,0,118,1,"Episode month 112: MRR 38,381, avg churn 0.769, innovation 0.366. Trends were MRR DECREASING, innovation FLAT, churn INCREASING. After 6 months the realized outcome was DECLINE.",112,118,DECLINE,NEGATIVE,0.7222289341539267,0.7222289341539267,1.0
oracle_v3,Oracle v3,oracle_v3,0,0,118,2,"Episode month 90: MRR 508,729, avg churn 0.321, innovation 0.568. Trends were MRR DECREASING, innovation DECREASING, churn FLAT. After 6 months the realized outcome was DECLINE.",90,96,DECLINE,NEGATIVE,0.6042626349650029,0.7150441180419201,0.8450704225352113
oracle_v3,Oracle v3,oracle_v3,0,0,118,3,"Episode month 46: MRR 1,063,259, avg churn 0.057, innovation 1.000. Trends were MRR INCREASING, innovation FLAT, churn FLAT. After 6 months the realized outcome was GROWTH.",46,52,GROWTH,POSITIVE,0.46337618471211284,0.7182330863037749,0.6451612903225806
oracle_v3,Oracle v3,oracle_v3,0,0,119,1,"Episode month 112: MRR 38,381, avg churn 0.769, innovation 0.366. Trends were MRR DECREASING, innovation FLAT, churn INCREASING. After 6 months the realized outcome was DECLINE.",112,118,DECLINE,NEGATIVE,0.7355077447976806,0.7416369760043279,0.9917355371900827
oracle_v3,Oracle v3,oracle_v3,0,0,119,2,"Episode month 113: MRR 32,908, avg churn 0.769, innovation 0.363. Trends were MRR DECREASING, innovation FLAT, churn FLAT. After 6 months the realized outcome was DECLINE.",113,119,DECLINE,NEGATIVE,0.7341457711087493,0.7341457711087493,1.0
oracle_v3,Oracle v3,oracle_v3,0,0,119,3,"Episode month 107: MRR 102,370, avg churn 0.644, innovation 0.385. Trends were MRR DECREASING, innovation DECREASING, churn INCREASING. After 6 months the realized outcome was DECLINE.",107,113,DECLINE,NEGATIVE,0.7016888632982291,0.7367733064631407,0.9523809523809523
