episode,seed,policy,steps,final_mrr,final_cash,final_cac,final_ltv,final_ltv_cac,final_headcount,final_valuation_multiple,final_unemployment,final_innovation_factor,depression_months,cause,total_reward,avg_rule_40,pct_above_40,oracle_refresh_requests,cadence_refreshes,event_refreshes,cache_hits,llm_calls,scenario_id,scenario_label,post_shock_avg_rule40
0,0,boardroom,120,15640.283409216603,11825870.660351824,104.43136056410009,118.55758434987017,1.1352680239869075,63,0.7545852694965045,18.5,0.3340443664006449,49,Time Limit,-1532.1661536481467,-331.36380574866723,0.0,0,0,0,0,0,boardroom,Boardroom Baseline,-47.24437432095876
1,1,boardroom,120,553179.4878887987,28220647.48059915,169.701765812879,518.1769959534005,3.053456712552811,83,1.2136125553903807,24.5,0.3132539478538567,74,Time Limit,-1449.7789379131837,-63.866450583893496,0.0,0,0,0,0,0,boardroom,Boardroom Baseline,-44.49530491168241
2,2,boardroom,120,831263.9640839437,36166467.05214152,120.86418753585933,460.3982353381817,3.8092196267946252,78,1.767365396068711,34.0,0.3161627556519694,93,Time Limit,-1535.428517638022,-56.054976801846166,0.0,0,0,0,0,0,boardroom,Boardroom Baseline,-45.00794172884054
3,3,boardroom,120,167461.1650980404,13616804.639700552,84.92951249229104,264.2909247829337,3.111885574604271,66,0.5561222371462791,29.5,0.3089854763037945,102,Time Limit,-1731.1112410404944,-92.78379313717205,0.0,0,0,0,0,0,boardroom,Boardroom Baseline,-53.26632761826221
4,4,boardroom,120,5294993.786186527,150874555.7245799,195.64728782499935,336.0649198567734,1.7177080428396911,99,1.0229757167841267,24.5,0.4548294069556903,72,Time Limit,-1218.8067805790513,-32.78950308366144,0.0,0,0,0,0,0,boardroom,Boardroom Baseline,-36.284285808985274
5,5,boardroom,120,300541.44285942154,19286300.110275615,77.62083557698439,210.10839793183104,2.7068556576339016,77,0.848352504862432,38.0,0.3098111101934736,91,Time Limit,-1574.4388384821457,-77.44347514955692,0.0,0,0,0,0,0,boardroom,Boardroom Baseline,-49.927151525663845
6,6,boardroom,120,29688.900489722735,7917337.803817555,35.138049563500815,73.99373657917872,2.1058009052397355,62,1.1097674951210392,23.0,0.31105793641869145,79,Time Limit,-1740.4789403793886,-233.72020665090002,0.0,0,0,0,0,0,boardroom,Boardroom Baseline,-47.396842196318396
7,7,boardroom,120,1941521.2277976782,49601540.801815875,462.21089069544854,494.9003786839118,1.0707241838012043,98,1.1294695404185615,21.0,0.38064695102238194,96,Time Limit,-1432.2813053552309,-53.02521787852023,0.0,0,0,0,0,0,boardroom,Boardroom Baseline,-51.14094128724543
8,8,boardroom,120,210720.87151580837,6206311.018158678,101.79139392403721,301.5842022254946,2.962767190815313,68,0.8015706223358455,38.0,0.3096938532161856,67,Time Limit,-1595.19669667084,-96.34213063709312,0.0,0,0,0,0,0,boardroom,Boardroom Baseline,-56.4533239603211
9,9,boardroom,120,273247.0170775404,12854701.475028316,84.92868586000185,73.86897225961891,0.8697764661210702,75,0.4747429450578612,30.5,0.3091666274972997,99,Time Limit,-1614.4405318425622,-83.40564790026964,0.0,0,0,0,0,0,boardroom,Boardroom Baseline,-55.48902374696906
10,10,boardroom,120,1389039.2089905269,45236104.56178261,183.35030280012393,498.06758652874584,2.716480850711795,86,0.5252789947049405,25.5,0.3638388763416731,89,Time Limit,-1480.6083509713758,-53.765647419300635,0.0,0,0,0,0,0,boardroom,Boardroom Baseline,-53.35601716017391
11,11,boardroom,120,290147.6756917549,6361807.08400483,43.32563063951332,179.6125148672467,4.145641095491375,50,1.0718186604036979,40.5,0.3094518513158039,82,Time Limit,-1564.9518587982004,-85.43018542055829,0.0,0,0,0,0,0,boardroom,Boardroom Baseline,-63.90664635147706
12,12,boardroom,120,1058000.655092348,107979190.48361492,76.35656754472033,126.38075749804487,1.6551393228097437,75,0.8370862531538332,17.5,0.4070387849252248,38,Time Limit,-1283.3922754014152,-36.01051273046034,0.0,0,0,0,0,0,boardroom,Boardroom Baseline,-34.511431843263786
13,13,boardroom,120,1916718.3758063656,59036635.935523205,192.94725461071064,400.39510040587464,2.0751531355743293,89,1.2948641784715105,20.0,0.38485137997564417,94,Time Limit,-1491.7379245013954,-48.34221535915522,0.0,0,0,0,0,0,boardroom,Boardroom Baseline,-48.97941108155527
14,14,boardroom,120,355287.4956144524,16700966.33197489,150.256347144904,243.0169724458295,1.6173491307589765,78,0.9258628301408492,37.5,0.30940354813998144,84,Time Limit,-1588.1638045375137,-80.39681485007107,0.0,0,0,0,0,0,boardroom,Boardroom Baseline,-48.4507692405114
15,15,boardroom,120,1700275.8141126551,71393618.62028217,48.245452395906014,137.80070951084113,2.8562424574245373,78,0.6834004654703412,20.5,0.3869852781867884,56,Time Limit,-1266.6364213319068,-43.79509999638129,0.0,0,0,0,0,0,boardroom,Boardroom Baseline,-38.2710229267755
16,16,boardroom,120,5148187.6765358895,132553393.45986883,275.6436924871055,421.8330366850012,1.530356210508007,89,0.8825264085547955,25.0,0.4497370259606227,72,Time Limit,-1295.0022943225565,-35.68505580554783,0.0,0,0,0,0,0,boardroom,Boardroom Baseline,-37.06444871670926
17,17,boardroom,120,1003285.8982968106,53464192.8836407,183.51615503749136,495.160569803298,2.6981851799485415,75,1.2721613529373095,30.5,0.3372909663332502,83,Time Limit,-1521.7331739194076,-47.56295852339751,0.0,0,0,0,0,0,boardroom,Boardroom Baseline,-38.33917403062611
18,18,boardroom,120,2145299.2576821474,118259337.9002166,118.96959689952456,186.80635029135948,1.5702024312070777,90,2.7611349364520064,12.5,0.5646952032929418,20,Time Limit,-978.0680167915542,-34.679537193084315,0.0,0,0,0,0,0,boardroom,Boardroom Baseline,-34.15202507729243
19,19,boardroom,120,3371969.464573601,82610713.59710716,144.18188661680549,497.2642433633613,3.4488676423339393,109,0.7610403163387518,27.0,0.4202893148139522,96,Time Limit,-1356.8938794615153,-45.39460246360185,0.0,0,0,0,0,0,boardroom,Boardroom Baseline,-50.13660717314
20,20,boardroom,120,389011.26294914546,36110294.45581951,154.36605863375945,357.8665172504437,2.3182979498070777,72,0.8374351579886019,33.0,0.311927581134331,60,Time Limit,-1547.643002251973,-60.36308998608327,0.0,0,0,0,0,0,boardroom,Boardroom Baseline,-41.06236318931561
21,21,boardroom,120,238087.43582374704,31023857.541124377,79.490940463914,190.5338118542611,2.3969248664350187,64,1.2423822757097605,20.0,0.3139410151073329,70,Time Limit,-1570.0184264590516,-70.38587708589833,0.0,0,0,0,0,0,boardroom,Boardroom Baseline,-41.90500169255556
22,22,boardroom,120,3233576.2100509596,90988823.41115354,132.1655523412748,328.45429740727997,2.4851732663224753,99,0.4567872688165678,24.5,0.42052613745373607,83,Time Limit,-1343.3396845181096,-41.32968143685817,0.0,0,0,0,0,0,boardroom,Boardroom Baseline,-43.29290731650074
23,23,boardroom,120,703215.5246314993,40985202.339584544,743.296576950012,1091.6061224931736,1.4686010353665144,71,1.2674115270222557,34.5,0.3147777756709585,80,Time Limit,-1567.2589032579467,-53.651614180699546,0.0,0,0,0,0,0,boardroom,Boardroom Baseline,-42.34199936355956
24,24,boardroom,120,979582.5513842658,58844164.11576733,58.496985931771135,107.3794420472898,1.835640594757027,76,0.8577762752764508,25.5,0.3605557661479657,59,Time Limit,-1318.3955348363704,-46.71786335225908,0.0,0,0,0,0,0,boardroom,Boardroom Baseline,-41.29374959276799
25,25,boardroom,120,5044148.9601434935,123975091.75832419,303.18142701148,624.1997368717741,2.058832373158989,104,1.1297404023500073,32.0,0.4473539548234774,88,Time Limit,-1299.8359049061744,-38.34698508838983,0.0,0,0,0,0,0,boardroom,Boardroom Baseline,-42.276481943739164
26,26,boardroom,120,240212.70671017747,8725807.457396489,402.6264623772934,456.6940004533804,1.134287095182088,65,0.697636653750688,39.0,0.30931886132054986,90,Time Limit,-1662.57953274808,-90.39509983711393,0.0,0,0,0,0,0,boardroom,Boardroom Baseline,-58.034322604123275
27,27,boardroom,120,576371.0241190395,12942337.915885478,77.00389666979925,182.1784063189097,2.365833603202053,78,1.5943640386863236,27.0,0.3098889016001935,87,Time Limit,-1436.508953044508,-75.13341345691188,0.0,0,0,0,0,0,boardroom,Boardroom Baseline,-58.30265285407423
28,28,boardroom,120,2981018.467254578,77909158.00689729,235.26695324892106,660.9148911392638,2.8092126072631696,97,1.0479884761878644,20.5,0.41355826237529436,80,Time Limit,-1349.7006567134126,-44.492325366406554,0.0,0,0,0,0,0,boardroom,Boardroom Baseline,-47.299509901747115
29,29,boardroom,120,1154124.882622361,61976246.635053635,565.774558819435,985.922519341062,1.7426066689854742,62,0.8073999283754971,33.5,0.35095445749448956,85,Time Limit,-1633.7422646518971,-43.33516573340448,0.0,0,0,0,0,0,boardroom,Boardroom Baseline,-40.76454963602356
30,30,boardroom,120,585545.1824465657,20840971.684210423,24.222801324446174,51.82397898690156,2.139470918031255,79,0.5815323057335864,29.5,0.3093869408310516,107,Time Limit,-1549.2566601953226,-68.1244477762811,0.0,0,0,0,0,0,boardroom,Boardroom Baseline,-56.853030202337884
31,31,boardroom,120,2776643.8948588995,80520597.3740868,156.3847034171147,483.4065440485727,3.091137006918215,97,1.86205256914445,15.5,0.41167335123383436,70,Time Limit,-1305.1046277429007,-43.17385767886181,0.0,0,0,0,0,0,boardroom,Boardroom Baseline,-44.96559665983122
32,32,boardroom,120,199133.55539344065,2416265.4829021804,270.10721793095786,482.33402111189406,1.7857131875505212,46,0.8607362820771438,45.5,0.3093189096241243,78,Time Limit,-1652.4099286670498,-101.19467164385118,0.0,0,0,0,0,0,boardroom,Boardroom Baseline,-64.78568493040943
33,33,boardroom,120,330603.36808954785,9473008.60424791,12.973709651505203,84.66536246783622,6.525917778498564,74,1.1751295759949456,25.0,0.3094517296553551,92,Time Limit,-1593.7349731688432,-86.68011006064077,0.0,0,0,0,0,0,boardroom,Boardroom Baseline,-56.612289352589904
34,34,boardroom,120,2657049.6445809472,75533759.5623622,166.47574312117635,562.7538886006633,3.380395714413717,97,0.875641270424999,23.5,0.4048393107635827,79,Time Limit,-1348.8914848222828,-43.95846972868249,0.0,0,0,0,0,0,boardroom,Boardroom Baseline,-43.67980718157057
35,35,boardroom,120,256249.70211889377,8157429.720755241,112.57189979225775,392.3647824514799,3.485459365752529,65,0.6537287545935437,43.5,0.30925968085133115,93,Time Limit,-1684.8459923854195,-90.42463829930293,0.0,0,0,0,0,0,boardroom,Boardroom Baseline,-59.271318784454735
36,36,boardroom,120,3400232.2105863746,123991761.06359911,296.48650249902096,169.37274081057575,0.5712662781710781,81,0.8231743817098863,23.0,0.4534938926756764,40,Time Limit,-1146.945041521217,-34.260980964591745,0.0,0,0,0,0,0,boardroom,Boardroom Baseline,-34.398653682014185
37,37,boardroom,120,2422117.447341068,53055254.01049746,60.08971495470425,510.1848915942559,8.490386282891079,104,0.914938958481565,25.0,0.3923270270573644,109,Time Limit,-1458.6933334282287,-53.465260812607326,0.0,0,0,0,0,0,boardroom,Boardroom Baseline,-53.272920442532964
38,38,boardroom,120,997886.056554619,36626209.96392022,121.30386631059498,346.41755169976375,2.855783267556961,81,1.5311363444572166,34.5,0.3319489307400671,78,Time Limit,-1456.0308006462305,-56.16399981061242,0.0,0,0,0,0,0,boardroom,Boardroom Baseline,-50.17764732694603
39,39,boardroom,111,20041.07571477126,-337494.10258993343,0.0,174.94712113924143,0.0,47,0.8576655906854298,26.0,0.30839720190598513,76,Bankruptcy,-1630.3274175411912,-261.3816698854826,0.0,0,0,0,0,0,boardroom,Boardroom Baseline,-62.08521463359523
40,40,boardroom,120,2041459.9471709507,81443499.44807525,1331.6973972758367,923.0420377605344,0.6931319680046977,83,0.840201805183445,27.5,0.39985087146899506,96,Time Limit,-1532.825206096911,-41.76585252501651,0.0,0,0,0,0,0,boardroom,Boardroom Baseline,-43.58479189646976
41,41,boardroom,120,692982.8512267811,39505190.9052463,579.1298384919611,1264.587253470937,2.1835988571472833,69,1.2477045962302062,33.0,0.31340877981287957,65,Time Limit,-1543.0850275887055,-54.35584192981473,0.0,0,0,0,0,0,boardroom,Boardroom Baseline,-42.638752456528906
42,42,boardroom,120,226467.7938314429,21161081.490406,76.85885072391035,177.60879308429008,2.310843727318928,76,1.2691042381897464,21.5,0.31084085779078857,92,Time Limit,-1574.8091222052283,-82.26374054745969,0.0,0,0,0,0,0,boardroom,Boardroom Baseline,-48.11910259035218
43,43,boardroom,120,1717892.7009004673,57492740.27999725,128.245733753448,400.5179049118109,3.1230505155189427,87,0.8710199339320741,30.5,0.3832442190091781,72,Time Limit,-1391.4752187811018,-48.984525477921274,0.0,0,0,0,0,0,boardroom,Boardroom Baseline,-45.49236588079477
44,44,boardroom,120,149247.27197542627,13901052.22905536,661.5217908672563,304.979279751847,0.46102680812981023,63,1.0995691423159972,39.0,0.3094517307166289,88,Time Limit,-1761.556981169882,-97.68884652463134,0.0,0,0,0,0,0,boardroom,Boardroom Baseline,-46.69089350005367
45,45,boardroom,120,249393.7774077551,47627218.603672676,90.3489786776123,149.09925243096833,1.6502594120404137,67,0.8949592497310751,22.5,0.34897197202399194,43,Time Limit,-1386.2213343146434,-62.29474267285694,0.0,0,0,0,0,0,boardroom,Boardroom Baseline,-36.494325037513846
46,46,boardroom,120,4210355.545692281,96788523.56986639,179.71783381470698,792.1965373039963,4.408001813113151,104,0.7358808442541658,32.5,0.43292233299955724,96,Time Limit,-1366.806791444088,-43.25180688109855,0.0,0,0,0,0,0,boardroom,Boardroom Baseline,-48.60019674952509
47,47,boardroom,120,201158.99697242465,3920469.3946709614,236.89748737415147,459.2952712048276,1.9387933417775143,62,0.992629752524676,33.0,0.31108507504824756,68,Time Limit,-1536.3025446232423,-106.09805582910326,0.0,0,0,0,0,0,boardroom,Boardroom Baseline,-55.996189676769376
48,48,boardroom,120,2829097.1782392403,86978300.93982102,105.16241953525291,292.26250182572073,2.779153457264717,98,2.1407421227520036,17.5,0.4141255068390302,78,Time Limit,-1198.8654497547652,-41.884874710989166,0.0,0,0,0,0,0,boardroom,Boardroom Baseline,-42.64147736885217
49,49,boardroom,120,1985779.873009811,56105233.99621602,245.08252575498952,461.0484822063907,1.8811968776072745,88,1.128471412193194,22.0,0.3850790719728827,72,Time Limit,-1379.5658036201578,-48.94177439570855,0.0,0,0,0,0,0,boardroom,Boardroom Baseline,-48.070851236074624
50,50,boardroom,120,241197.71534927955,3850984.2831074614,149.80057209163695,757.2293726803216,5.054916427269079,60,1.111106421079294,34.5,0.3092597630545117,79,Time Limit,-1633.9978187229774,-96.82611118358564,0.0,0,0,0,0,0,boardroom,Boardroom Baseline,-64.83740445034425
51,51,boardroom,120,195055.98289389114,21167007.88973218,363.02108741788254,286.72085292380507,0.7898187264084569,65,0.7989057633686043,26.5,0.3115340662259511,79,Time Limit,-1674.389899331427,-81.74050033511614,0.0,0,0,0,0,0,boardroom,Boardroom Baseline,-50.341437456492514
52,52,boardroom,120,3237306.872366931,87193252.1819524,191.22386644378423,286.1868914553297,1.4966065521923886,97,0.650397450775578,21.5,0.4245270605764845,63,Time Limit,-1250.0960762661769,-44.48292197644158,0.0,0,0,0,0,0,boardroom,Boardroom Baseline,-44.48133475969292
53,53,boardroom,120,581326.4374772831,26287820.164927926,90.67356689813133,455.6462137756308,5.0251272709667845,81,0.7112520262930409,38.0,0.3100930691054412,89,Time Limit,-1547.6671092527872,-64.41543367976858,0.0,0,0,0,0,0,boardroom,Boardroom Baseline,-49.826875606093544
54,54,boardroom,120,2259862.9810421816,47557896.44074378,38.8534807254099,167.6761553292985,4.315601902293389,93,6.19264000000002,21.0,0.3873764000834399,103,Time Limit,-1268.3583421594883,-55.731649218995685,0.0,0,0,0,0,0,boardroom,Boardroom Baseline,-55.218836610260446
55,55,boardroom,120,2146795.1752112983,77663417.49426441,296.80157456622317,469.14390506145827,1.580665148920164,88,0.5582163374651371,23.0,0.40524074402048366,67,Time Limit,-1329.4718547899818,-44.10301302274456,0.0,0,0,0,0,0,boardroom,Boardroom Baseline,-43.89511015757234
56,56,boardroom,120,328535.1712376633,12165543.829486987,101.22230523264356,485.2671945582132,4.794073731505154,71,1.4553608785253087,32.0,0.30931912516493354,60,Time Limit,-1641.3627982378403,-82.70675045946636,0.0,0,0,0,0,0,boardroom,Boardroom Baseline,-53.23193650676808
57,57,boardroom,116,11971.65140635412,-289953.18894402974,0.0,56.51871034054147,0.0,55,0.4854412187261383,28.0,0.30896953824248635,81,Bankruptcy,-1680.6819443305783,-293.41395243344715,0.0,0,0,0,0,0,boardroom,Boardroom Baseline,-60.74089115642979
58,58,boardroom,120,4328420.439680824,100789734.34953654,111.19509993788405,591.5773373566957,5.320174519265358,111,1.2351552554752907,19.5,0.43649265764286727,96,Time Limit,-1315.1918424696323,-43.265503571004004,0.0,0,0,0,0,0,boardroom,Boardroom Baseline,-51.4746076355906
59,59,boardroom,120,278356.20869286766,17152181.76257847,490.31529863829587,1232.293254424289,2.5132669893160893,68,1.3813647593909473,35.5,0.3093397838931102,82,Time Limit,-1676.7105459209847,-79.48287964961388,0.0,0,0,0,0,0,boardroom,Boardroom Baseline,-51.054134250407394
60,60,boardroom,120,53089.94558425032,12490170.150761824,85.06295829788323,177.83979116180186,2.090684296906558,63,0.6502882209438505,19.0,0.3321571448182363,50,Time Limit,-1457.7806321513094,-182.31528077652018,0.0,0,0,0,0,0,boardroom,Boardroom Baseline,-45.91225033383436
61,61,boardroom,120,3415108.3084658193,114308456.2919368,960.7510629540366,1183.142365737212,1.2314765097416447,85,1.820286268637294,17.0,0.4563464779359586,37,Time Limit,-1193.632177017503,-34.41567209065513,0.0,0,0,0,0,0,boardroom,Boardroom Baseline,-36.40048065822274
62,62,boardroom,120,425653.5979239186,20096451.725907933,436.59159631640784,772.2804050402863,1.7688851813826418,75,1.247987664633546,35.0,0.3098428924136401,74,Time Limit,-1583.7935447540124,-71.70181271642792,0.0,0,0,0,0,0,boardroom,Boardroom Baseline,-50.98294987709932
63,63,boardroom,120,782285.1586549239,19547543.457426745,30.806435194182683,73.55250191247754,2.387569397395476,81,0.5484124666566456,30.0,0.3105278390130978,87,Time Limit,-1430.2149993631174,-66.60025208388119,0.0,0,0,0,0,0,boardroom,Boardroom Baseline,-57.20585092751097
64,64,boardroom,120,2136379.376162086,57053206.46128709,170.6620118015211,328.3200273300426,1.9238026310850995,104,0.6145328294989575,24.5,0.39062106708297845,96,Time Limit,-1412.8394947526742,-50.232785317682236,0.8333333333333334,0,0,0,0,0,boardroom,Boardroom Baseline,-51.24239733466655
65,65,boardroom,120,167257.7582483169,16075376.158521555,207.73503713573731,205.1510989108649,0.987561375006836,67,0.6015302408446797,37.5,0.3092074035772094,72,Time Limit,-1725.8993249738464,-89.05186566982943,0.0,0,0,0,0,0,boardroom,Boardroom Baseline,-48.390030732506744
66,66,boardroom,120,272130.3779434628,46153849.062852986,113.0922924146657,337.6755812385217,2.9858408033714263,64,0.7133372393754084,25.5,0.3174313273992744,67,Time Limit,-1532.2802223608828,-61.7680175450974,0.0,0,0,0,0,0,boardroom,Boardroom Baseline,-36.262729980534054
67,67,boardroom,120,2660432.5463795727,74936530.84941767,529.4710026281641,868.9645979002772,1.6411939342984794,96,1.3936699598642892,23.5,0.4072621578026461,96,Time Limit,-1452.6555107810589,-45.29876429385272,0.0,0,0,0,0,0,boardroom,Boardroom Baseline,-50.76939729005659
68,68,boardroom,120,609735.5423517508,37036598.93427561,92.5685218523511,307.37341140758923,3.3204960526198835,85,1.6811204114530969,28.5,0.3257768162333968,45,Time Limit,-1395.4196170118798,-57.81711561493141,0.0,0,0,0,0,0,boardroom,Boardroom Baseline,-42.88367952544125
69,69,boardroom,120,277165.20929235197,11393281.612452244,76.01391993909411,131.58577899441943,1.7310747702506604,72,0.8300017187739394,23.0,0.3087923688244508,108,Time Limit,-1578.38632474818,-81.65866151667804,0.0,0,0,0,0,0,boardroom,Boardroom Baseline,-57.034770251294816
70,70,boardroom,120,2555358.674014034,77106776.84239946,146.2243813211006,196.4887620335081,1.3437482877908693,95,0.4695927330211106,24.5,0.41119582684416556,68,Time Limit,-1304.0501316647417,-44.6785689687978,0.0,0,0,0,0,0,boardroom,Boardroom Baseline,-46.604841088234096
71,71,boardroom,120,376120.97180049965,6766245.49239798,77.59833078491204,350.81480437639976,4.520906581725223,51,1.0127704990084103,36.5,0.31024530226918906,76,Time Limit,-1533.00661515895,-83.75400054842412,0.0,0,0,0,0,0,boardroom,Boardroom Baseline,-60.6784143462291
72,72,boardroom,120,239319.19239206245,9779427.63955821,107.74544428935772,186.0121738603665,1.7264040729259804,74,0.7385431246530351,21.0,0.31125885066081566,78,Time Limit,-1502.1406365918444,-89.65921428128256,0.0,0,0,0,0,0,boardroom,Boardroom Baseline,-54.829508087189055
73,73,boardroom,120,4153518.818579955,108098194.41264747,67.58558352708515,408.777374930106,6.048292455243612,110,0.9360991851657878,26.0,0.4377467152467372,94,Time Limit,-1266.908880965563,-41.65625679487903,0.0,0,0,0,0,0,boardroom,Boardroom Baseline,-46.32602090676273
74,74,boardroom,120,1029318.691253592,62191700.74122737,2127.072521220335,1496.7293783134594,0.7036569573353155,68,1.1752286979374595,30.0,0.34536923946429604,73,Time Limit,-1509.362342624952,-43.155490235470324,0.0,0,0,0,0,0,boardroom,Boardroom Baseline,-38.625509275496555
0,0,oracle_v1,120,16878.593319887364,45220934.423218325,126.93697146166711,144.4987778984522,1.1383506021497327,63,0.7545852694965045,18.5,0.3373240909789782,49,Time Limit,-1545.7436826957353,-269.5907541001308,0.0,40,11,28,4,36,oracle_v1,Oracle v1,-31.478174501847807
1,1,oracle_v1,120,1080601.199010744,64517996.426211916,529.8436284626513,1117.1962739777011,2.108539602937685,72,1.2136125553903807,24.5,0.348791466694403,74,Time Limit,-1510.6450876395809,-43.59465773423775,0.0,32,11,20,2,30,oracle_v1,Oracle v1,-34.72917649522233
2,2,oracle_v1,120,2090061.7801382823,100539398.23232186,554.1943471555021,1333.5602863106965,2.4063043824886057,59,1.767365396068711,34.0,0.39316192284828155,93,Time Limit,-1644.986416007838,-32.55936144814367,0.0,24,11,12,1,23,oracle_v1,Oracle v1,-31.22503311412461
3,3,oracle_v1,120,270880.37668674625,41050341.811057225,113.25362329521899,333.06034025215837,2.9408360682992694,67,0.5561222371462791,29.5,0.32042010531060916,102,Time Limit,-1743.854485065661,-62.80157407809789,0.0,42,11,30,5,37,oracle_v1,Oracle v1,-42.03582485088579
4,4,oracle_v1,120,9587556.63192828,261897654.8943956,520.0336952478925,594.5171924848482,1.1432282137053649,90,1.0229757167841267,24.5,0.4822030375213674,72,Time Limit,-1163.5385633152412,-23.236892383290947,0.0,29,11,17,1,28,oracle_v1,Oracle v1,-26.336598521784957
5,5,oracle_v1,120,602617.6165142783,56348371.36328868,178.2076595412958,372.85725248742426,2.0922627761744583,69,0.848352504862432,38.0,0.32678672455006824,91,Time Limit,-1609.6791192219946,-47.473918673655504,0.0,30,11,18,3,27,oracle_v1,Oracle v1,-38.17912598739545
6,6,oracle_v1,120,35570.10600170005,38494385.71812865,47.08834704011258,100.92544362688758,2.143321011903719,60,1.1097674951210392,23.0,0.3185162078111587,79,Time Limit,-1745.022403460366,-162.87289433422333,0.0,42,11,30,4,38,oracle_v1,Oracle v1,-33.242681269736266
7,7,oracle_v1,120,2769404.0373806837,80303209.48031916,839.87848996781,759.2413047018354,0.9039894624887165,95,1.1294695404185615,21.0,0.40901461755554774,96,Time Limit,-1446.1310032930685,-44.44980630707411,0.0,27,11,15,1,26,oracle_v1,Oracle v1,-45.48725051280215
8,8,oracle_v1,120,266605.4942003038,25907596.972693972,109.35295646751763,351.93594090293675,3.218348659896327,77,0.8015706223358455,38.0,0.3132014364286471,67,Time Limit,-1581.9295459239218,-74.17111414499554,0.0,35,11,23,5,30,oracle_v1,Oracle v1,-44.45763339104654
9,9,oracle_v1,120,352180.67397538223,25253103.586651888,91.20612741790387,86.90439454281686,0.9528350452226023,78,0.4747429450578612,30.5,0.3136977493969747,99,Time Limit,-1611.084831666726,-70.10828716782848,0.0,32,11,20,2,30,oracle_v1,Oracle v1,-49.99833637241633
10,10,oracle_v1,120,2395990.5579550057,85535896.36984949,415.1312781492728,893.3222789382122,2.151903086948297,80,0.5252789947049405,25.5,0.4050549444862691,89,Time Limit,-1509.3401075478457,-41.177795481483265,0.0,34,11,22,4,30,oracle_v1,Oracle v1,-43.20972029671729
11,11,oracle_v1,120,301807.78245268983,6377054.3522375785,32.50673430456319,132.68509099218466,4.081772402882032,60,1.0718186604036979,40.5,0.314155279449423,82,Time Limit,-1557.7241531887712,-88.06740591749143,0.0,31,11,19,2,29,oracle_v1,Oracle v1,-64.77702151145434
12,12,oracle_v1,120,1635491.0531035988,191295787.9973319,130.62266494753646,163.88820192439402,1.254668950371043,72,0.8370862531538332,17.5,0.43777947070485457,38,Time Limit,-1285.6038506732195,-25.14657783173212,0.0,29,11,17,1,28,oracle_v1,Oracle v1,-23.79842947265674
13,13,oracle_v1,120,2975800.885793667,107652620.44731052,354.1368986582483,588.42738532835,1.6615816865110078,83,1.2948641784715105,20.0,0.4197016239280041,94,Time Limit,-1513.7480268812333,-35.993871220118855,0.0,25,11,13,1,24,oracle_v1,Oracle v1,-38.899530140471775
14,14,oracle_v1,120,872043.8875015324,71448942.73362702,593.4558594891088,649.5067075103083,1.0944482173778725,63,0.9258628301408492,37.5,0.334752963133865,84,Time Limit,-1677.0790979458075,-41.07660410314274,0.0,30,11,18,1,29,oracle_v1,Oracle v1,-33.377079962934744
15,15,oracle_v1,120,2656228.805228261,120106941.90776254,101.32456571994865,230.05747411541802,2.270500470253924,64,0.6834004654703412,20.5,0.4202045569805257,56,Time Limit,-1318.6822889346956,-33.20532510650299,0.0,26,11,14,2,24,oracle_v1,Oracle v1,-27.792678179600696
16,16,oracle_v1,120,8524122.772319457,238753203.53384152,558.3711357362108,586.5992207312194,1.0505543413482323,85,0.8825264085547955,25.0,0.4778861587583814,72,Time Limit,-1259.7274490209486,-25.36248203553646,0.0,28,11,16,2,26,oracle_v1,Oracle v1,-26.207198684434168
17,17,oracle_v1,120,2332511.8637090847,119148288.56083502,808.1554352880538,1290.3543452301776,1.59666604824634,59,1.2721613529373095,30.5,0.40312638667510875,83,Time Limit,-1642.3364535235664,-30.327335833216754,0.0,25,11,13,2,23,oracle_v1,Oracle v1,-28.45661377652327
18,18,oracle_v1,120,3370892.4144565966,211555405.17665336,207.25400470396633,228.24732111212518,1.1012926936593814,90,2.7611349364520064,12.5,0.5798574534321169,20,Time Limit,-948.2934600509859,-24.23464429475255,0.0,25,11,13,1,24,oracle_v1,Oracle v1,-24.406780044724712
19,19,oracle_v1,120,4692798.293486063,132444911.65921965,230.75500164693673,658.8223346912616,2.8550728261105385,97,0.7610403163387518,27.0,0.44393772607710047,96,Time Limit,-1331.582841332947,-35.12482328520605,0.0,28,11,16,2,26,oracle_v1,Oracle v1,-41.47573130757028
20,20,oracle_v1,120,898909.9383520714,91343138.1993129,524.6207848470223,1001.8296334392799,1.9096262717296077,54,0.8374351579886019,33.0,0.346592200097721,60,Time Limit,-1657.2452232367204,-33.855327926469535,0.0,27,11,15,2,25,oracle_v1,Oracle v1,-28.286098763283857
21,21,oracle_v1,120,382129.9498515087,65678429.263907075,117.30772535973355,248.01575394782802,2.114232060908758,62,1.2423822757097605,20.0,0.32680954513154464,70,Time Limit,-1619.2819480166743,-48.94470885758657,0.0,31,11,19,2,29,oracle_v1,Oracle v1,-30.679991420817323
22,22,oracle_v1,120,6163487.462920801,186072345.95004046,361.30536976712534,593.6595084964546,1.6430962785831,91,0.4567872688165678,24.5,0.4609647329976859,83,Time Limit,-1324.208418661981,-27.474491571710278,0.0,29,11,17,1,28,oracle_v1,Oracle v1,-29.711894017173556
23,23,oracle_v1,120,1376239.8926591903,87516854.70215437,1778.124412790469,1690.8675421086534,0.950927578489921,65,1.2674115270222557,34.5,0.3671949339286886,80,Time Limit,-1595.850149193263,-36.56566910389623,0.0,25,11,13,2,23,oracle_v1,Oracle v1,-31.294269567518466
24,24,oracle_v1,120,1694264.1973703462,111567757.94492099,152.61685013685525,220.06615735328865,1.4419519021389182,66,0.8577762752764508,25.5,0.4059759414584718,59,Time Limit,-1365.1148589927648,-33.441955028238375,0.0,32,11,20,2,30,oracle_v1,Oracle v1,-33.605202406098755
25,25,oracle_v1,120,7458493.10140391,197916585.45560032,482.2376424540673,783.3250764067551,1.6243548977646765,101,1.1297404023500073,32.0,0.46912184396559536,88,Time Limit,-1259.412719851632,-28.98009621579691,0.0,35,11,23,3,32,oracle_v1,Oracle v1,-31.578800749476947
26,26,oracle_v1,120,288728.55967218644,22388158.742345184,405.99232913778667,508.15343996222776,1.251633106077158,71,0.697636653750688,39.0,0.31298121876027724,90,Time Limit,-1663.4797526122616,-75.27218580467476,0.8333333333333334,33,11,21,4,29,oracle_v1,Oracle v1,-48.87323491454281
27,27,oracle_v1,120,643899.9013190274,18561790.482257716,80.82708441567667,182.16856109561778,2.2538059168231683,90,1.5943640386863236,27.0,0.31740497684720653,87,Time Limit,-1445.84080736284,-70.17155447153728,0.0,29,11,17,3,26,oracle_v1,Oracle v1,-54.50138251001774
28,28,oracle_v1,120,6096297.891379101,182225018.8831774,1149.435810379416,1960.1011346054956,1.7052723752868706,73,1.0479884761878644,20.5,0.46085219700303953,80,Time Limit,-1378.0009874635887,-27.99176642671705,0.0,25,11,13,3,22,oracle_v1,Oracle v1,-33.283403494890095
29,29,oracle_v1,120,1988500.218348204,120455531.06007342,1084.7553352608525,1410.4117022442801,1.3002118140355738,60,0.8073999283754971,33.5,0.3987529059300733,85,Time Limit,-1658.5635233253536,-30.43534014179085,0.0,30,11,18,1,29,oracle_v1,Oracle v1,-29.960139165224412
30,30,oracle_v1,120,796890.2434692692,34545689.600493796,33.983877286555895,64.48096939981212,1.8973988416948808,76,0.5815323057335864,29.5,0.3228826424034835,107,Time Limit,-1574.1216906942068,-56.99384019756799,0.0,39,11,27,4,35,oracle_v1,Oracle v1,-50.861853273942494
31,31,oracle_v1,120,5231323.787307972,158254587.27909398,436.12926329613475,903.344523444526,2.071277026029663,88,1.86205256914445,15.5,0.45299476411183065,70,Time Limit,-1324.7711435656113,-30.225741457724634,0.0,22,11,10,3,19,oracle_v1,Oracle v1,-31.910839767376412
32,32,oracle_v1,120,227121.4260615069,3725343.761713391,236.215247847572,458.9354607948202,1.9428697553469028,58,0.8607362820771438,45.5,0.31467686021167124,78,Time Limit,-1667.7999803005894,-99.40356385725154,0.0,42,11,30,4,38,oracle_v1,Oracle v1,-63.951969896145
33,33,oracle_v1,120,538851.163923487,33149498.240631185,22.619556014147363,122.00784540686884,5.393909824337809,79,1.1751295759949456,25.0,0.32441125632386514,92,Time Limit,-1579.9592668707328,-62.42738367467245,0.0,32,11,20,6,26,oracle_v1,Oracle v1,-44.779599130434875
34,34,oracle_v1,120,5398505.2232125215,169514983.07544842,602.3695990709195,1301.240038346155,2.1602020426548028,85,0.875641270424999,23.5,0.4530088610330071,79,Time Limit,-1353.1421463898635,-28.585818601121527,0.0,28,11,16,5,23,oracle_v1,Oracle v1,-29.932861019394725
35,35,oracle_v1,120,299090.78541485395,18128050.179391723,85.33900273453017,414.14105547249346,4.852893075875167,75,0.6537287545935437,43.5,0.31065782973124306,93,Time Limit,-1638.9631795945309,-79.0951399295952,0.0,36,11,24,2,34,oracle_v1,Oracle v1,-52.838575334483025
36,36,oracle_v1,120,6135009.578192076,244222655.3510938,803.133966250321,295.3625995540175,0.3677625551475665,73,0.8231743817098863,23.0,0.48663986767849593,40,Time Limit,-1123.931920135853,-22.28657323186248,0.0,29,11,17,1,28,oracle_v1,Oracle v1,-23.16655993056646
37,37,oracle_v1,120,3401919.0074097873,83966336.27620384,102.97642270669836,706.6404198918949,6.862157388245821,101,0.914938958481565,25.0,0.4190914480174514,109,Time Limit,-1463.0524176099896,-45.26307874457784,0.0,29,11,17,2,27,oracle_v1,Oracle v1,-47.74045157642748
38,38,oracle_v1,120,1866824.7781805005,79790240.26509412,303.594089378754,660.6552505989073,2.1761136784672233,73,1.5311363444572166,34.5,0.3843938480538155,78,Time Limit,-1487.9742566555024,-39.94839260652569,0.0,28,11,16,2,26,oracle_v1,Oracle v1,-39.411862567190006
39,39,oracle_v1,117,19137.641023650533,-336375.7893791847,0.0,164.5720340844069,0.0,58,0.8202126016660924,27.5,0.31692605177300565,82,Bankruptcy,-1753.7053307799333,-370.546252873512,0.0,49,11,37,9,40,oracle_v1,Oracle v1,-58.53462587157599
40,40,oracle_v1,120,3116961.9298240924,136468562.45239773,2434.7927126391337,1298.7300447250266,0.5334047691137124,71,0.840201805183445,27.5,0.4307578236907428,96,Time Limit,-1546.8902088515194,-30.618723748066717,0.0,33,11,21,3,30,oracle_v1,Oracle v1,-33.43909903694235
41,41,oracle_v1,120,1428633.436621413,91339594.9520521,1247.440627916744,2299.8733775957135,1.8436736195104992,61,1.2477045962302062,33.0,0.37015217393016103,65,Time Limit,-1622.0604848260452,-34.838861162892286,0.0,26,11,14,3,23,oracle_v1,Oracle v1,-30.319298812683364
42,42,oracle_v1,120,578269.8702176411,78992453.203013,277.05015649479446,474.98289026309357,1.7144292436882926,59,1.2691042381897464,21.5,0.3296340482231747,92,Time Limit,-1682.367145071157,-42.026430799898044,0.0,34,11,22,4,30,oracle_v1,Oracle v1,-33.11154313007558
43,43,oracle_v1,120,2515453.112238906,97707029.90475826,210.74725370653232,498.6960081124033,2.366322689105323,85,0.8710199339320741,30.5,0.4148560117534149,72,Time Limit,-1390.875509073792,-38.73984775498787,0.0,36,11,24,2,34,oracle_v1,Oracle v1,-37.567622333325
44,44,oracle_v1,120,261925.69877798585,48310728.4122094,944.3885653083687,465.9977676626063,0.49343859591358485,60,1.0995691423159972,39.0,0.32399157311568616,88,Time Limit,-1783.786365493034,-59.6237262986455,0.0,37,11,25,2,35,oracle_v1,Oracle v1,-33.86488875293252
45,45,oracle_v1,120,383117.9777641943,98572997.60413355,128.980552529489,164.13589134162459,1.2725630967048152,65,0.8949592497310751,22.5,0.3562688362331431,43,Time Limit,-1432.649389909725,-41.8984764771156,0.0,31,11,19,3,28,oracle_v1,Oracle v1,-25.974696778682407
46,46,oracle_v1,120,5777888.968543578,151309211.49985477,294.78038718625197,1050.2887321854398,3.562953228370084,97,0.7358808442541658,32.5,0.4537737037874653,96,Time Limit,-1330.7773101412008,-32.36008260821646,0.0,34,11,22,3,31,oracle_v1,Oracle v1,-35.36383180743415
47,47,oracle_v1,120,244132.6374483319,23527589.436712585,204.5559753680265,488.7844125399141,2.3894897798048604,71,0.992629752524676,33.0,0.31901444097140114,68,Time Limit,-1518.0121030454798,-80.07375326119545,0.0,27,11,15,1,26,oracle_v1,Oracle v1,-41.83455570178928
48,48,oracle_v1,120,5601106.1269051405,177764061.69850817,437.18000374245935,739.502352328718,1.6915283087017752,82,2.1407421227520036,17.5,0.4578001256193727,78,Time Limit,-1222.994707866815,-28.417477608687445,0.0,26,11,14,4,22,oracle_v1,Oracle v1,-30.246780069791367
49,49,oracle_v1,120,3751323.9776307857,120416079.87277189,614.3577336982174,743.2260490165692,1.2097610370143952,80,1.128471412193194,22.0,0.4323611391357915,72,Time Limit,-1383.4790158210174,-33.8567181781044,0.0,25,11,13,1,24,oracle_v1,Oracle v1,-35.40118645605506
50,50,oracle_v1,120,320844.4835084847,23713577.796387233,197.48850198195134,888.5665987498616,4.499333327421099,76,1.111106421079294,34.5,0.32025311178546645,79,Time Limit,-1623.160596053189,-74.77530572116366,0.0,33,11,21,4,29,oracle_v1,Oracle v1,-48.01826137042243
51,51,oracle_v1,120,343237.37860926497,56925736.761673875,572.8237194704922,434.53634063930525,0.7585865002953837,60,0.7989057633686043,26.5,0.32447615354738063,79,Time Limit,-1670.6873477856932,-51.08156186167139,0.0,35,11,23,2,33,oracle_v1,Oracle v1,-36.34503615409923
52,52,oracle_v1,120,4736568.629826822,135697648.35518786,402.34883742367947,453.96019824291284,1.1282751583171242,89,0.650397450775578,21.5,0.4485846639316293,63,Time Limit,-1243.7090415147504,-36.28871017898079,0.0,30,11,18,4,26,oracle_v1,Oracle v1,-35.88837206493378
53,53,oracle_v1,120,1765675.5022986664,91624042.08974072,622.8705003200276,1598.944044817783,2.567056946823222,61,0.7112520262930409,38.0,0.3816883376285011,89,Time Limit,-1654.5454535503538,-35.242468591242165,0.0,28,11,16,2,26,oracle_v1,Oracle v1,-34.10828440738948
54,54,oracle_v1,120,3639779.9006187837,81857307.82583252,83.2524022498299,272.6695027854196,3.2752148336473583,92,6.19264000000002,21.0,0.4227944786985629,103,Time Limit,-1270.3705005231045,-47.150441045057015,0.0,30,11,18,2,28,oracle_v1,Oracle v1,-52.00916902826255
55,55,oracle_v1,120,3949144.353420221,159048632.2022974,827.9900163448244,878.5504703860414,1.0610640865748804,80,0.5582163374651371,23.0,0.449050440851466,67,Time Limit,-1361.2066593283066,-30.51638088730793,0.0,30,11,18,2,28,oracle_v1,Oracle v1,-32.45624864297767
56,56,oracle_v1,120,428641.2157431982,32410035.409231104,132.7938737952073,594.7703146476788,4.478898744718634,73,1.4553608785253087,32.0,0.31031398875302474,60,Time Limit,-1659.4807229880485,-62.135162404628545,0.0,28,11,16,2,26,oracle_v1,Oracle v1,-41.12262505343912
57,57,oracle_v1,120,16062.647760513873,3681795.6374066225,55.58060858091658,77.40857701610182,1.3927263301445711,64,0.4906823799847285,29.0,0.31197421334267894,85,Time Limit,-1739.0897480918516,-401.9141502841697,0.0,49,11,37,7,42,oracle_v1,Oracle v1,-55.40288328876094
58,58,oracle_v1,120,6454837.774038471,166181085.97688296,205.15217055451802,829.2400940948279,4.042073217424049,109,1.2351552554752907,19.5,0.46092290423786086,96,Time Limit,-1265.5691175968102,-32.635500538840155,0.0,23,11,11,1,22,oracle_v1,Oracle v1,-39.791608483104255
59,59,oracle_v1,120,756021.7344135867,74235081.38888316,1497.302098697826,3142.230531260459,2.098594888762391,53,1.3813647593909473,35.5,0.33479149438823946,82,Time Limit,-1768.8761828227864,-38.60978287716644,0.0,33,11,21,3,30,oracle_v1,Oracle v1,-34.318936122915986
60,60,oracle_v1,120,63904.697487491845,52856847.20484497,135.65722906711986,305.71654759336735,2.2535956962684702,55,0.6502882209438505,19.0,0.33998689018346295,50,Time Limit,-1502.1584472092156,-111.03807632644471,0.0,36,11,24,4,32,oracle_v1,Oracle v1,-29.672486816306414
61,61,oracle_v1,120,6830783.29567517,233871723.27274707,3813.978352453519,2765.5118895129344,0.7250990000333615,70,1.820286268637294,17.0,0.493588183764025,37,Time Limit,-1243.619247842765,-21.725439997495037,0.0,22,11,10,2,20,oracle_v1,Oracle v1,-24.132282143568922
62,62,oracle_v1,120,951815.9059527069,64447255.77571149,1367.123474275884,1762.5197059284424,1.2892176449987338,63,1.247987664633546,35.0,0.3368554171079723,74,Time Limit,-1647.8132887685324,-41.788071826195534,0.0,29,11,17,5,24,oracle_v1,Oracle v1,-36.20675462611584
63,63,oracle_v1,120,1055413.4742404928,32639509.440013476,39.43753349515568,87.26423035891509,2.21272028509679,83,0.5484124666566456,30.0,0.336745786690486,87,Time Limit,-1426.0879535213098,-57.90495442604311,0.0,32,11,20,4,28,oracle_v1,Oracle v1,-53.81720536540785
64,64,oracle_v1,120,2959858.479348805,93741058.20772028,286.0190809415468,457.8693477536807,1.6008349731298332,96,0.6145328294989575,24.5,0.4170501193807969,96,Time Limit,-1414.0266257371459,-40.14853274174009,0.8333333333333334,30,11,18,3,27,oracle_v1,Oracle v1,-44.37253257423916
65,65,oracle_v1,120,417102.0418038669,68719804.17329071,441.18371315012433,493.4648993411544,1.118502076646787,54,0.6015302408446797,37.5,0.3201160916646903,72,Time Limit,-1786.1088378034367,-43.06348167251964,0.0,33,11,21,4,29,oracle_v1,Oracle v1,-32.12610745431143
66,66,oracle_v1,120,480364.2030751485,103836844.17708236,158.79311148234535,489.74446808022606,3.084166961075487,59,0.7133372393754084,25.5,0.3371857842633133,67,Time Limit,-1585.0201253066873,-37.233493033601476,0.0,33,11,21,2,31,oracle_v1,Oracle v1,-24.667296608413046
67,67,oracle_v1,120,4029552.617083202,119755330.16072063,1301.687950417338,1622.8596491760763,1.2467347866712344,85,1.3936699598642892,23.5,0.4346040929931017,96,Time Limit,-1485.6916959185573,-34.96727973589106,0.0,27,11,15,1,26,oracle_v1,Oracle v1,-39.3340657688577
68,68,oracle_v1,120,1474303.5649262152,92942443.7027537,395.1816340926147,988.3419366885113,2.5009814511189647,65,1.6811204114530969,28.5,0.38137725833811126,45,Time Limit,-1480.670930966917,-34.59822158457958,0.0,24,11,12,1,23,oracle_v1,Oracle v1,-31.280362155616736
69,69,oracle_v1,120,324778.71113574255,18671023.687002204,72.60916520773932,133.48575609859554,1.8384146920940976,77,0.8300017187739394,23.0,0.316563045896359,108,Time Limit,-1563.923420801907,-73.4967675267639,0.0,34,11,22,2,32,oracle_v1,Oracle v1,-52.73733710955943
70,70,oracle_v1,120,4915921.031515285,158254998.92944434,457.0285229493434,386.08960248288616,0.8447822905916967,85,0.4695927330211106,24.5,0.4541475294918931,68,Time Limit,-1311.0773455590443,-30.943377331503143,0.0,34,11,22,2,32,oracle_v1,Oracle v1,-34.14435766820013
71,71,oracle_v1,120,429226.39639779256,11223778.128770016,107.12900744190847,388.18034610128046,3.623484949319392,68,1.0127704990084103,36.5,0.3106886639857595,76,Time Limit,-1533.4325804891462,-79.45068642321118,0.0,28,11,16,2,26,oracle_v1,Oracle v1,-55.549588432615685
72,72,oracle_v1,120,415034.03918836184,44041044.71520583,296.9302851851914,375.1096769916189,1.2632920779962478,69,0.7385431246530351,21.0,0.3199833236394693,78,Time Limit,-1566.2418452705624,-56.00896049302134,0.0,29,11,17,2,27,oracle_v1,Oracle v1,-39.66510315680499
73,73,oracle_v1,120,6039515.546079368,172369992.03115332,116.48318104255574,543.4823167939725,4.6657578538777855,101,0.9360991851657878,26.0,0.46048347545532187,94,Time Limit,-1223.1617941076784,-31.84855105197137,0.0,29,11,17,1,28,oracle_v1,Oracle v1,-36.0023801918724
74,74,oracle_v1,120,2065926.6405513876,130831344.77690953,5733.770099264898,3138.7538915036057,0.547415371939313,57,1.1752286979374595,30.0,0.3995718083115858,73,Time Limit,-1561.160295093726,-27.55016538716546,0.0,25,11,13,4,21,oracle_v1,Oracle v1,-26.527117840673515
0,0,oracle_v3,120,17113.53212307371,46838420.28731547,133.28382003475053,151.9773818464216,1.1402537967984199,62,0.7545852694965045,18.5,0.338979038357005,49,Time Limit,-1549.4386569227747,-259.63943721692453,0.0,40,11,28,2,38,oracle_v3,Oracle v3,-31.146112460517397
1,1,oracle_v3,120,1081132.5199550048,63575148.85459035,529.9905192154216,1118.370122733325,2.1101700543415736,72,1.2136125553903807,24.5,0.3487934157663934,74,Time Limit,-1511.4478226350027,-43.95421938522176,0.0,32,11,20,0,32,oracle_v3,Oracle v3,-35.765418895608946
2,2,oracle_v3,120,1752822.3116018528,83244584.63267136,368.00600407461286,980.5102666447079,2.664386601817264,66,1.767365396068711,34.0,0.38079418872978477,93,Time Limit,-1611.1809792983174,-37.48350130285185,0.0,24,11,12,0,24,oracle_v3,Oracle v3,-35.0082853229464
3,3,oracle_v3,120,205517.8031496211,26362386.318048287,89.17598811690559,281.819768396809,3.160265160475221,68,0.5561222371462791,29.5,0.3114205848773065,102,Time Limit,-1720.2523227984225,-77.0609176424446,0.0,42,11,30,0,42,oracle_v3,Oracle v3,-47.32738610870667
4,4,oracle_v3,120,6273956.313937863,173025567.20427477,265.2857234041187,411.9182342959463,1.552734270846748,94,1.0229757167841267,24.5,0.4618210947231773,72,Time Limit,-1215.6637083771295,-30.51909540891786,0.0,29,11,17,0,29,oracle_v3,Oracle v3,-32.96176972619181
5,5,oracle_v3,120,480046.82737134956,46223710.30719276,125.69190509272907,288.829796541125,2.297918838353521,74,0.848352504862432,38.0,0.31728891413469673,91,Time Limit,-1574.3294693666421,-54.313280522457795,0.0,31,11,19,1,30,oracle_v3,Oracle v3,-40.54605278225693
6,6,oracle_v3,120,34715.25663427916,36414037.587967366,47.08834704011264,100.74589909296657,2.1395080826928425,60,1.1097674951210392,23.0,0.3151098471699567,79,Time Limit,-1747.5285021031548,-166.9972552206785,0.0,43,11,31,0,43,oracle_v3,Oracle v3,-34.00584778061325
7,7,oracle_v3,120,2831331.662326268,83575806.3949279,893.914572716427,799.8301940266967,0.8947501455269639,94,1.1294695404185615,21.0,0.41082261418683,96,Time Limit,-1448.1606485780228,-43.48846075181022,0.0,27,11,15,0,27,oracle_v3,Oracle v3,-45.018149349789496
8,8,oracle_v3,120,258713.44278325813,25358468.880563058,75.24448658849475,336.1556089363987,4.467511497218436,76,0.8015706223358455,38.0,0.3141987043368168,67,Time Limit,-1567.7153342567472,-74.84315643612744,0.0,35,11,23,1,34,oracle_v3,Oracle v3,-45.002255520769296
9,9,oracle_v3,120,341948.7268546004,23963160.99087464,73.06190489593659,78.49150281239287,1.074315033589526,80,0.4747429450578612,30.5,0.31081135166391666,99,Time Limit,-1591.688928833705,-71.77956230396481,0.0,33,11,21,0,33,oracle_v3,Oracle v3,-51.337741987646716
10,10,oracle_v3,120,2459174.223307154,88690604.39265227,421.37317007592173,896.5662895657179,2.1277251453958903,80,0.5252789947049405,25.5,0.40718411824517736,89,Time Limit,-1505.8620616753867,-40.57255291396711,0.0,34,11,22,1,33,oracle_v3,Oracle v3,-42.458591088722294
11,11,oracle_v3,120,333957.41909588815,7572002.728431428,43.80554162576129,170.05057973486217,3.8819421795451174,66,1.0718186604036979,40.5,0.31526453595077636,82,Time Limit,-1579.9777800288057,-85.93831508492333,0.0,30,11,18,1,29,oracle_v3,Oracle v3,-60.64865993244151
12,12,oracle_v3,120,1584994.7870248007,182210167.0794965,121.73167220727909,155.9309827283511,1.280940119370405,73,0.8370862531538332,17.5,0.4356876269680593,38,Time Limit,-1289.721464787431,-25.913549816727382,0.0,29,11,17,1,28,oracle_v3,Oracle v3,-24.830072204700272
13,13,oracle_v3,120,2980773.4612052627,108309459.26109128,372.2568839111908,617.7182037724141,1.6593869192753006,83,1.2948641784715105,20.0,0.41984400073767475,94,Time Limit,-1518.302315543514,-35.68394049269177,0.0,25,11,13,1,24,oracle_v3,Oracle v3,-37.93800777084296
14,14,oracle_v3,120,878568.2012369477,72676782.48167689,595.860076009834,649.5380167433485,1.090084808321054,63,0.9258628301408492,37.5,0.3322474498909862,84,Time Limit,-1675.849840924861,-40.67868691108047,0.0,30,11,18,1,29,oracle_v3,Oracle v3,-32.90594329197896
15,15,oracle_v3,120,3026740.119421419,134762073.58086476,121.21045918750181,255.59425409685784,2.108681509913895,68,0.6834004654703412,20.5,0.43002601620226805,56,Time Limit,-1328.7805509360767,-33.09138982727747,0.0,26,11,14,1,25,oracle_v3,Oracle v3,-29.28148724074886
16,16,oracle_v3,120,8834079.840510027,246329434.38781026,604.1831350157809,617.1779964145162,1.0215081498400247,85,0.8825264085547955,25.0,0.47963080280686543,72,Time Limit,-1266.1182650287085,-25.1169345465407,0.0,28,11,16,1,27,oracle_v3,Oracle v3,-26.13605017394828
17,17,oracle_v3,120,2288448.8733672644,115730331.31087103,796.6805869048317,1287.5862367947793,1.6161887938014854,59,1.2721613529373095,30.5,0.4015312055386084,83,Time Limit,-1646.022822301698,-30.917489371832925,0.0,25,11,13,1,24,oracle_v3,Oracle v3,-29.084573196022365
18,18,oracle_v3,120,3258184.162552957,196555068.5296726,201.58560365541825,228.1615620550852,1.1318346048415975,90,2.7611349364520064,12.5,0.5787558541550318,20,Time Limit,-953.6670302738419,-26.129702124971086,0.0,25,11,13,1,24,oracle_v3,Oracle v3,-27.31444961282516
19,19,oracle_v3,120,4737291.954502613,128169566.98357576,232.31485145007673,659.8942244576814,2.8405167398412723,108,0.7610403163387518,27.0,0.4445826209841829,96,Time Limit,-1329.7776603574343,-37.247994705590976,0.0,28,11,16,2,26,oracle_v3,Oracle v3,-42.85059803483773
20,20,oracle_v3,120,912027.179097547,92436357.19335072,527.4124858624234,1003.7812283156659,1.9032185532625108,54,0.8374351579886019,33.0,0.347487308127905,60,Time Limit,-1655.9520350951404,-33.67020662729774,0.0,27,11,15,1,26,oracle_v3,Oracle v3,-28.300862182453756
21,21,oracle_v3,120,381672.7279326185,64363745.133646935,117.32057933304691,248.06887574869745,2.1144532115246837,62,1.2423822757097605,20.0,0.3230867253887035,70,Time Limit,-1620.4472685027442,-49.244696209180596,0.0,31,11,19,1,30,oracle_v3,Oracle v3,-31.548601105181937
22,22,oracle_v3,120,6131304.163476877,184564997.14745796,359.81814089495356,593.3208941677635,1.6489465836603816,91,0.4567872688165678,24.5,0.4606511355900299,83,Time Limit,-1325.7937124476316,-27.664245500034227,0.0,29,11,17,1,28,oracle_v3,Oracle v3,-30.022183801536073
23,23,oracle_v3,120,1313055.1855463895,84161780.66972117,1634.3482029869404,1605.9522428395014,0.9826255138926072,66,1.2674115270222557,34.5,0.3632342578040837,80,Time Limit,-1594.2316031724972,-37.49969067640273,0.0,25,11,13,1,24,oracle_v3,Oracle v3,-32.20353509400667
24,24,oracle_v3,120,1723718.3912977597,114264754.83846231,154.09347287207203,220.2770144107489,1.4295025629905964,66,0.8577762752764508,25.5,0.4073648284715574,59,Time Limit,-1362.1444498788217,-33.09347888996015,0.0,32,11,20,1,31,oracle_v3,Oracle v3,-33.24739734311324
25,25,oracle_v3,120,7377051.39006275,194131867.26068795,455.30654183015383,745.6152289868824,1.6376115001330782,102,1.1297404023500073,32.0,0.468505449582183,88,Time Limit,-1257.6780246411959,-29.559995133217832,0.0,35,11,23,1,34,oracle_v3,Oracle v3,-32.717627087675254
26,26,oracle_v3,120,274101.6038223469,19311654.765571762,368.2470105558159,459.44596629770837,1.2476570158824665,73,0.697636653750688,39.0,0.3107209845883225,90,Time Limit,-1635.3920661550392,-79.24859324214316,0.8333333333333334,33,11,21,1,32,oracle_v3,Oracle v3,-51.578145449945055
27,27,oracle_v3,120,667839.5929726007,18715804.781019192,74.70834806757925,166.30635999851484,2.2260746529702193,93,1.5943640386863236,27.0,0.32423134952633736,87,Time Limit,-1423.7974218198303,-70.48527485933946,0.0,29,11,17,1,28,oracle_v3,Oracle v3,-54.641306332149604
28,28,oracle_v3,120,6338926.02453485,184962243.62757206,1246.515149064191,2059.724379811934,1.6523861594127047,78,1.0479884761878644,20.5,0.46282136052256684,80,Time Limit,-1377.7139149718785,-28.197355255404084,0.0,25,11,13,1,24,oracle_v3,Oracle v3,-32.85044200257959
29,29,oracle_v3,120,1889906.8911712542,112969215.50656794,949.9839948016308,1271.6408116021462,1.3385918273998727,62,0.8073999283754971,33.5,0.3944793217912819,85,Time Limit,-1635.5644192692716,-31.840941956491942,0.0,30,11,18,1,29,oracle_v3,Oracle v3,-31.045964216880765
30,30,oracle_v3,120,906145.4202970857,38698538.41623179,31.045615219007637,71.86204045531356,2.3147243160868696,79,0.5815323057335864,29.5,0.3345276617609991,107,Time Limit,-1576.6350343666925,-55.99858287384463,0.0,39,11,27,1,38,oracle_v3,Oracle v3,-52.43397004631651
31,31,oracle_v3,120,4344756.859534405,136854808.69132623,313.3521648489496,736.3857344935226,2.350025999815559,92,1.86205256914445,15.5,0.4424952442491993,70,Time Limit,-1318.0485242046273,-32.40843456111812,0.0,22,11,10,1,21,oracle_v3,Oracle v3,-34.31338341577485
32,32,oracle_v3,120,229287.98579770187,7568753.851919342,179.93932676059345,506.25129292976476,2.8134555243908657,63,0.8607362820771438,45.5,0.31059634781639184,78,Time Limit,-1664.4672790092768,-94.61911049015693,0.0,36,11,24,1,35,oracle_v3,Oracle v3,-55.989871956636605
33,33,oracle_v3,120,533456.4242675006,33176744.86284247,22.530296830053963,121.49397137761619,5.392470960060813,79,1.1751295759949456,25.0,0.3138649103011886,92,Time Limit,-1580.019841909675,-62.31208600344053,0.0,32,11,20,2,30,oracle_v3,Oracle v3,-44.884857631995814
34,34,oracle_v3,120,5487195.307817429,172731811.63529792,609.8104609416275,1303.51263080007,2.137570137428071,85,0.875641270424999,23.5,0.4540490058972805,79,Time Limit,-1349.5927825881224,-28.35859795861569,0.0,28,11,16,1,27,oracle_v3,Oracle v3,-29.727638596927154
35,35,oracle_v3,120,271178.44251669175,15299691.50120108,69.12035546622073,357.72696814237366,5.1754214186180745,78,0.6537287545935437,43.5,0.3136443973083177,93,Time Limit,-1636.2913002273408,-84.64564497515066,0.0,36,11,24,1,35,oracle_v3,Oracle v3,-52.22498812557349
36,36,oracle_v3,120,5541834.564531618,219070650.03268367,671.8221586613618,267.02268671737755,0.39746037440836013,75,0.8231743817098863,23.0,0.4813976057071487,40,Time Limit,-1140.0654989057389,-23.605561667788443,0.0,29,11,17,1,28,oracle_v3,Oracle v3,-24.199211565325054
37,37,oracle_v3,120,3059380.139659927,72738810.32100345,86.1222174431101,631.792671395188,7.336000978058099,101,0.914938958481565,25.0,0.4110187318737307,109,Time Limit,-1466.565449343842,-47.896231585665674,0.0,29,11,17,1,28,oracle_v3,Oracle v3,-50.542830600878844
38,38,oracle_v3,120,1925588.068195358,83109123.15064313,324.99335767272584,696.4278981800145,2.1428988677403367,72,1.5311363444572166,34.5,0.38712595125377347,78,Time Limit,-1489.6049112378275,-39.18826589910068,0.0,28,11,16,1,27,oracle_v3,Oracle v3,-39.09085981277698
39,39,oracle_v3,120,21264.30842688392,-51472.95035129861,0.0,183.55475364835,0.0,58,0.9702126016660926,27.5,0.31240212550951535,85,Bankruptcy,-1824.281363661245,-414.8050055058321,0.0,50,11,38,1,49,oracle_v3,Oracle v3,-55.67132885121388
40,40,oracle_v3,120,2767955.0576030547,112342326.28827734,2122.0126552112206,1216.2267378550916,0.5731477307019317,80,0.840201805183445,27.5,0.42206153044810246,96,Time Limit,-1552.695821076596,-35.67035784409448,0.0,33,11,21,1,32,oracle_v3,Oracle v3,-38.37163162057593
41,41,oracle_v3,120,936722.705443158,55298243.87068495,764.8966678260322,1573.313094724191,2.0568962591977518,68,1.2477045962302062,33.0,0.33346484050055347,65,Time Limit,-1563.7814481656008,-46.39539391057388,0.0,26,11,14,2,24,oracle_v3,Oracle v3,-39.64888584045465
42,42,oracle_v3,120,552761.763622983,75405456.36763047,258.44730034852086,450.9837250313438,1.744973634559866,60,1.2691042381897464,21.5,0.33034359061425955,92,Time Limit,-1670.9538228870174,-43.2089699937004,0.0,34,11,22,1,33,oracle_v3,Oracle v3,-32.85062916247424
43,43,oracle_v3,120,2529727.9835744496,98651130.12050411,245.0978129443831,577.8706038784076,2.3577142404348437,82,0.8710199339320741,30.5,0.4152968440166904,72,Time Limit,-1406.5925701630147,-38.32289752110584,0.0,36,11,24,1,35,oracle_v3,Oracle v3,-37.86738654310367
44,44,oracle_v3,120,272426.3320143076,52956960.21086065,1093.2478129151,537.348606789983,0.4915158305756544,57,1.0995691423159972,39.0,0.3142135651013188,88,Time Limit,-1794.9703688216512,-55.73993180749194,0.0,37,11,25,1,36,oracle_v3,Oracle v3,-32.72727307286813
45,45,oracle_v3,120,364919.7893878614,88166421.00160742,138.97002955444032,182.47487190843296,1.313051975979828,65,0.8949592497310751,22.5,0.3573993336862012,43,Time Limit,-1443.357970090153,-44.38922136942421,0.0,30,11,18,1,29,oracle_v3,Oracle v3,-28.5430345511964
46,46,oracle_v3,120,5069673.592518448,128006172.98241219,218.30883754336344,853.5012384051337,3.909604613398208,104,0.7358808442541658,32.5,0.4460772247469334,96,Time Limit,-1332.3399237008314,-36.52790230221283,0.0,34,11,22,1,33,oracle_v3,Oracle v3,-41.24254565633442
47,47,oracle_v3,120,211827.84563928057,20805977.80133555,173.57209519818602,417.82107471925985,2.4071903622652497,75,0.992629752524676,33.0,0.3127692544599069,68,Time Limit,-1504.8758173308192,-87.00210010624762,0.0,27,11,15,1,26,oracle_v3,Oracle v3,-41.980650157393114
48,48,oracle_v3,120,5778834.835092549,184360432.14730722,448.5726683992052,742.288013253317,1.6547776214326129,82,2.1407421227520036,17.5,0.4597018077887479,78,Time Limit,-1215.7487014101644,-27.93913537779223,0.0,26,11,14,2,24,oracle_v3,Oracle v3,-29.77975366998086
49,49,oracle_v3,120,3830476.5185219855,122925293.42913057,655.8166612783716,782.3577210778543,1.1929518831571289,81,1.128471412193194,22.0,0.4338935460167598,72,Time Limit,-1385.3773556011772,-33.64188488092939,0.0,25,11,13,1,24,oracle_v3,Oracle v3,-35.1916273736349
50,50,oracle_v3,120,295022.6498354766,24414819.987030677,163.69064494373984,766.216768136253,4.680883066955966,79,1.111106421079294,34.5,0.3147392775369489,79,Time Limit,-1607.425324124792,-74.82394860589869,0.0,33,11,21,0,33,oracle_v3,Oracle v3,-47.39685689385263
51,51,oracle_v3,120,371755.32124195405,61794283.58467854,642.9393418840339,480.723114021804,0.7476959064491521,58,0.7989057633686043,26.5,0.31982600545910667,79,Time Limit,-1686.0360638315126,-48.156337204561304,0.0,35,11,23,1,34,oracle_v3,Oracle v3,-34.926422923667936
52,52,oracle_v3,120,4693402.32633307,134162826.07585989,359.415450667133,408.5180219990256,1.1366178644817588,89,0.650397450775578,21.5,0.4479818118902339,63,Time Limit,-1245.321515955113,-36.332720557865585,0.0,30,11,18,1,29,oracle_v3,Oracle v3,-35.68968399531943
53,53,oracle_v3,120,1763685.2660882894,91340233.21429998,622.3290009186283,1600.3475491290349,2.5715458330991168,61,0.7112520262930409,38.0,0.38154138702170115,89,Time Limit,-1654.9097584387662,-35.2591979019392,0.0,28,11,16,1,27,oracle_v3,Oracle v3,-34.02965665620947
54,54,oracle_v3,120,3864349.426556417,87445589.36187655,95.77033784785203,301.11006544130584,3.1440848200793856,91,6.19264000000002,21.0,0.42731028380416447,103,Time Limit,-1274.1133481428014,-46.20636881614394,0.0,30,11,18,0,30,oracle_v3,Oracle v3,-52.787227868479306
55,55,oracle_v3,120,4046575.6455206643,163506948.1600899,843.4107220932988,880.135579984181,1.0435432665590654,81,0.5582163374651371,23.0,0.4506380899864797,67,Time Limit,-1375.4211035869012,-30.32523252574915,0.0,30,11,18,1,29,oracle_v3,Oracle v3,-32.44248149919437
56,56,oracle_v3,120,553051.873617806,48632132.44567738,172.5242982695562,808.0733027738396,4.683823153485813,68,1.4553608785253087,32.0,0.31268544073610427,60,Time Limit,-1662.8246911648832,-50.93574136163294,0.0,28,11,16,1,27,oracle_v3,Oracle v3,-36.28651308220576
57,57,oracle_v3,120,16116.701539500495,4113884.5432753507,58.359639009962436,81.62094552254133,1.3985855105890566,64,0.4906823799847285,29.0,0.3127735328184023,85,Time Limit,-1734.2783397195974,-401.3935244172919,0.0,48,11,36,2,46,oracle_v3,Oracle v3,-54.416193164745735
58,58,oracle_v3,120,6570872.366909779,170339774.00882322,208.166216778527,831.2119191202123,3.9930202507573958,109,1.2351552554752907,19.5,0.46199613022517716,96,Time Limit,-1261.095657109283,-31.968425170928427,0.0,23,11,11,1,22,oracle_v3,Oracle v3,-39.35464697792715
59,59,oracle_v3,120,730727.7911265974,72143231.01934461,1399.2869525002968,2980.1455179381246,2.129760098608146,54,1.3813647593909473,35.5,0.33160597594449537,82,Time Limit,-1765.7388279510699,-39.39871255766274,0.0,33,11,21,1,32,oracle_v3,Oracle v3,-34.250953892746054
60,60,oracle_v3,120,60255.075748913645,50966629.39071691,109.80228674501616,291.1954900263285,2.6519984114952475,56,0.6502882209438505,19.0,0.33590489753548497,50,Time Limit,-1498.7557768404251,-111.94382700641331,0.0,36,11,24,1,35,oracle_v3,Oracle v3,-30.729804674301622
61,61,oracle_v3,120,6254013.381891414,208685942.62387505,3216.547557444404,2502.092441198511,0.7778813763868182,72,1.820286268637294,17.0,0.4892627257783665,37,Time Limit,-1239.3116277840347,-23.82863228841167,0.0,22,11,10,1,21,oracle_v3,Oracle v3,-27.17011868047758
62,62,oracle_v3,120,645901.3174500262,39820130.71227983,776.6702096807433,1217.0088260906284,1.5669570055878543,70,1.247987664633546,35.0,0.3127334910061886,74,Time Limit,-1606.8135587961106,-54.264218525170705,0.0,29,11,17,1,28,oracle_v3,Oracle v3,-44.93063793075382
63,63,oracle_v3,120,954324.7240231001,27122542.349842113,34.52251221598514,78.59232354989632,2.276552849288451,84,0.5484124666566456,30.0,0.3282790259014882,87,Time Limit,-1421.9098423303383,-61.255615891638904,0.0,32,11,20,1,31,oracle_v3,Oracle v3,-55.445279838153425
64,64,oracle_v3,120,2976744.004434248,93170139.5832953,287.1698378349373,458.04071457624053,1.5950167957385493,101,0.6145328294989575,24.5,0.41751626322643526,96,Time Limit,-1412.8096851664482,-40.540698442537874,0.8333333333333334,30,11,18,1,29,oracle_v3,Oracle v3,-43.7521710498591
65,65,oracle_v3,120,371289.24735414964,62188832.4022983,334.8442622646826,404.16146969067404,1.207013275237784,58,0.6015302408446797,37.5,0.32084714288931504,72,Time Limit,-1771.8382237229114,-47.17772742190394,0.0,33,11,21,1,32,oracle_v3,Oracle v3,-32.863248672175416
66,66,oracle_v3,120,469120.6506593644,101416771.2037482,157.16896280885206,488.6435569124582,3.10903341333838,59,0.7133372393754084,25.5,0.3332769003084443,67,Time Limit,-1587.6170848592421,-37.70520359113246,0.0,33,11,21,2,31,oracle_v3,Oracle v3,-25.253884541822856
67,67,oracle_v3,120,3878121.438515361,112113744.24429148,1202.829631860488,1538.8637629895327,1.2793696814812259,86,1.3936699598642892,23.5,0.43178340009028415,96,Time Limit,-1488.0622640751287,-36.784026908753326,0.0,27,11,15,1,26,oracle_v3,Oracle v3,-42.54577173792674
68,68,oracle_v3,120,1360863.6078281072,85943098.63543783,345.6727484533684,893.291302373371,2.5842109520353955,67,1.6811204114530969,28.5,0.3756294115657317,45,Time Limit,-1467.8272048398435,-36.41332642249708,0.0,24,11,12,1,23,oracle_v3,Oracle v3,-32.97579471539625
69,69,oracle_v3,120,310339.5500092532,19722031.000298347,74.81596161572766,139.22148266263113,1.8608526797758125,77,0.8300017187739394,23.0,0.3117764760655597,108,Time Limit,-1568.197312627386,-73.31832427046999,0.0,34,11,22,1,33,oracle_v3,Oracle v3,-52.90118398819074
70,70,oracle_v3,120,4514985.0733943,141565649.14928877,387.28615913684695,348.0412802766393,0.8986669728975765,87,0.4695927330211106,24.5,0.44863652961228695,68,Time Limit,-1308.2994074778621,-33.19987495012848,0.0,34,11,22,1,33,oracle_v3,Oracle v3,-37.01834864545844
71,71,oracle_v3,120,437118.41605098353,11377126.495345475,88.9682157208566,371.79907919713656,4.1790101800364265,69,1.0127704990084103,36.5,0.31389523729438434,76,Time Limit,-1527.467429330617,-79.49114246984321,0.0,28,11,16,1,27,oracle_v3,Oracle v3,-55.91811366118773
72,72,oracle_v3,120,367135.781092233,38872399.99021609,205.70089270572055,278.3288546857377,1.3530755799097094,75,0.7385431246530351,21.0,0.3151695051486431,78,Time Limit,-1539.2945676340005,-61.61805855526019,0.0,29,11,17,1,28,oracle_v3,Oracle v3,-40.403334838007
73,73,oracle_v3,120,6128320.580013281,173132181.90632612,123.77831859709121,571.5934711059481,4.6178803976691,107,0.9360991851657878,26.0,0.46136653049757764,94,Time Limit,-1224.976808255793,-32.1786012941849,0.0,29,11,17,2,27,oracle_v3,Oracle v3,-35.961467731981614
74,74,oracle_v3,120,1929907.8107361032,120441000.17337315,5275.4892676357185,2969.377965988942,0.5628630474533614,58,1.1752286979374595,30.0,0.3938044791716508,73,Time Limit,-1561.8596202619349,-29.033252914554932,0.0,25,11,13,1,24,oracle_v3,Oracle v3,-28.13766769065849
