scenario_id,scenario_label,policy,month,reward_mean,reward_std,rule40_mean,rule40_std,n,reward_ci95,rule40_ci95
boardroom,Boardroom Baseline,boardroom,0,-6.503812512676413,1.4792338989964038,-57.95886841811476,35.08938312182544,75,0.3347821471937574,7.9414749981048605
boardroom,Boardroom Baseline,boardroom,1,-6.91463700506883,0.013348433896710725,-65.46145291285016,22.178732660904316,75,0.0030210349861821374,5.019519730646677
boardroom,Boardroom Baseline,boardroom,2,-6.898967329594709,0.018636549964850615,-65.61543911584619,24.092012479624916,75,0.004217848318477185,5.452535717049057
boardroom,Boardroom Baseline,boardroom,3,-6.882686899004292,0.022095544127149695,-62.89528669105353,21.344021291981356,75,0.005000692393082843,4.830606763897699
boardroom,Boardroom Baseline,boardroom,4,-6.865407297819843,0.026203439119478433,-60.11773549728799,18.184897308430184,75,0.005930396550695338,4.115629699633484
boardroom,Boardroom Baseline,boardroom,5,-6.848459657225643,0.03029844847892146,-50.50255983678105,15.864365324865693,75,0.006857184415050658,3.5904438716068383
boardroom,Boardroom Baseline,boardroom,6,-6.831079822556194,0.03413051564105816,-46.12441920088795,13.250825748619897,75,0.007724462858034698,2.9989441826766043
boardroom,Boardroom Baseline,boardroom,7,-6.815510279153328,0.03488860905835947,-45.67171694993384,10.063657896742198,75,0.007896035549946218,2.277620193520833
boardroom,Boardroom Baseline,boardroom,8,-6.799750291289303,0.03721989737424577,-43.60368398174889,10.168669372855835,75,0.008423655765146566,2.3013865278896986
boardroom,Boardroom Baseline,boardroom,9,-6.783442045875373,0.03945153770034359,-43.51684864296638,11.07673840773356,75,0.008928723517205311,2.5069018973676305
boardroom,Boardroom Baseline,boardroom,10,-6.767256311847461,0.04317001602537917,-41.52011666376518,8.870182909672438,75,0.009770294386283861,2.007511376338955
boardroom,Boardroom Baseline,boardroom,11,-6.750411770901422,0.047470790653311466,-41.07660722617099,8.156045759992216,75,0.010743651314834828,1.8458869243013292
boardroom,Boardroom Baseline,boardroom,12,-6.760692058292136,0.23586858782647646,-41.5518168462698,7.947231042758198,75,0.053382086728597275,1.7986277048846495
boardroom,Boardroom Baseline,boardroom,13,-6.7435496206409615,0.23783376443556783,-40.586150128615394,7.440980905558461,75,0.053826848064348794,1.6840525129127446
boardroom,Boardroom Baseline,boardroom,14,-6.726384984660026,0.23940649971159852,-40.28776714174477,6.6997335427505424,75,0.05418279156526108,1.5162924420470698
boardroom,Boardroom Baseline,boardroom,15,-6.708730789634136,0.2409887156445687,-40.41668748067333,6.507741607403993,75,0.05454088074082913,1.4728405765896793
boardroom,Boardroom Baseline,boardroom,16,-6.692359383438167,0.24179511887612487,-40.69002035249314,5.390101243871645,75,0.054723386972972354,1.2198947504105833
boardroom,Boardroom Baseline,boardroom,17,-6.702031166858031,0.32982592852713505,-41.027112896631856,6.253044849386769,75,0.07464663473937698,1.4151972738029155
boardroom,Boardroom Baseline,boardroom,18,-6.657178927627742,0.24337137027050254,-40.14854302403069,5.919247244297085,75,0.055080126246379306,1.33965176403879
boardroom,Boardroom Baseline,boardroom,19,-6.6403188468072845,0.24494574991379237,-41.30596776106331,6.023783129074566,75,0.05543644190263644,1.3633104619555616
boardroom,Boardroom Baseline,boardroom,20,-6.716449453182491,0.6708536123821425,-41.01355427170525,5.194745582653811,75,0.1518284653686998,1.1756816021225842
boardroom,Boardroom Baseline,boardroom,21,-6.765502634412275,0.885961672943512,-41.40760296616957,6.193204550453042,75,0.2005120024633261,1.4016541392253876
boardroom,Boardroom Baseline,boardroom,22,-6.8146905971433815,1.0561073325906876,-41.62079963869951,5.6959620879577795,75,0.23901959028363345,1.28911757595232
boardroom,Boardroom Baseline,boardroom,23,-6.797049524166024,1.0569612309203473,-41.598044338033,6.056614220666807,75,0.23921284566838538,1.3707408374664407
boardroom,Boardroom Baseline,boardroom,24,-7.396478909904015,1.3876247983507881,-42.9692596180437,5.665596434689361,75,0.3140490559379148,1.282245181661573
boardroom,Boardroom Baseline,boardroom,25,-7.782591953968346,1.9224631140928905,-43.39418401410353,5.821743429631436,75,0.43509436180003336,1.3175845734102525
boardroom,Boardroom Baseline,boardroom,26,-7.6888216239069305,1.7366986261065886,-43.215170902012375,5.377150356273003,75,0.39305190035928567,1.2169636886215858
boardroom,Boardroom Baseline,boardroom,27,-7.661692048205089,1.685483825461345,-43.84682196858776,5.760602795049519,75,0.3814608998151881,1.3037471451712093
boardroom,Boardroom Baseline,boardroom,28,-7.861618726580716,2.086614953302956,-44.546588202952684,5.869916857489767,75,0.4722454203539475,1.328487246494636
boardroom,Boardroom Baseline,boardroom,29,-7.75376512715586,1.7378000187932252,-44.57166864850764,6.2019815542202785,75,0.39330116899001805,1.403640562176563
boardroom,Boardroom Baseline,boardroom,30,-8.192657902033307,2.3557909243778936,-44.84481562665271,6.066991126140488,75,0.5331656775428691,1.3730893522605263
boardroom,Boardroom Baseline,boardroom,31,-7.897904886172215,1.833147668089882,-44.92242511341662,6.089108371944745,75,0.414880373457323,1.3780949562055038
boardroom,Boardroom Baseline,boardroom,32,-7.802820051893318,1.6629279725713775,-45.35521098945467,6.356522638052209,75,0.376356029741961,1.438616502026242
boardroom,Boardroom Baseline,boardroom,33,-8.481759739956393,2.6288208401120214,-45.995330793228696,6.788750217892548,75,0.5949581645184696,1.536438812178466
boardroom,Boardroom Baseline,boardroom,34,-8.826952940108935,2.6658670643990865,-46.11007965990295,6.525926097396389,75,0.6033425143637914,1.4769561141050163
boardroom,Boardroom Baseline,boardroom,35,-9.39881952909513,3.015902385024912,-46.29995019003707,6.836200615394816,75,0.6825629651067567,1.547177848088733
boardroom,Boardroom Baseline,boardroom,36,-9.544840434696159,3.1069174772474444,-46.60950440502279,6.526097312945996,75,0.7031616196007958,1.476994863831729
boardroom,Boardroom Baseline,boardroom,37,-9.716075351235512,3.1091162258905602,-46.769467357083805,7.219461384891602,75,0.7036592432642212,1.6339179257967396
boardroom,Boardroom Baseline,boardroom,38,-10.207955060411951,3.285467873526167,-47.20173519999937,7.287932390164841,75,0.7435713783881263,1.6494143731006057
boardroom,Boardroom Baseline,boardroom,39,-10.085375916888474,3.115842691713518,-47.121264905824354,7.556600498869149,75,0.7051815857908244,1.7102196902147808
boardroom,Boardroom Baseline,boardroom,40,-9.97716547175342,3.0555042555300846,-47.51284952887423,7.342821507002014,75,0.6915257121406138,1.6618369496821626
boardroom,Boardroom Baseline,boardroom,41,-10.309659225980601,3.216814737934577,-48.036284255887324,7.656826583431393,75,0.7280337111128358,1.7329029885202993
boardroom,Boardroom Baseline,boardroom,42,-10.815525634937721,3.2820693678206534,-48.26390445170898,7.537397404023476,75,0.7428022241400294,1.7058736207192389
boardroom,Boardroom Baseline,boardroom,43,-10.666835625217887,3.3055278032461097,-48.00671660256453,7.573793612927554,75,0.7481113678710299,1.7141108582344733
boardroom,Boardroom Baseline,boardroom,44,-10.944597148807219,3.3885105019410564,-48.2253673665441,7.868509211406571,75,0.7668921205754367,1.7808112772400402
boardroom,Boardroom Baseline,boardroom,45,-10.929407915129874,3.290574170878138,-48.46863732990739,8.035486037034486,75,0.7447270422712096,1.818601690408125
boardroom,Boardroom Baseline,boardroom,46,-11.020883196062867,3.308398583705733,-48.617921129974285,8.051962506434236,75,0.74876108665252,1.8223306664730752
boardroom,Boardroom Baseline,boardroom,47,-10.91236172483466,3.104157336408837,-48.88040736741853,8.272150185309751,75,0.7025369409227767,1.8721638294161138
boardroom,Boardroom Baseline,boardroom,48,-11.768592422195423,3.589780017848333,-50.030885900744366,8.642790011673616,75,0.8124437001774195,1.956047518797355
boardroom,Boardroom Baseline,boardroom,49,-11.421932414039937,3.2699674449039513,-49.72522634136068,8.990769269737827,75,0.7400633011461907,2.0348026387771396
boardroom,Boardroom Baseline,boardroom,50,-12.171450107821887,3.508243610103573,-50.692737404669785,9.444974559061986,75,0.7939902739290242,2.1375989728321327
boardroom,Boardroom Baseline,boardroom,51,-11.95818374373435,3.2680243645099223,-50.31196236490876,9.653339727590724,75,0.7396235406546792,2.184756449798938
boardroom,Boardroom Baseline,boardroom,52,-12.413927107425595,4.005030319465074,-51.30745173667537,10.353415709558742,75,0.9064236905578629,2.3431985600027687
boardroom,Boardroom Baseline,boardroom,53,-12.21656764816262,3.5746663970904025,-51.434104978039805,10.114733846831209,75,0.8090231657963153,2.2891797692257714
boardroom,Boardroom Baseline,boardroom,54,-12.206301316979337,3.528605970354099,-51.95397978305572,10.52643793641821,75,0.7985987098844394,2.382357176269985
boardroom,Boardroom Baseline,boardroom,55,-12.421921783335574,3.686037808141942,-52.1215249784926,10.652544856299452,75,0.8342288889433642,2.410897859012908
boardroom,Boardroom Baseline,boardroom,56,-12.637052988055189,3.804936024592055,-52.384505784029685,10.92780861489491,75,0.8611380885146307,2.473195912221217
boardroom,Boardroom Baseline,boardroom,57,-12.759427971021855,3.584230101245434,-52.60555101323572,10.987223640033921,75,0.8111876358063114,2.4866427982783197
boardroom,Boardroom Baseline,boardroom,58,-12.708960347052395,3.3409865919495645,-53.04935587997318,11.197036901203173,75,0.7561364472226364,2.534128009462043
boardroom,Boardroom Baseline,boardroom,59,-12.964657632362062,3.365099465228107,-53.45657831555529,11.83247807349285,75,0.7615937041829307,2.6779418851572845
boardroom,Boardroom Baseline,boardroom,60,-12.84724353696438,3.3570179159421585,-53.691805955253066,11.927316657142523,75,0.7597646773978918,2.6994058772227674
boardroom,Boardroom Baseline,boardroom,61,-13.061738315691848,3.2160441604354104,-53.88994889316558,12.230717723057799,75,0.7278593130072183,2.7680720025575805
boardroom,Boardroom Baseline,boardroom,62,-13.251478913359673,3.4231135109214748,-54.44448079548684,12.517121291520006,75,0.774723518742886,2.832891232078202
boardroom,Boardroom Baseline,boardroom,63,-13.640901656438169,3.2826117243286195,-54.517486862546946,12.10878483962103,75,0.7429249709729707,2.7404759931920686
boardroom,Boardroom Baseline,boardroom,64,-13.493879372054282,3.428501005555283,-54.32727185653307,13.174488984904444,75,0.775942823561904,2.9816675466531732
boardroom,Boardroom Baseline,boardroom,65,-13.282211085749823,3.2725403672131126,-54.75354979227898,12.91964497441657,75,0.7406456082822076,2.9239909174950105
boardroom,Boardroom Baseline,boardroom,66,-13.737583707375626,3.468749426467354,-55.34180215256846,13.939215608785279,75,0.7850518987279363,3.15474147453757
boardroom,Boardroom Baseline,boardroom,67,-13.657905880440575,2.978835498637552,-54.989633383535924,13.838369269783255,75,0.6741739389879213,3.1319177994374843
boardroom,Boardroom Baseline,boardroom,68,-13.804851085717422,2.972463857108159,-55.25132944889829,14.266667016788807,75,0.6727319007586688,3.2288507046920545
boardroom,Boardroom Baseline,boardroom,69,-14.192386048088359,4.021429702952003,-55.673675490080626,15.133725029656327,75,0.9101352204383861,3.425084406127832
boardroom,Boardroom Baseline,boardroom,70,-13.564985670047998,3.2502481253098523,-55.115843824543035,14.233637627623468,75,0.7356003989916421,3.22137545021555
boardroom,Boardroom Baseline,boardroom,71,-14.288583644278118,3.6956621918376724,-56.24022026664467,15.217894559392446,75,0.8364070920262296,3.4441337639829115
boardroom,Boardroom Baseline,boardroom,72,-15.288964511504831,4.4966976654123805,-58.29647070963965,16.893953921591997,75,1.0176984861753582,3.823461706968843
boardroom,Boardroom Baseline,boardroom,73,-14.885766533715618,4.318831034143573,-58.60407832719972,17.630124260046262,75,0.977443477977742,3.99007273905463
boardroom,Boardroom Baseline,boardroom,74,-15.28547584175645,3.941738253345991,-59.6971675507923,17.86818753465518,75,0.8920993475245863,4.043951530161042
boardroom,Boardroom Baseline,boardroom,75,-15.549036300270679,4.6517406318277885,-60.170055746428055,19.027181096595857,75,1.0527880127465485,4.306256466191435
boardroom,Boardroom Baseline,boardroom,76,-15.347461091866801,4.218846816602909,-61.18061350861328,19.99674732327143,75,0.9548149193323102,4.525689960403013
boardroom,Boardroom Baseline,boardroom,77,-15.881064623825454,4.516840343482347,-62.51353120142232,21.236694686379916,75,1.022257203372869,4.806316466400701
boardroom,Boardroom Baseline,boardroom,78,-15.478021343485107,4.708854603610953,-62.936866220135514,22.130990221443543,75,1.06571412140408,5.008714599419094
boardroom,Boardroom Baseline,boardroom,79,-15.237289352161325,3.329431000098119,-64.2667428799116,23.60275324094653,75,0.7535211705887339,5.341805927412501
boardroom,Boardroom Baseline,boardroom,80,-15.886078211339766,4.419468139693278,-64.89703234196293,24.848953364220126,75,1.0002197990897401,5.6238475662538745
boardroom,Boardroom Baseline,boardroom,81,-15.751245404862505,4.155714563933327,-66.11150881666921,25.932804794673892,75,0.9405267454875647,5.869146236986419
boardroom,Boardroom Baseline,boardroom,82,-16.0147222257449,4.59419662530165,-67.2650012849904,27.782600820178974,75,1.039764578064567,6.287794488428752
boardroom,Boardroom Baseline,boardroom,83,-16.342983668244475,4.957519324633031,-68.01669608539265,29.324184025263033,75,1.1219922457031435,6.63668761197468
boardroom,Boardroom Baseline,boardroom,84,-15.804846935188975,4.787627456392443,-69.10386384836217,30.912130669249834,75,1.0835420962853053,6.996073769541581
boardroom,Boardroom Baseline,boardroom,85,-15.572441797513974,4.309853471597463,-70.46392558063768,33.272306509112724,75,0.9754116643018981,7.53023184688162
boardroom,Boardroom Baseline,boardroom,86,-15.501374919949582,4.599812609370439,-72.08110317745252,35.47970913663129,75,1.041035594910808,8.02981409135505
boardroom,Boardroom Baseline,boardroom,87,-15.856509903101605,3.9980190113354794,-73.28192654894929,36.82010368788741,75,0.9048368821485538,8.333173936110356
boardroom,Boardroom Baseline,boardroom,88,-15.983571674169479,4.848519313716023,-74.50068191428232,40.003074544630664,75,1.0973232209304578,9.05354805584803
boardroom,Boardroom Baseline,boardroom,89,-16.247416685579406,4.938492547161689,-76.36172417636591,42.10059169312898,75,1.1176860805859465,9.528260875251652
boardroom,Boardroom Baseline,boardroom,90,-16.309868394639636,4.517921103255757,-78.21627224414758,45.86769817344561,75,1.022501802335743,10.380837331918553
boardroom,Boardroom Baseline,boardroom,91,-16.238715709983577,4.116032880862225,-80.51437456652972,50.744307580243934,75,0.9315459351695892,11.48451793938764
boardroom,Boardroom Baseline,boardroom,92,-15.831369199756672,3.580969414391903,-82.39751995096051,56.447871301418814,75,0.8104496729007208,12.775355926893756
boardroom,Boardroom Baseline,boardroom,93,-16.227929070065816,4.352696635588419,-85.50712054528721,62.66885518663624,75,0.9851079851090387,14.183297121429561
boardroom,Boardroom Baseline,boardroom,94,-15.550945307228998,3.9273366738728552,-87.41653986513077,69.24636969695099,75,0.8888399632566426,15.671928792496086
boardroom,Boardroom Baseline,boardroom,95,-16.30749861379734,4.369922529100676,-90.96615591498707,76.31762473295991,75,0.9890065718175214,17.272304463927
boardroom,Boardroom Baseline,boardroom,96,-15.902105097891472,4.144329609134024,-93.87690479979545,85.42886908998732,75,0.9379500876540734,19.334373181742436
boardroom,Boardroom Baseline,boardroom,97,-16.566842849487152,4.377176132915997,-98.37117533623694,97.41605123287795,75,0.9906482169027465,22.047327893855442
boardroom,Boardroom Baseline,boardroom,98,-16.49280017742556,4.5024447466362885,-101.78002245909755,110.04657535213477,75,1.0189991731008958,24.905884601956963
boardroom,Boardroom Baseline,boardroom,99,-16.646242401758546,4.309241948185326,-106.0899767790931,123.93217335105699,75,0.9752732635249057,28.048491269031338
boardroom,Boardroom Baseline,boardroom,100,-16.9715324493012,4.50237245668573,-111.02361998200739,139.5149400841022,75,1.0189828123449094,31.575203379704114
boardroom,Boardroom Baseline,boardroom,101,-16.163521618019523,3.90936773380192,-115.71644987161045,158.52203229673952,75,0.8847732092809361,35.876913303451566
boardroom,Boardroom Baseline,boardroom,102,-17.088116171025053,5.087166140449807,-121.99666704437962,177.86079988331414,75,1.1513340823156097,40.25368843083812
boardroom,Boardroom Baseline,boardroom,103,-16.745724698669203,4.5849157318026625,-125.8073281810031,180.5925395727339,75,1.0376641141314626,40.87193932369477
boardroom,Boardroom Baseline,boardroom,104,-16.402956264562338,4.267048826158385,-128.45325105850762,179.69190861590755,75,0.9657240610637055,40.668107349752006
boardroom,Boardroom Baseline,boardroom,105,-16.728339790769766,4.7106157531168185,-135.97249738283048,199.30858690893317,75,1.0661127070594674,45.10777959104118
boardroom,Boardroom Baseline,boardroom,106,-16.521384840580808,3.951279201240412,-140.69056481552116,206.4199286768954,75,0.8942586673079722,46.71722774398189
boardroom,Boardroom Baseline,boardroom,107,-16.44643245039665,4.579566023948047,-147.61269756433805,227.03627405965642,75,1.036453361265643,51.38314594610769
boardroom,Boardroom Baseline,boardroom,108,-16.237240184564918,4.496110985610548,-157.69639819766854,255.89396560790615,75,1.0175657080366838,57.91425637166837
boardroom,Boardroom Baseline,boardroom,109,-16.09837318275287,4.64769111385111,-169.80148516679023,297.45609575208,75,1.0518715205513305,67.32065192618693
boardroom,Boardroom Baseline,boardroom,110,-16.82592858676541,5.203774694178373,-186.9976195062771,359.97453487399025,75,1.1777250824305299,81.46990668747617
boardroom,Boardroom Baseline,boardroom,111,-16.71848221408289,4.598585523521677,-172.45292767479725,325.9176474338731,74,1.0477664289949737,74.25882760069155
boardroom,Boardroom Baseline,boardroom,112,-16.70860279050675,4.368687953992047,-184.70962995738353,381.8597018789108,74,0.9953853317578791,87.00496580269062
boardroom,Boardroom Baseline,boardroom,113,-17.309748978826825,3.623892868569781,-200.23373046124317,443.429784131658,74,0.8256872185023336,101.03342409381402
boardroom,Boardroom Baseline,boardroom,114,-17.36440318608605,4.269611664179061,-209.75419019508828,477.0457005528408,74,0.9728112576552137,108.6926550738313
boardroom,Boardroom Baseline,boardroom,115,-16.471321381769606,4.428033954407868,-229.59824825993073,574.9934796412198,74,1.008907043295648,131.00960323071288
boardroom,Boardroom Baseline,boardroom,116,-17.521764149284238,4.964358664001713,-190.1113530049734,406.82602978136146,73,1.1388270969305088,93.32615506032114
boardroom,Boardroom Baseline,boardroom,117,-17.231943301920158,4.523982038922622,-193.5655908350133,411.4717500475594,73,1.0378044135511793,94.39188630215706
boardroom,Boardroom Baseline,boardroom,118,-17.214822129280265,4.293110867717115,-206.40646832425068,474.8854607302031,73,0.9848424171556619,108.93903265682692
boardroom,Boardroom Baseline,boardroom,119,-17.13404319389194,4.492818349369021,-208.9616070003498,474.1410625598731,73,1.030655442957793,108.76826723380772
oracle_v1,Oracle v1,oracle_v1,0,-5.33107003286827,2.7961662233367193,-31.472621769965322,39.66581220074141,75,0.6328319901230185,8.97721840187549
oracle_v1,Oracle v1,oracle_v1,1,-6.8903948125454875,0.017237961958762767,-45.8468705328407,23.27971106161742,75,0.0039013180550515067,5.268694599647958
oracle_v1,Oracle v1,oracle_v1,2,-6.864941143631083,0.024046859539650817,-48.142092431474765,22.93679305275448,75,0.005442316644725947,5.191084948194979
oracle_v1,Oracle v1,oracle_v1,3,-6.838882157431447,0.030648102155561255,-45.526377539148804,20.619437891833044,75,0.00693631849162846,4.666618102816321
oracle_v1,Oracle v1,oracle_v1,4,-6.811755112420163,0.038919987416876856,-43.79598264881812,18.962574743641962,75,0.008808422363100353,4.291634672045873
oracle_v1,Oracle v1,oracle_v1,5,-6.785616423667457,0.045567738841974445,-39.92877173606557,14.550195591074337,75,0.010312950144416392,3.2930192617772414
oracle_v1,Oracle v1,oracle_v1,6,-6.758206774591868,0.05184669192266641,-36.17967152203673,13.46411121364799,75,0.011734011002952073,3.0472152275707005
oracle_v1,Oracle v1,oracle_v1,7,-6.733389562335763,0.05619760864154012,-36.494489350317615,10.867204117074275,75,0.012718716154986518,2.459479823153925
oracle_v1,Oracle v1,oracle_v1,8,-6.708569523644818,0.061208535103299516,-35.8327398162782,9.790977921890033,75,0.013852795573688311,2.215906905622494
oracle_v1,Oracle v1,oracle_v1,9,-6.683367275766486,0.06748825235944429,-35.38017572616184,10.416213514710817,75,0.015274029381410122,2.357411041248724
oracle_v1,Oracle v1,oracle_v1,10,-6.658999916744397,0.0738958137130835,-35.42526666881685,9.552285695688882,75,0.016724197032180196,2.1618857693706173
oracle_v1,Oracle v1,oracle_v1,11,-6.700087441273955,0.5983792775734474,-34.976984454456996,9.438242785824677,75,0.13542597929793326,2.1360754291245847
oracle_v1,Oracle v1,oracle_v1,12,-6.702193367622335,0.6303552546838421,-34.66813101206301,8.201628064427004,75,0.14266282418291001,1.8562031709497269
oracle_v1,Oracle v1,oracle_v1,13,-6.609394835707919,0.25267656520549625,-34.315215337490756,8.887568637180731,75,0.057186090112206885,2.0114461368860876
oracle_v1,Oracle v1,oracle_v1,14,-6.583776171248487,0.2570275592282572,-34.31780310138966,8.383757190386717,75,0.058170812759758016,1.8974228725105706
oracle_v1,Oracle v1,oracle_v1,15,-6.557299613189349,0.2615770657948133,-34.042310479577814,8.342601328955688,75,0.05920046302538342,1.8881084242216037
oracle_v1,Oracle v1,oracle_v1,16,-6.532093897727599,0.2650830967592825,-34.096136192183515,7.852492075834695,75,0.0599939525304638,1.7771862582066849
oracle_v1,Oracle v1,oracle_v1,17,-6.5997568973817415,0.6727969972784175,-33.87334007277904,8.171529893431465,75,0.15226829477555714,1.8493913135961821
oracle_v1,Oracle v1,oracle_v1,18,-6.479389266237323,0.27356922746798323,-33.27296732078199,8.035131159144738,75,0.06191454471129012,1.8185213739808161
oracle_v1,Oracle v1,oracle_v1,19,-6.521166632640276,0.643029242625236,-34.04326961342988,8.339186264290303,75,0.1455312176799806,1.8873355223280905
oracle_v1,Oracle v1,oracle_v1,20,-6.589030465574017,0.8989793215015855,-33.83976735542687,8.09058884178298,75,0.20345817367982022,1.8310726291167463
oracle_v1,Oracle v1,oracle_v1,21,-6.563603656060022,0.9162955828458622,-33.973045483959034,8.739842218420394,75,0.20737721255402283,1.9780125009321088
oracle_v1,Oracle v1,oracle_v1,22,-6.605185916650321,1.0922989104944476,-34.02515218177409,8.498244229086351,75,0.24721051544372563,1.9233337285744576
oracle_v1,Oracle v1,oracle_v1,23,-6.580022919645462,1.0951378731586536,-34.236743537234396,8.947388602759942,75,0.2478530331802179,2.0249846695922753
oracle_v1,Oracle v1,oracle_v1,24,-7.306391709674396,1.7253920542323484,-35.04453673829178,8.607963449097667,75,0.3904929822517255,1.9481655256883108
oracle_v1,Oracle v1,oracle_v1,25,-7.356707639032784,1.7865965950500502,-34.20701042409429,8.160915338362036,75,0.4043448738334828,1.8469890136353304
oracle_v1,Oracle v1,oracle_v1,26,-7.460592933521352,1.7551125592594274,-34.715215224230846,8.325481830715331,75,0.39721936575023714,1.884233917029959
oracle_v1,Oracle v1,oracle_v1,27,-7.497272522016406,1.7775758462075937,-35.189113785367866,8.671259922460644,75,0.40230328617866895,1.9624908661747795
oracle_v1,Oracle v1,oracle_v1,28,-7.69416368632355,2.2137416902590297,-35.56405011607896,8.567915723464486,75,0.5010169094286403,1.9391018721398092
oracle_v1,Oracle v1,oracle_v1,29,-7.649592534180086,2.000981402046997,-35.576134060021225,8.530315643818076,75,0.4528647232371852,1.9305921730264897
oracle_v1,Oracle v1,oracle_v1,30,-7.88297569530097,2.3003787015802635,-36.52831548865716,9.033968722999452,75,0.5206247109374151,2.044579595437162
oracle_v1,Oracle v1,oracle_v1,31,-7.9165944542950575,2.133148676188212,-36.559298115347524,9.053675824576299,75,0.4827769932681531,2.049039732394095
oracle_v1,Oracle v1,oracle_v1,32,-7.749257762846967,1.979774007487095,-36.48642669066218,9.217438396690202,75,0.44806503801366093,2.086102691510609
oracle_v1,Oracle v1,oracle_v1,33,-8.355736014444325,2.7605776425371307,-36.955793782052346,9.691881953769622,75,0.6247775360547685,2.193479376745483
oracle_v1,Oracle v1,oracle_v1,34,-8.62885934831357,2.8843475701754113,-36.78167896885496,8.76994315985524,75,0.6527893076622688,1.9848249852950948
oracle_v1,Oracle v1,oracle_v1,35,-9.26184809125718,3.237732565032968,-37.090330342920616,9.459851071646906,75,0.7327678610504341,2.140965844581971
oracle_v1,Oracle v1,oracle_v1,36,-9.469014645634932,3.307036504323961,-37.06963110762456,8.97582391948991,75,0.7484528190686122,2.031420187597543
oracle_v1,Oracle v1,oracle_v1,37,-9.567572787864796,3.1964538977126122,-37.06364075905981,9.589596103720611,75,0.7234256191722691,2.1703299096259294
oracle_v1,Oracle v1,oracle_v1,38,-10.053272106243304,3.412431434602213,-37.392745762768435,9.858075871488548,75,0.7723059372846215,2.2310926011735015
oracle_v1,Oracle v1,oracle_v1,39,-9.790866038074308,3.2725936646826495,-37.17554257767476,9.84206877672132,75,0.7406576706350942,2.227469854588163
oracle_v1,Oracle v1,oracle_v1,40,-10.010410317544892,3.3493184578636224,-37.505056547699795,9.605508307435422,75,0.7580221259937431,2.1739311803444026
oracle_v1,Oracle v1,oracle_v1,41,-10.335905362177977,3.51606078073491,-37.56857316419481,10.04688787965056,75,0.7957594661917992,2.2738247813590213
oracle_v1,Oracle v1,oracle_v1,42,-10.501835069411348,3.4553649988038093,-37.720425189947676,10.088802027674522,75,0.7820227175854537,2.283310846059661
oracle_v1,Oracle v1,oracle_v1,43,-10.680719807323761,3.594401133716489,-37.65639669681195,9.772264008013993,75,0.8134895571536706,2.211671548202636
oracle_v1,Oracle v1,oracle_v1,44,-10.751024341607794,3.5125275519133723,-37.38004168540401,9.848500798795277,75,0.7949598212321997,2.228925558221089
oracle_v1,Oracle v1,oracle_v1,45,-10.928768086940579,3.800896946151267,-37.65215077250974,10.135916318190848,75,0.8602239590088044,2.2939738137980745
oracle_v1,Oracle v1,oracle_v1,46,-11.079098912961264,3.6656360144827818,-37.534758454958904,10.17979966035504,75,0.8296115283674258,2.3039055490873572
oracle_v1,Oracle v1,oracle_v1,47,-10.696567392526168,3.2719221958709768,-37.76437146680076,10.394131801953986,75,0.7405057029370189,2.3524134791894284
oracle_v1,Oracle v1,oracle_v1,48,-11.481838587129763,3.7231026863584544,-38.92966024941343,10.678990805640222,75,0.8426174605703516,2.4168831407934883
oracle_v1,Oracle v1,oracle_v1,49,-11.196728872310322,3.3559763169501045,-38.52506057516945,10.723226244967188,75,0.7595289413541794,2.426894563172322
oracle_v1,Oracle v1,oracle_v1,50,-12.342163124773675,3.860805330967278,-39.47998412154289,11.264275858044568,75,0.8737825028720984,2.5493456179563476
oracle_v1,Oracle v1,oracle_v1,51,-11.988421263882312,3.8566330670560443,-38.64931469261639,11.031855976502708,75,0.8728382306567243,2.4967440469364477
oracle_v1,Oracle v1,oracle_v1,52,-12.305439488002962,4.260428214913731,-39.56751270242201,11.770775179252748,75,0.9642256756834596,2.6639772055783584
oracle_v1,Oracle v1,oracle_v1,53,-12.369980193442194,3.939834617943813,-39.70860129118455,11.722830680600945,75,0.8916685142751268,2.6531263440508686
oracle_v1,Oracle v1,oracle_v1,54,-13.018692484493634,4.183056512717947,-39.67630030424259,12.05265878183981,75,0.9467148110320245,2.7277734705212007
oracle_v1,Oracle v1,oracle_v1,55,-12.757842858800771,4.461900677596331,-39.099460075517314,11.46834201328676,75,1.009823186464585,2.5955301366236836
oracle_v1,Oracle v1,oracle_v1,56,-12.632786775034374,4.0714840543819095,-39.73023738520099,12.21833534011429,75,0.9214635866010763,2.7652696054843284
oracle_v1,Oracle v1,oracle_v1,57,-12.882040745998692,3.9352296926292176,-39.775367109520886,12.025615009957395,75,0.8906263215660948,2.7216528887625246
oracle_v1,Oracle v1,oracle_v1,58,-12.69125304490642,3.611059198961137,-40.01292040975075,12.328887846133476,75,0.8172596322273156,2.7902899929753557
oracle_v1,Oracle v1,oracle_v1,59,-13.140534310940255,3.622762784165136,-40.31438543343629,12.78470423076423,75,0.8199084029099766,2.893450952223458
oracle_v1,Oracle v1,oracle_v1,60,-12.816920181193725,3.6976745558167052,-40.41568127240429,12.729003682601322,75,0.8368625328691505,2.880844731444919
oracle_v1,Oracle v1,oracle_v1,61,-12.958144778981584,3.414543645570873,-40.47322310431094,13.064144717254043,75,0.7727839756285871,2.9566942879416285
oracle_v1,Oracle v1,oracle_v1,62,-13.47557974628004,3.9055207234841878,-40.996078664453776,13.282443027148654,75,0.8839025488834689,3.006099846430296
oracle_v1,Oracle v1,oracle_v1,63,-13.923770553295192,4.145674323374604,-40.741218067577414,13.091914135891388,75,0.938254425136556,2.9629790990212284
oracle_v1,Oracle v1,oracle_v1,64,-13.369103230041286,3.5379521457857632,-40.679935014176195,13.982890866735495,75,0.8007139485097743,3.1646261159358873
oracle_v1,Oracle v1,oracle_v1,65,-13.349888570503216,4.089165763272458,-40.86602984548672,13.514811783881187,75,0.9254653340410511,3.058689846816604
oracle_v1,Oracle v1,oracle_v1,66,-14.132951979878841,3.5978051117219554,-41.43863838745004,14.412955885802853,75,0.8142599498998371,3.2619589925106993
oracle_v1,Oracle v1,oracle_v1,67,-13.908179981960494,3.6627639364617197,-40.540121203286695,14.459743244444352,75,0.828961515920137,3.2725479686003847
oracle_v1,Oracle v1,oracle_v1,68,-13.579569654517693,3.348753272784557,-40.83969901180578,14.792409175893308,75,0.7578942125687872,3.3478373565087156
oracle_v1,Oracle v1,oracle_v1,69,-14.094459867493422,4.196802668726449,-41.49021662871629,15.484200513247872,75,0.9498258590057823,3.5044044751278416
oracle_v1,Oracle v1,oracle_v1,70,-13.92649502596804,3.6784802602910616,-40.96580061678571,14.845496266178882,75,0.8325184548472053,3.3598520960885288
oracle_v1,Oracle v1,oracle_v1,71,-14.308230715856253,3.9847315673818176,-41.510817136939174,15.545551765889503,75,0.9018296504859062,3.5182895707211257
oracle_v1,Oracle v1,oracle_v1,72,-15.973472982332254,5.024070333955144,-43.51914508823628,17.129645249068695,75,1.137054157016753,3.876803675903661
oracle_v1,Oracle v1,oracle_v1,73,-15.164704616313351,4.571854580289815,-43.28225325980154,17.43627611584115,75,1.03470809726945,3.9462007739850473
oracle_v1,Oracle v1,oracle_v1,74,-16.359446737925737,4.598304701259718,-43.82306055550395,17.663499249854336,75,1.0406943231785821,3.9976262103197877
oracle_v1,Oracle v1,oracle_v1,75,-15.881495438935639,5.291367917592686,-43.739487441331754,18.421689311104654,75,1.197549295108567,4.169220774816017
oracle_v1,Oracle v1,oracle_v1,76,-16.21086519787527,5.159305937146989,-44.70403288079197,19.068236262381753,75,1.1676608552842318,4.315548124910535
oracle_v1,Oracle v1,oracle_v1,77,-16.676063363045063,5.163142091883665,-45.511362323834035,20.047001742179393,75,1.1685290588324218,4.537063606098529
oracle_v1,Oracle v1,oracle_v1,78,-16.40069522339653,5.554216941593499,-45.41738782411504,20.57963992128843,75,1.257037629375702,4.657610974165525
oracle_v1,Oracle v1,oracle_v1,79,-15.489505598722287,3.76539430562097,-46.374356016799226,21.994140900909734,75,0.8521889550544975,4.9777426825360385
oracle_v1,Oracle v1,oracle_v1,80,-16.734923770200123,5.0246895736560715,-46.512372459381055,22.301636364999958,75,1.1371943041542982,5.047335457411133
oracle_v1,Oracle v1,oracle_v1,81,-16.396215278650963,4.779678369376886,-47.27592846475769,23.48841000173234,75,1.0817430485342339,5.315927616235894
oracle_v1,Oracle v1,oracle_v1,82,-16.39005420759439,5.202699160775425,-48.00118377898277,24.86301555851965,75,1.1774816663066419,5.6270301404262515
oracle_v1,Oracle v1,oracle_v1,83,-17.046593156339586,5.211512689292097,-48.49587818794552,26.43999787810723,75,1.1794763555867933,5.98393483778095
oracle_v1,Oracle v1,oracle_v1,84,-15.969247545574,4.922390938288712,-48.964573768682776,27.418702189105012,75,1.1140419434448043,6.205436475166303
oracle_v1,Oracle v1,oracle_v1,85,-16.064693673077148,4.773608145880958,-49.982226775646204,29.902929574466086,75,1.0803692276278234,6.767670060235554
oracle_v1,Oracle v1,oracle_v1,86,-16.389964827682153,5.186167046256433,-51.01404029703943,31.841578213019577,75,1.1737400965656588,7.206427551062075
oracle_v1,Oracle v1,oracle_v1,87,-15.936261192405238,4.372232052624012,-51.431203525123216,33.11554442774917,75,0.9895292661964574,7.494753247971022
oracle_v1,Oracle v1,oracle_v1,88,-16.65879101045668,5.370360442993605,-52.81674979256714,36.76904793922603,75,1.2154269865838088,8.321618932418893
oracle_v1,Oracle v1,oracle_v1,89,-16.649473327464538,5.111449664157359,-53.85610378721857,38.7458658335334,75,1.1568299611037853,8.769014939038447
oracle_v1,Oracle v1,oracle_v1,90,-16.771318228085615,4.903645959118249,-54.86154901109984,41.37065808981399,75,1.1097995552869562,9.363061349204783
oracle_v1,Oracle v1,oracle_v1,91,-16.427536522002413,4.174844744585354,-56.54905529390705,46.12279908182915,75,0.9448563129476093,10.438572102543848
oracle_v1,Oracle v1,oracle_v1,92,-15.946230344267338,3.476786743698695,-58.04678417343104,52.5203605976261,75,0.7868709148566305,11.88647657695845
oracle_v1,Oracle v1,oracle_v1,93,-16.80231616552066,4.487573243686243,-60.132550721438236,58.60898932418376,75,1.0156334351381624,13.264462979193762
oracle_v1,Oracle v1,oracle_v1,94,-16.31457925010395,4.835345160062583,-61.56811089888099,65.6779713780926,75,1.0943416292764594,14.864324226348353
oracle_v1,Oracle v1,oracle_v1,95,-17.329532881098068,4.938555392242941,-64.10173425224464,71.97795642485217,75,1.1177003037667812,16.29014506690216
oracle_v1,Oracle v1,oracle_v1,96,-16.846117222492126,4.78871465412441,-66.2818066770156,81.02694604189459,75,1.0837881522953652,18.33812421068924
oracle_v1,Oracle v1,oracle_v1,97,-17.235719102330584,4.877056878463779,-69.62246892009894,93.3242979934792,75,1.1037818798405978,21.12127695883948
oracle_v1,Oracle v1,oracle_v1,98,-17.351494332627176,5.47068402361163,-72.67451520434679,106.85197464307674,75,1.2381323503239554,24.18287839886038
oracle_v1,Oracle v1,oracle_v1,99,-17.429910966075145,5.027094200836536,-76.1116353626338,121.12993875863812,75,1.1377385225170755,27.414285877695256
oracle_v1,Oracle v1,oracle_v1,100,-17.741457614155756,5.348340725411773,-80.45493864871537,139.7404162001689,75,1.2104434553534553,31.626233428656437
oracle_v1,Oracle v1,oracle_v1,101,-16.92442534609794,4.590159129423247,-84.77294162529242,160.15873835646278,75,1.038850806726326,36.247334755644445
oracle_v1,Oracle v1,oracle_v1,102,-17.171152770161445,4.891405130623772,-89.77903389454313,180.5472632683749,75,1.1070291950014113,40.86169233138302
oracle_v1,Oracle v1,oracle_v1,103,-17.616475131073614,5.03761398858201,-92.63098108373924,184.6145420473412,75,1.140119374613449,41.78220417456195
oracle_v1,Oracle v1,oracle_v1,104,-16.79549045593282,4.8242379221282565,-94.78774892078532,183.4287913375529,75,1.0918278246864155,41.51384352589863
oracle_v1,Oracle v1,oracle_v1,105,-17.046003019611764,4.775441511181835,-100.93050381930487,202.14730738955012,75,1.080784157256217,45.75024251622739
oracle_v1,Oracle v1,oracle_v1,106,-17.028927329285434,3.832138125242817,-104.7545840626496,208.89532123302578,75,0.8672945034468611,47.277461818965584
oracle_v1,Oracle v1,oracle_v1,107,-17.139575918927463,4.919375992019437,-111.05141066287084,233.23843509883037,75,1.1133595968690622,52.78682712955329
oracle_v1,Oracle v1,oracle_v1,108,-17.38370884275056,5.178369868234966,-119.64529694373545,261.0838002181333,75,1.1719754290564504,59.08882651609997
oracle_v1,Oracle v1,oracle_v1,109,-17.094980526051735,5.099508326498345,-127.16894998953144,281.13946765781117,75,1.1541273819751143,63.627851354169614
oracle_v1,Oracle v1,oracle_v1,110,-17.340424017902766,4.693557875642861,-139.69516988198274,328.94051977630835,75,1.0622521459601215,74.446247874969
oracle_v1,Oracle v1,oracle_v1,111,-16.909321518557725,5.183075993405008,-153.18701459094683,380.6254374981557,75,1.1730405254488858,86.14364592959186
oracle_v1,Oracle v1,oracle_v1,112,-17.290533325106946,4.557489805606979,-166.79432944427361,434.62413862896744,75,1.0314570427096963,98.36470246602747
oracle_v1,Oracle v1,oracle_v1,113,-17.270352728766067,4.676263516026164,-179.89846339611637,486.72409287464825,75,1.0583380639134978,110.15603212856378
oracle_v1,Oracle v1,oracle_v1,114,-17.446416081572902,4.354384426405163,-187.84025226453525,510.31873075568905,75,0.9854899681301329,115.49600137712763
oracle_v1,Oracle v1,oracle_v1,115,-17.08488776994714,4.653062165387838,-195.65263038117234,533.9212833789591,75,1.0530871039471505,120.83776190048567
oracle_v1,Oracle v1,oracle_v1,116,-18.192302642578237,5.3703881518736445,-217.94639704546373,616.2886324273268,75,1.215433257693714,139.47924786952598
oracle_v1,Oracle v1,oracle_v1,117,-17.06200476430433,4.388367079773082,-187.75945757200552,548.9718261784886,74,0.9998691294908716,125.08068991905813
oracle_v1,Oracle v1,oracle_v1,118,-16.689086045444228,4.2367152193658075,-200.85099478587307,599.0945880515941,74,0.9653159549513037,136.50092924058993
oracle_v1,Oracle v1,oracle_v1,119,-17.064328919834033,4.734859676259561,-201.34555195606868,585.0231218947373,74,1.0788158640110572,133.2948108003695
oracle_v3,Oracle v3,oracle_v3,0,-5.331334273427182,2.796376984042402,-31.940931754415207,39.762444966887536,75,0.6328796897610814,8.999088455665918
oracle_v3,Oracle v3,oracle_v3,1,-6.891080505867627,0.017556426431351076,-46.39301305847858,22.7763334914377,75,0.003973393350250174,5.154769530794224
oracle_v3,Oracle v3,oracle_v3,2,-6.8660227087835315,0.024837942303629783,-48.649458037239725,22.966762840340888,75,0.005621355528645882,5.197867749647761
oracle_v3,Oracle v3,oracle_v3,3,-6.840409011296704,0.030837694510299968,-45.95120120045032,20.4886156125429,75,0.0069792272808699785,4.637010233775969
oracle_v3,Oracle v3,oracle_v3,4,-6.813734644831447,0.03919406658679554,-44.56354812480206,19.333157445865552,75,0.008870452318652829,4.375505433017111
oracle_v3,Oracle v3,oracle_v3,5,-6.787935393875263,0.04597175583791605,-40.33132512004172,14.862183957264719,75,0.010404387798391108,3.3636288761212287
oracle_v3,Oracle v3,oracle_v3,6,-6.760947689353539,0.052879060818028484,-36.6141743230218,13.784316142692921,75,0.011967658079131067,3.119684425146835
oracle_v3,Oracle v3,oracle_v3,7,-6.736788866998298,0.05746952945713757,-36.94266736832572,10.76122288968238,75,0.013006578934493564,2.435494013409732
oracle_v3,Oracle v3,oracle_v3,8,-6.712531818336084,0.06262507270712009,-36.27800274729949,9.752321692223049,75,0.014173388213506461,2.207158177257691
oracle_v3,Oracle v3,oracle_v3,9,-6.6878600173781,0.06835590725498868,-35.27226219804018,9.970788180768812,75,0.015470398170112568,2.256601798158248
oracle_v3,Oracle v3,oracle_v3,10,-6.664872485775563,0.07202338754102694,-35.622131020801795,8.601293770284459,75,0.01630042709642617,1.946656035271891
oracle_v3,Oracle v3,oracle_v3,11,-6.707251284180204,0.5963788531534356,-35.087009082147645,9.185098187201735,75,0.13497324063159744,2.0787834130783134
oracle_v3,Oracle v3,oracle_v3,12,-6.644049861657866,0.24239355822710043,-34.926623796224035,7.591660830587428,75,0.05485882654816107,1.7181545902613078
oracle_v3,Oracle v3,oracle_v3,13,-6.619794012206141,0.24614502836062843,-34.843055654469566,8.350482867125347,75,0.05570786416640918,1.889892184229685
oracle_v3,Oracle v3,oracle_v3,14,-6.595674257918123,0.24867339895405496,-34.93370195124639,8.059015595628267,75,0.056280088299957745,1.8239269308274337
oracle_v3,Oracle v3,oracle_v3,15,-6.570719886686574,0.25082263823070944,-34.28686377267904,7.3417795447069425,75,0.05676650693893007,1.6616011314152368
oracle_v3,Oracle v3,oracle_v3,16,-6.54681205078838,0.2514756750592945,-34.540422469394855,7.089114941241535,75,0.0569143030865296,1.6044177484996631
oracle_v3,Oracle v3,oracle_v3,17,-6.548805672586676,0.3292772274910435,-34.8182959044633,8.149504152058217,75,0.0745224520045473,1.8444064190534912
oracle_v3,Oracle v3,oracle_v3,18,-6.495671037635302,0.2572854044940269,-34.02895652475893,8.0351582616837,75,0.05822916863692977,1.818527507862817
oracle_v3,Oracle v3,oracle_v3,19,-6.47159567695926,0.2608529321191963,-34.77388420124937,7.977428706310506,75,0.05903657614654509,1.8054620795235319
oracle_v3,Oracle v3,oracle_v3,20,-6.674189961621693,1.06506684033114,-34.71369591698736,7.688830377743925,75,0.2410473177722901,1.74014612903078
oracle_v3,Oracle v3,oracle_v3,21,-6.582937551079737,0.913665614733621,-34.75540049255648,8.340301495800661,75,0.20678199473737827,1.8875879229794745
oracle_v3,Oracle v3,oracle_v3,22,-6.625474745596749,1.0878797275919347,-34.85866165391246,8.164022590579453,75,0.24621036019988696,1.8476922510137632
oracle_v3,Oracle v3,oracle_v3,23,-6.601382026052652,1.0902492196076417,-35.15023818427113,8.710429521796957,75,0.24674662672630648,1.9713557810333606
oracle_v3,Oracle v3,oracle_v3,24,-7.328171748424672,1.7180496961069387,-35.93448616290912,8.392030682179966,75,0.38883125017517034,1.899295339974447
oracle_v3,Oracle v3,oracle_v3,25,-7.377736922115681,1.779185205120362,-35.51193776669729,7.947073720936319,75,0.40266751838886067,1.7985920996045348
oracle_v3,Oracle v3,oracle_v3,26,-7.681118219158981,2.202811143107555,-36.10170453074425,8.317300990407196,75,0.4985430937272452,1.8823824185711522
oracle_v3,Oracle v3,oracle_v3,27,-7.517011889661384,1.7759546837706357,-36.13781648415778,8.179274950456303,75,0.4019363825794728,1.8511441850133883
oracle_v3,Oracle v3,oracle_v3,28,-7.780254628405474,2.310900236004272,-36.876589755139996,8.548558947023444,75,0.5230059583443549,1.9347210212249686
oracle_v3,Oracle v3,oracle_v3,29,-7.668665335591149,2.0058392012172463,-36.65088039050461,8.321075468981201,75,0.45396414668736135,1.8832366634896869
oracle_v3,Oracle v3,oracle_v3,30,-8.03604132956332,2.4196596368466463,-37.21484444517169,8.58155698501571,75,0.5476205279308278,1.9421891802630538
oracle_v3,Oracle v3,oracle_v3,31,-7.803273366390487,1.9315517953332932,-37.08992338781877,8.210541384681612,75,0.4371513240038376,1.8582204452262885
oracle_v3,Oracle v3,oracle_v3,32,-7.836622685092922,1.9437479559097686,-37.37415422774299,8.652643718891744,75,0.43991157498786554,1.9582776226791965
oracle_v3,Oracle v3,oracle_v3,33,-8.443636400147886,2.815989772625107,-37.50275244776061,8.99652231669942,75,0.6373184816780526,2.036104675876219
oracle_v3,Oracle v3,oracle_v3,34,-8.584035687318465,2.6996039819040942,-37.32916174665413,7.915257458248585,75,0.610977897577824,1.7913914014962053
oracle_v3,Oracle v3,oracle_v3,35,-9.351011768149604,3.3606266786313665,-37.82546299967542,8.87343682463771,75,0.7605814172810336,2.0082478066219545
oracle_v3,Oracle v3,oracle_v3,36,-9.358607444614245,3.220216874317627,-37.735983867490425,8.484817116575675,75,0.7288036870606127,1.920294886941646
oracle_v3,Oracle v3,oracle_v3,37,-9.658088640199374,3.3116611025643024,-37.8750959021291,9.060083875020101,75,0.7494994641798826,2.0504900107363895
oracle_v3,Oracle v3,oracle_v3,38,-10.077929492120086,3.544852821976906,-38.114985401478606,9.149071065525826,75,0.8022757185543407,2.0706297078664098
oracle_v3,Oracle v3,oracle_v3,39,-9.816228154574855,3.252222420099173,-37.83492962311257,8.991646514740228,75,0.7360472239658471,2.0350011780113464
oracle_v3,Oracle v3,oracle_v3,40,-9.969307736077699,3.1774063968903516,-38.36546720423207,8.924779375877797,75,0.7191147639192375,2.0198677198474577
oracle_v3,Oracle v3,oracle_v3,41,-10.295178258851474,3.452367651097021,-38.348992849280634,9.163126064850767,75,0.781344353939349,2.0738106536627456
oracle_v3,Oracle v3,oracle_v3,42,-10.594503938683404,3.2674130438325486,-38.43765617278883,9.066752298147792,75,0.7394851857608832,2.0519992169644237
oracle_v3,Oracle v3,oracle_v3,43,-10.57289352715407,3.4242295309310467,-38.217520976183835,8.98373199884148,75,0.7749760978484413,2.033209954440564
oracle_v3,Oracle v3,oracle_v3,44,-10.844311204161254,3.3928850533716295,-38.26715812055428,9.170907036494903,75,0.7678821747662786,2.075571653323479
oracle_v3,Oracle v3,oracle_v3,45,-11.022357782896934,3.7361548828573548,-38.33811986680007,9.378259014703838,75,0.8455714507219166,2.1224998237343633
oracle_v3,Oracle v3,oracle_v3,46,-10.972635701697378,3.4857481455711423,-38.28227596090283,9.57899025929722,75,0.7888990710277132,2.1679295810698602
oracle_v3,Oracle v3,oracle_v3,47,-10.724195673399077,3.2559096314020426,-38.54169619816271,9.685267678803674,75,0.7368817184416492,2.191982425400106
oracle_v3,Oracle v3,oracle_v3,48,-11.576193373856634,3.7938642214332376,-39.617896810546334,10.000649571764848,75,0.8586323035692408,2.2633600671531835
oracle_v3,Oracle v3,oracle_v3,49,-11.224863315204905,3.344658473371917,-39.333041084662625,9.94234380590256,75,0.7569674722198664,2.2501642301037514
oracle_v3,Oracle v3,oracle_v3,50,-12.237052711481617,3.7990790274230775,-40.35011035695122,10.575874019673925,75,0.8598125252689071,2.3935456151723296
oracle_v3,Oracle v3,oracle_v3,51,-11.950745550182084,3.884609935066065,-39.69429895727892,10.417613700117286,75,0.879169991949178,2.3577279330378893
oracle_v3,Oracle v3,oracle_v3,52,-12.401442794884769,4.301953026307715,-40.434225135198815,11.067027401521754,75,0.9736236252097147,2.5047040897638393
oracle_v3,Oracle v3,oracle_v3,53,-12.265998362173963,3.855677905954774,-40.496833618680675,10.729085803784601,75,0.8726220573493005,2.4282207061736636
oracle_v3,Oracle v3,oracle_v3,54,-12.915956113462208,4.015330568484256,-40.62822575327944,11.08083364685756,75,0.9087548563630894,2.5078287372326
oracle_v3,Oracle v3,oracle_v3,55,-12.72265191016796,4.4057612242397735,-40.12532343837283,10.827656194141971,75,0.9971176320896189,2.4505292856051892
oracle_v3,Oracle v3,oracle_v3,56,-12.664561992598097,4.055376186018231,-40.70111008152312,11.428831602694277,75,0.9178180328038267,2.5865880889166695
oracle_v3,Oracle v3,oracle_v3,57,-12.914155064734127,3.9279134828997897,-40.71192270265839,11.284584405931739,75,0.8889705074286555,2.5539418750274345
oracle_v3,Oracle v3,oracle_v3,58,-12.656813471053985,3.65479702946641,-40.900131030147826,11.50113996521452,75,0.8271584351279835,2.602953011922433
oracle_v3,Oracle v3,oracle_v3,59,-13.106386269055015,3.586983893246853,-41.2242316376275,11.978593121027766,75,0.8118108776072095,2.7110108334718444
oracle_v3,Oracle v3,oracle_v3,60,-12.983158226025592,3.7392531074863906,-41.21234260377909,11.802744583082484,75,0.8462726449647615,2.671212562789875
oracle_v3,Oracle v3,oracle_v3,61,-12.924035873782604,3.369342121515149,-41.129773139581545,12.052808340914233,75,0.7625539076926966,2.727807318926177
oracle_v3,Oracle v3,oracle_v3,62,-13.37566419044916,3.5639544996425543,-41.766281137627054,12.232073927738165,75,0.8065988351812969,2.7683789405713966
oracle_v3,Oracle v3,oracle_v3,63,-13.824221503415663,4.085017822102626,-41.444315759813634,12.026071254299234,75,0.9245265665802649,2.7217561465776066
oracle_v3,Oracle v3,oracle_v3,64,-13.33705706559324,3.495354134833882,-41.51522995344553,13.109798195472374,75,0.79107311105849,2.9670266427336363
oracle_v3,Oracle v3,oracle_v3,65,-13.18511337217795,3.7062384031879474,-41.72400768936864,12.776427607108033,75,0.838800713986504,2.8915777759522707
oracle_v3,Oracle v3,oracle_v3,66,-14.102083628491634,3.5433159023717447,-42.31624072124337,13.624216608541234,75,0.8019278809028176,3.083450489564108
oracle_v3,Oracle v3,oracle_v3,67,-13.87764895992516,3.337515623717371,-41.46982769737935,13.977537514743878,75,0.7553508931608998,3.1634145383242243
oracle_v3,Oracle v3,oracle_v3,68,-13.749272870355908,3.7113458122426857,-41.64974508878713,13.931607810275844,75,0.839956629471609,3.1530196676467637
oracle_v3,Oracle v3,oracle_v3,69,-13.997585347844097,4.152061094070306,-42.31510148946815,14.845616248417658,75,0.9396998874184791,3.359879250625448
oracle_v3,Oracle v3,oracle_v3,70,-13.964027843814844,3.7199263069418054,-41.91855295570429,14.228689844095966,75,0.8418985782339413,3.2202556613881637
oracle_v3,Oracle v3,oracle_v3,71,-14.212694378408745,3.8508225187075342,-42.321561926251086,14.89650911935897,75,0.8715231797686888,3.3713973916186655
oracle_v3,Oracle v3,oracle_v3,72,-15.744700739195723,4.837586100161332,-44.294602336429946,16.268685870103653,75,1.0948488017652056,3.6819502252545955
oracle_v3,Oracle v3,oracle_v3,73,-15.203931543354583,4.526301185697445,-44.16978057066791,16.528123428889714,75,1.0243983935343308,3.740666472260583
oracle_v3,Oracle v3,oracle_v3,74,-16.39924764258149,4.597876641545419,-44.728816919733255,16.79352680435249,75,1.0405974441452004,3.800732910685353
oracle_v3,Oracle v3,oracle_v3,75,-15.855496133887614,5.27527456753844,-44.63064138025492,17.511408536149972,75,1.1939070271140617,3.9632048414363927
oracle_v3,Oracle v3,oracle_v3,76,-16.11830995004333,4.95843250257669,-45.60401284376632,18.16533125812687,75,1.1221989173275266,4.111201485584922
oracle_v3,Oracle v3,oracle_v3,77,-16.65035066568588,5.165311644100668,-46.434732738490126,19.160561511585875,75,1.169020074722573,4.336443295843086
oracle_v3,Oracle v3,oracle_v3,78,-16.375734514820312,5.671482245512523,-46.48286201409462,19.774284675547666,75,1.2835772660511287,4.475341923540216
oracle_v3,Oracle v3,oracle_v3,79,-15.46507086450989,3.7153041346111357,-47.32034117886629,20.93424460115348,75,0.8408524821577149,4.737865568256913
oracle_v3,Oracle v3,oracle_v3,80,-16.576925262654843,4.949591205713691,-47.69805554772182,21.794040526298385,75,1.1201979434789824,4.93245570451849
oracle_v3,Oracle v3,oracle_v3,81,-16.305760792590966,4.818019821348323,-48.4384819966698,22.751253978327114,75,1.0904205360000314,5.149093502645171
oracle_v3,Oracle v3,oracle_v3,82,-16.43406631434469,5.184539006388204,-49.229325977276794,24.075504567107394,75,1.1733716364572389,5.448799624736643
oracle_v3,Oracle v3,oracle_v3,83,-16.891017187958774,5.082571528225024,-49.58087995015022,25.44904115083578,75,1.150294223678528,5.759660217548736
oracle_v3,Oracle v3,oracle_v3,84,-16.01516755291014,4.921322640673789,-50.11078495675367,26.359649558901925,75,1.1138001649339087,5.965750301281879
oracle_v3,Oracle v3,oracle_v3,85,-16.045108252106083,4.776046979651998,-51.09070679622952,28.847466346217146,75,1.0809211876708367,6.528796244487438
oracle_v3,Oracle v3,oracle_v3,86,-16.304255904926833,4.990679924180259,-52.16379405122817,30.728487041124808,75,1.1294971958845754,6.954511303873467
oracle_v3,Oracle v3,oracle_v3,87,-15.917594123500036,4.356175960232588,-52.54287508240621,32.09021239026565,75,0.9858954304048431,7.262698762653876
oracle_v3,Oracle v3,oracle_v3,88,-16.640796831377646,5.363033741260701,-53.92533955496562,35.508328830720394,75,1.2137687978824452,8.036291337884947
oracle_v3,Oracle v3,oracle_v3,89,-16.76540104717515,5.316005875579457,-55.03637932906751,37.538770911130804,75,1.203125389925537,8.495823640310912
oracle_v3,Oracle v3,oracle_v3,90,-16.75512137453053,4.65444673853645,-56.19532339440363,40.49928026776148,75,1.0534004623497355,9.165849982914649
oracle_v3,Oracle v3,oracle_v3,91,-16.610910370969098,4.314658394758822,-57.50884897890765,44.1483588313518,75,0.9764991207847113,9.991714207379971
oracle_v3,Oracle v3,oracle_v3,92,-15.996823324085812,3.4525689284659062,-59.06350428450523,50.24362046227564,75,0.7813899072962472,11.37120177719084
oracle_v3,Oracle v3,oracle_v3,93,-16.453227088315007,4.218037053204987,-61.165124039918155,56.470695821062435,75,0.9546316526229282,12.780521601977421
oracle_v3,Oracle v3,oracle_v3,94,-16.033749502389902,4.694437954735328,-62.81159694426305,63.408936613861016,75,1.0624513266092914,14.350793316231904
oracle_v3,Oracle v3,oracle_v3,95,-17.315989685233458,5.0952725999136526,-65.93630314549141,72.99000621665499,75,1.1531687468046312,16.51919349703658
oracle_v3,Oracle v3,oracle_v3,96,-16.568630627796797,4.774687087328131,-68.1153714024194,81.3082744877034,75,1.0806134150647293,18.401794831825256
oracle_v3,Oracle v3,oracle_v3,97,-17.028036145233983,4.638804491794164,-71.70555435390386,93.76011412223097,75,1.049860288645719,21.219911434066272
oracle_v3,Oracle v3,oracle_v3,98,-17.077704756934956,5.424164841282732,-74.62892898893496,107.32157081317942,75,1.2276040682474476,24.289158017146303
oracle_v3,Oracle v3,oracle_v3,99,-17.15855663294916,4.969997440763428,-78.36903552692308,121.69094866128246,75,1.1248163092362342,27.541254371272682
oracle_v3,Oracle v3,oracle_v3,100,-17.272744556102644,4.716466286562189,-82.36538396295076,138.48177715176053,75,1.0674368074268257,31.341376596039268
oracle_v3,Oracle v3,oracle_v3,101,-17.12231701902439,4.525174125867816,-86.56522460008199,158.86871978619837,75,1.0241433158822875,35.955376068674155
oracle_v3,Oracle v3,oracle_v3,102,-17.16941696535409,4.901595328022893,-91.60502398829568,179.2717261402954,75,1.1093354537803106,40.57301110331386
oracle_v3,Oracle v3,oracle_v3,103,-17.683174396006976,5.033432108188336,-94.96811994939968,183.4555383863295,75,1.1391729259832144,41.51989695289662
oracle_v3,Oracle v3,oracle_v3,104,-16.996943881952944,4.985093213102897,-98.81056818344426,194.6125880777084,75,1.128232804139971,44.04497500482704
oracle_v3,Oracle v3,oracle_v3,105,-16.91429464010939,4.4787297004314945,-105.39126984631997,214.3909839390314,75,1.0136319528833044,48.52124737729917
oracle_v3,Oracle v3,oracle_v3,106,-17.03294313445476,3.836309985561851,-108.87321533864679,218.5861417602794,75,0.8682386843207217,49.47070097227625
oracle_v3,Oracle v3,oracle_v3,107,-16.87828879683901,4.788920773413945,-115.66459293452768,244.33703672252244,75,1.0838348014820662,55.29867713849956
oracle_v3,Oracle v3,oracle_v3,108,-17.123388909926025,4.889535331526364,-123.98240659755882,271.14682094629836,75,1.1066060196286214,61.366302504796586
oracle_v3,Oracle v3,oracle_v3,109,-17.23745766512756,5.022244133874886,-131.0718031281976,287.8700360676344,75,1.136640849030444,65.15112238358819
oracle_v3,Oracle v3,oracle_v3,110,-17.283716774620874,4.7730321778170435,-143.44824212937695,334.7717800754174,75,1.0802388737836588,75.76598631870391
oracle_v3,Oracle v3,oracle_v3,111,-16.790795274300667,4.973276978072296,-157.03966224968315,385.33613911779753,75,1.1255585384014866,87.20977807007537
oracle_v3,Oracle v3,oracle_v3,112,-17.039268073866978,4.480197268719196,-170.14128782742335,437.40133169116757,75,1.01396409485412,98.99324042555217
oracle_v3,Oracle v3,oracle_v3,113,-17.423396134273137,4.614276480137287,-182.72208169329616,483.6912589324754,75,1.0443090770256673,109.46963719133879
oracle_v3,Oracle v3,oracle_v3,114,-17.534141267030655,4.4350632153453216,-191.2834799983146,508.89069947685283,75,1.0037492969710302,115.1728074737747
oracle_v3,Oracle v3,oracle_v3,115,-16.974662979586306,4.48370137756309,-199.2763976482018,532.4757349339371,75,1.0147571493423626,120.51060348921253
oracle_v3,Oracle v3,oracle_v3,116,-17.883476926472326,5.072154049243672,-210.85311007346328,575.1735771458185,75,1.1479365262352168,130.17403488159212
oracle_v3,Oracle v3,oracle_v3,117,-17.18172795005868,4.584826585520313,-215.47057920739405,579.1661485925455,75,1.0376439384284588,131.07763886380656
oracle_v3,Oracle v3,oracle_v3,118,-16.682955168630578,4.165929533153861,-228.78410370746738,624.4961785679302,75,0.9428386106574262,141.33679042720212
oracle_v3,Oracle v3,oracle_v3,119,-17.18841961918254,4.908203655148604,-234.47915410610378,623.951662194221,75,1.1108310590027202,141.21355477062596
