scenario_id,scenario_label,policy,episode,seed,steps,cause,total_reward,final_mrr,final_cash,final_cac,final_ltv,final_ltv_cac,final_headcount,final_valuation_multiple,final_unemployment,final_innovation_factor,depression_months,avg_rule_40,pct_above_40,shock_count,recovered_shock_count,recovered_shock_rate_pct,mean_recovery_time_months,median_recovery_time_months,post_shock_avg_rule40_25_60,oracle_refresh_requests,cadence_refreshes,event_refreshes,cache_hits,llm_calls
boardroom,Boardroom Baseline,boardroom,0,0,120,Time Limit,-1532.1661536481467,15640.283409216603,11825870.660351824,104.43136056410009,118.55758434987017,1.1352680239869075,63,0.7545852694965045,18.5,0.3340443664006449,49,-331.36380574866723,0.0,3,1,33.33333333333333,3.0,3.0,-47.244374320958755,0,0,0,0,0
boardroom,Boardroom Baseline,boardroom,1,1,120,Time Limit,-1449.7789379131837,553179.4878887987,28220647.48059915,169.701765812879,518.1769959534005,3.053456712552811,83,1.2136125553903807,24.5,0.3132539478538567,74,-63.866450583893496,0.0,3,2,66.66666666666666,6.0,6.0,-44.4953049116824,0,0,0,0,0
boardroom,Boardroom Baseline,boardroom,2,2,120,Time Limit,-1535.428517638022,831263.9640839437,36166467.05214152,120.86418753585933,460.3982353381817,3.8092196267946252,78,1.767365396068711,34.0,0.3161627556519694,93,-56.054976801846166,0.0,3,1,33.33333333333333,3.0,3.0,-45.00794172884054,0,0,0,0,0
boardroom,Boardroom Baseline,boardroom,3,3,120,Time Limit,-1731.1112410404944,167461.1650980404,13616804.639700552,84.92951249229104,264.2909247829337,3.111885574604271,66,0.5561222371462791,29.5,0.3089854763037945,102,-92.78379313717205,0.0,3,1,33.33333333333333,2.0,2.0,-53.26632761826222,0,0,0,0,0
boardroom,Boardroom Baseline,boardroom,4,4,120,Time Limit,-1218.8067805790513,5294993.786186527,150874555.7245799,195.64728782499935,336.0649198567734,1.7177080428396911,99,1.0229757167841267,24.5,0.4548294069556903,72,-32.78950308366144,0.0,3,3,100.0,21.0,1.0,-36.284285808985274,0,0,0,0,0
boardroom,Boardroom Baseline,boardroom,5,5,120,Time Limit,-1574.4388384821457,300541.44285942154,19286300.110275615,77.62083557698439,210.10839793183104,2.7068556576339016,77,0.848352504862432,38.0,0.3098111101934736,91,-77.44347514955692,0.0,3,2,66.66666666666666,4.0,4.0,-49.927151525663845,0,0,0,0,0
boardroom,Boardroom Baseline,boardroom,6,6,120,Time Limit,-1740.4789403793886,29688.900489722735,7917337.803817555,35.138049563500815,73.99373657917872,2.1058009052397355,62,1.1097674951210392,23.0,0.31105793641869145,79,-233.72020665090002,0.0,3,2,66.66666666666666,1.0,1.0,-47.396842196318396,0,0,0,0,0
boardroom,Boardroom Baseline,boardroom,7,7,120,Time Limit,-1432.2813053552309,1941521.2277976782,49601540.801815875,462.21089069544854,494.9003786839118,1.0707241838012043,98,1.1294695404185615,21.0,0.38064695102238194,96,-53.02521787852023,0.0,3,3,100.0,10.0,4.0,-51.14094128724543,0,0,0,0,0
boardroom,Boardroom Baseline,boardroom,8,8,120,Time Limit,-1595.19669667084,210720.87151580837,6206311.018158678,101.79139392403721,301.5842022254946,2.962767190815313,68,0.8015706223358455,38.0,0.3096938532161856,67,-96.34213063709312,0.0,3,2,66.66666666666666,4.5,4.5,-56.4533239603211,0,0,0,0,0
boardroom,Boardroom Baseline,boardroom,9,9,120,Time Limit,-1614.4405318425622,273247.0170775404,12854701.475028316,84.92868586000185,73.86897225961891,0.8697764661210702,75,0.4747429450578612,30.5,0.3091666274972997,99,-83.40564790026964,0.0,3,2,66.66666666666666,7.0,7.0,-55.48902374696905,0,0,0,0,0
boardroom,Boardroom Baseline,boardroom,10,10,120,Time Limit,-1480.6083509713758,1389039.2089905269,45236104.56178261,183.35030280012393,498.06758652874584,2.716480850711795,86,0.5252789947049405,25.5,0.3638388763416731,89,-53.765647419300635,0.0,3,2,66.66666666666666,1.5,1.5,-53.35601716017391,0,0,0,0,0
boardroom,Boardroom Baseline,boardroom,11,11,120,Time Limit,-1564.9518587982004,290147.6756917549,6361807.08400483,43.32563063951332,179.6125148672467,4.145641095491375,50,1.0718186604036979,40.5,0.3094518513158039,82,-85.43018542055829,0.0,3,2,66.66666666666666,1.0,1.0,-63.90664635147706,0,0,0,0,0
boardroom,Boardroom Baseline,boardroom,12,12,120,Time Limit,-1283.3922754014152,1058000.655092348,107979190.48361492,76.35656754472033,126.38075749804487,1.6551393228097437,75,0.8370862531538332,17.5,0.4070387849252248,38,-36.01051273046034,0.0,3,3,100.0,1.6666666666666667,1.0,-34.511431843263786,0,0,0,0,0
boardroom,Boardroom Baseline,boardroom,13,13,120,Time Limit,-1491.7379245013954,1916718.3758063656,59036635.935523205,192.94725461071064,400.39510040587464,2.0751531355743293,89,1.2948641784715105,20.0,0.38485137997564417,94,-48.34221535915522,0.0,3,2,66.66666666666666,6.0,6.0,-48.97941108155527,0,0,0,0,0
boardroom,Boardroom Baseline,boardroom,14,14,120,Time Limit,-1588.1638045375137,355287.4956144524,16700966.33197489,150.256347144904,243.0169724458295,1.6173491307589765,78,0.9258628301408492,37.5,0.30940354813998144,84,-80.39681485007107,0.0,3,2,66.66666666666666,2.5,2.5,-48.4507692405114,0,0,0,0,0
boardroom,Boardroom Baseline,boardroom,15,15,120,Time Limit,-1266.6364213319068,1700275.8141126551,71393618.62028217,48.245452395906014,137.80070951084113,2.8562424574245373,78,0.6834004654703412,20.5,0.3869852781867884,56,-43.79509999638129,0.0,3,3,100.0,7.666666666666667,3.0,-38.271022926775494,0,0,0,0,0
boardroom,Boardroom Baseline,boardroom,16,16,120,Time Limit,-1295.0022943225565,5148187.6765358895,132553393.45986883,275.6436924871055,421.8330366850012,1.530356210508007,89,0.8825264085547955,25.0,0.4497370259606227,72,-35.68505580554783,0.0,3,3,100.0,2.3333333333333335,3.0,-37.06444871670926,0,0,0,0,0
boardroom,Boardroom Baseline,boardroom,17,17,120,Time Limit,-1521.7331739194076,1003285.8982968106,53464192.8836407,183.51615503749136,495.160569803298,2.6981851799485415,75,1.2721613529373095,30.5,0.3372909663332502,83,-47.56295852339751,0.0,3,0,0.0,,,-38.33917403062611,0,0,0,0,0
boardroom,Boardroom Baseline,boardroom,18,18,120,Time Limit,-978.0680167915542,2145299.2576821474,118259337.9002166,118.96959689952456,186.80635029135948,1.5702024312070777,90,2.7611349364520064,12.5,0.5646952032929418,20,-34.679537193084315,0.0,3,3,100.0,1.3333333333333333,1.0,-34.15202507729243,0,0,0,0,0
boardroom,Boardroom Baseline,boardroom,19,19,120,Time Limit,-1356.8938794615153,3371969.464573601,82610713.59710716,144.18188661680549,497.2642433633613,3.4488676423339393,109,0.7610403163387518,27.0,0.4202893148139522,96,-45.39460246360185,0.0,3,3,100.0,1.6666666666666667,1.0,-50.13660717313999,0,0,0,0,0
boardroom,Boardroom Baseline,boardroom,20,20,120,Time Limit,-1547.643002251973,389011.26294914546,36110294.45581951,154.36605863375945,357.8665172504437,2.3182979498070777,72,0.8374351579886019,33.0,0.311927581134331,60,-60.36308998608327,0.0,3,1,33.33333333333333,1.0,1.0,-41.06236318931562,0,0,0,0,0
boardroom,Boardroom Baseline,boardroom,21,21,120,Time Limit,-1570.0184264590516,238087.43582374704,31023857.541124377,79.490940463914,190.5338118542611,2.3969248664350187,64,1.2423822757097605,20.0,0.3139410151073329,70,-70.38587708589833,0.0,3,2,66.66666666666666,1.0,1.0,-41.90500169255556,0,0,0,0,0
boardroom,Boardroom Baseline,boardroom,22,22,120,Time Limit,-1343.3396845181096,3233576.2100509596,90988823.41115354,132.1655523412748,328.45429740727997,2.4851732663224753,99,0.4567872688165678,24.5,0.42052613745373607,83,-41.32968143685817,0.0,3,3,100.0,20.666666666666668,1.0,-43.29290731650073,0,0,0,0,0
boardroom,Boardroom Baseline,boardroom,23,23,120,Time Limit,-1567.2589032579467,703215.5246314993,40985202.339584544,743.296576950012,1091.6061224931736,1.4686010353665144,71,1.2674115270222557,34.5,0.3147777756709585,80,-53.651614180699546,0.0,3,0,0.0,,,-42.34199936355955,0,0,0,0,0
boardroom,Boardroom Baseline,boardroom,24,24,120,Time Limit,-1318.3955348363704,979582.5513842658,58844164.11576733,58.496985931771135,107.3794420472898,1.835640594757027,76,0.8577762752764508,25.5,0.3605557661479657,59,-46.71786335225908,0.0,3,3,100.0,3.6666666666666665,3.0,-41.29374959276799,0,0,0,0,0
boardroom,Boardroom Baseline,boardroom,25,25,120,Time Limit,-1299.8359049061744,5044148.9601434935,123975091.75832419,303.18142701148,624.1997368717741,2.058832373158989,104,1.1297404023500073,32.0,0.4473539548234774,88,-38.34698508838983,0.0,3,3,100.0,31.333333333333332,23.0,-42.276481943739164,0,0,0,0,0
boardroom,Boardroom Baseline,boardroom,26,26,120,Time Limit,-1662.57953274808,240212.70671017747,8725807.457396489,402.6264623772934,456.6940004533804,1.134287095182088,65,0.697636653750688,39.0,0.30931886132054986,90,-90.39509983711393,0.0,3,2,66.66666666666666,2.0,2.0,-58.03432260412327,0,0,0,0,0
boardroom,Boardroom Baseline,boardroom,27,27,120,Time Limit,-1436.508953044508,576371.0241190395,12942337.915885478,77.00389666979925,182.1784063189097,2.365833603202053,78,1.5943640386863236,27.0,0.3098889016001935,87,-75.13341345691188,0.0,3,0,0.0,,,-58.30265285407423,0,0,0,0,0
boardroom,Boardroom Baseline,boardroom,28,28,120,Time Limit,-1349.7006567134126,2981018.467254578,77909158.00689729,235.26695324892106,660.9148911392638,2.8092126072631696,97,1.0479884761878644,20.5,0.41355826237529436,80,-44.492325366406554,0.0,3,3,100.0,3.3333333333333335,4.0,-47.299509901747115,0,0,0,0,0
boardroom,Boardroom Baseline,boardroom,29,29,120,Time Limit,-1633.7422646518971,1154124.882622361,61976246.635053635,565.774558819435,985.922519341062,1.7426066689854742,62,0.8073999283754971,33.5,0.35095445749448956,85,-43.33516573340448,0.0,3,2,66.66666666666666,1.5,1.5,-40.76454963602356,0,0,0,0,0
boardroom,Boardroom Baseline,boardroom,30,30,120,Time Limit,-1549.2566601953226,585545.1824465657,20840971.684210423,24.222801324446174,51.82397898690156,2.139470918031255,79,0.5815323057335864,29.5,0.3093869408310516,107,-68.1244477762811,0.0,3,2,66.66666666666666,1.0,1.0,-56.85303020233788,0,0,0,0,0
boardroom,Boardroom Baseline,boardroom,31,31,120,Time Limit,-1305.1046277429007,2776643.8948588995,80520597.3740868,156.3847034171147,483.4065440485727,3.091137006918215,97,1.86205256914445,15.5,0.41167335123383436,70,-43.17385767886181,0.0,3,3,100.0,14.333333333333334,11.0,-44.96559665983122,0,0,0,0,0
boardroom,Boardroom Baseline,boardroom,32,32,120,Time Limit,-1652.4099286670498,199133.55539344065,2416265.4829021804,270.10721793095786,482.33402111189406,1.7857131875505212,46,0.8607362820771438,45.5,0.3093189096241243,78,-101.19467164385118,0.0,3,1,33.33333333333333,4.0,4.0,-64.78568493040943,0,0,0,0,0
boardroom,Boardroom Baseline,boardroom,33,33,120,Time Limit,-1593.7349731688432,330603.36808954785,9473008.60424791,12.973709651505203,84.66536246783622,6.525917778498564,74,1.1751295759949456,25.0,0.3094517296553551,92,-86.68011006064077,0.0,3,2,66.66666666666666,6.5,6.5,-56.61228935258991,0,0,0,0,0
boardroom,Boardroom Baseline,boardroom,34,34,120,Time Limit,-1348.8914848222828,2657049.6445809472,75533759.5623622,166.47574312117635,562.7538886006633,3.380395714413717,97,0.875641270424999,23.5,0.4048393107635827,79,-43.95846972868249,0.0,3,3,100.0,34.333333333333336,15.0,-43.67980718157057,0,0,0,0,0
boardroom,Boardroom Baseline,boardroom,35,35,120,Time Limit,-1684.8459923854195,256249.70211889377,8157429.720755241,112.57189979225775,392.3647824514799,3.485459365752529,65,0.6537287545935437,43.5,0.30925968085133115,93,-90.42463829930293,0.0,3,1,33.33333333333333,1.0,1.0,-59.27131878445474,0,0,0,0,0
boardroom,Boardroom Baseline,boardroom,36,36,120,Time Limit,-1146.945041521217,3400232.2105863746,123991761.06359911,296.48650249902096,169.37274081057575,0.5712662781710781,81,0.8231743817098863,23.0,0.4534938926756764,40,-34.260980964591745,0.0,3,3,100.0,2.6666666666666665,2.0,-34.398653682014185,0,0,0,0,0
boardroom,Boardroom Baseline,boardroom,37,37,120,Time Limit,-1458.6933334282287,2422117.447341068,53055254.01049746,60.08971495470425,510.1848915942559,8.490386282891079,104,0.914938958481565,25.0,0.3923270270573644,109,-53.465260812607326,0.0,3,3,100.0,34.333333333333336,9.0,-53.272920442532964,0,0,0,0,0
boardroom,Boardroom Baseline,boardroom,38,38,120,Time Limit,-1456.0308006462305,997886.056554619,36626209.96392022,121.30386631059498,346.41755169976375,2.855783267556961,81,1.5311363444572166,34.5,0.3319489307400671,78,-56.16399981061242,0.0,3,1,33.33333333333333,3.0,3.0,-50.17764732694604,0,0,0,0,0
boardroom,Boardroom Baseline,boardroom,39,39,111,Bankruptcy,-1630.3274175411912,20041.07571477126,-337494.10258993343,0.0,174.94712113924143,0.0,47,0.8576655906854298,26.0,0.30839720190598513,76,-261.3816698854826,0.0,3,0,0.0,,,-62.085214633595214,0,0,0,0,0
boardroom,Boardroom Baseline,boardroom,40,40,120,Time Limit,-1532.825206096911,2041459.9471709507,81443499.44807525,1331.6973972758367,923.0420377605344,0.6931319680046977,83,0.840201805183445,27.5,0.39985087146899506,96,-41.76585252501651,0.0,3,2,66.66666666666666,13.0,13.0,-43.58479189646976,0,0,0,0,0
boardroom,Boardroom Baseline,boardroom,41,41,120,Time Limit,-1543.0850275887055,692982.8512267811,39505190.9052463,579.1298384919611,1264.587253470937,2.1835988571472833,69,1.2477045962302062,33.0,0.31340877981287957,65,-54.35584192981473,0.0,3,2,66.66666666666666,1.0,1.0,-42.638752456528906,0,0,0,0,0
boardroom,Boardroom Baseline,boardroom,42,42,120,Time Limit,-1574.8091222052283,226467.7938314429,21161081.490406,76.85885072391035,177.60879308429008,2.310843727318928,76,1.2691042381897464,21.5,0.31084085779078857,92,-82.26374054745969,0.0,3,3,100.0,1.6666666666666667,1.0,-48.11910259035218,0,0,0,0,0
boardroom,Boardroom Baseline,boardroom,43,43,120,Time Limit,-1391.4752187811018,1717892.7009004673,57492740.27999725,128.245733753448,400.5179049118109,3.1230505155189427,87,0.8710199339320741,30.5,0.3832442190091781,72,-48.984525477921274,0.0,3,3,100.0,7.0,9.0,-45.492365880794765,0,0,0,0,0
boardroom,Boardroom Baseline,boardroom,44,44,120,Time Limit,-1761.556981169882,149247.27197542627,13901052.22905536,661.5217908672563,304.979279751847,0.46102680812981023,63,1.0995691423159972,39.0,0.3094517307166289,88,-97.68884652463134,0.0,3,1,33.33333333333333,4.0,4.0,-46.690893500053676,0,0,0,0,0
boardroom,Boardroom Baseline,boardroom,45,45,120,Time Limit,-1386.2213343146434,249393.7774077551,47627218.603672676,90.3489786776123,149.09925243096833,1.6502594120404137,67,0.8949592497310751,22.5,0.34897197202399194,43,-62.29474267285694,0.0,3,2,66.66666666666666,1.0,1.0,-36.49432503751384,0,0,0,0,0
boardroom,Boardroom Baseline,boardroom,46,46,120,Time Limit,-1366.806791444088,4210355.545692281,96788523.56986639,179.71783381470698,792.1965373039963,4.408001813113151,104,0.7358808442541658,32.5,0.43292233299955724,96,-43.25180688109855,0.0,3,3,100.0,20.333333333333332,1.0,-48.60019674952508,0,0,0,0,0
boardroom,Boardroom Baseline,boardroom,47,47,120,Time Limit,-1536.3025446232423,201158.99697242465,3920469.3946709614,236.89748737415147,459.2952712048276,1.9387933417775143,62,0.992629752524676,33.0,0.31108507504824756,68,-106.09805582910326,0.0,3,2,66.66666666666666,2.5,2.5,-55.996189676769376,0,0,0,0,0
boardroom,Boardroom Baseline,boardroom,48,48,120,Time Limit,-1198.8654497547652,2829097.1782392403,86978300.93982102,105.16241953525291,292.26250182572073,2.779153457264717,98,2.1407421227520036,17.5,0.4141255068390302,78,-41.884874710989166,0.0,3,3,100.0,25.666666666666668,6.0,-42.64147736885217,0,0,0,0,0
boardroom,Boardroom Baseline,boardroom,49,49,120,Time Limit,-1379.5658036201578,1985779.873009811,56105233.99621602,245.08252575498952,461.0484822063907,1.8811968776072745,88,1.128471412193194,22.0,0.3850790719728827,72,-48.94177439570855,0.0,3,3,100.0,6.0,3.0,-48.07085123607462,0,0,0,0,0
oracle_v1,Oracle v1,oracle_v1,0,0,120,Time Limit,-1550.6690534440102,16856.492604011542,45778673.5400123,133.28382003475053,151.56491607701386,1.137159154333189,62,0.7545852694965045,18.5,0.3353202273123773,49,-265.06699644828706,0.0,3,1,33.33333333333333,3.0,3.0,-31.532823013773857,47,23,23,5,42
oracle_v1,Oracle v1,oracle_v1,1,1,120,Time Limit,-1512.6551137791928,1202971.6269470998,72005052.75949861,626.7373112043165,1244.4371201356655,1.9855800793866871,70,1.2136125553903807,24.5,0.35752668110919833,74,-41.364699983013,0.0,3,2,66.66666666666666,1.0,1.0,-33.65024478932417,39,23,15,3,36
oracle_v1,Oracle v1,oracle_v1,2,2,120,Time Limit,-1641.8280247561936,2064289.3538514362,97052829.49868564,523.3821769659692,1269.102208185917,2.4248097547816103,62,1.767365396068711,34.0,0.39205704178214545,93,-33.87195639432087,0.0,3,3,100.0,6.666666666666667,7.0,-32.757144839085896,35,23,11,1,34
oracle_v1,Oracle v1,oracle_v1,3,3,120,Time Limit,-1772.2564517442484,323558.44174327416,48760634.2833899,161.81328698695646,430.3958397123652,2.6598300283403726,62,0.5561222371462791,29.5,0.3316816724108639,102,-55.47557213661427,0.0,3,2,66.66666666666666,3.5,3.5,-39.86362321656032,49,23,25,5,44
oracle_v1,Oracle v1,oracle_v1,4,4,120,Time Limit,-1164.8586471614285,9553539.077508025,260669361.80425784,518.5465452500067,594.3294918562693,1.1461449262374805,90,1.0229757167841267,24.5,0.48203307944880747,72,-23.334389128831862,0.0,3,3,100.0,21.333333333333332,3.0,-26.344211928376833,39,23,15,3,36
oracle_v1,Oracle v1,oracle_v1,5,5,120,Time Limit,-1625.9693026478078,658478.5454490833,59935281.58841902,205.179117341823,413.8236821821696,2.016889864540894,67,0.848352504862432,38.0,0.3336614866305268,91,-45.61410011774843,0.0,3,2,66.66666666666666,2.0,2.0,-37.95977883286527,39,23,15,4,35
oracle_v1,Oracle v1,oracle_v1,6,6,120,Time Limit,-1754.1112584831437,34758.60597038888,39710231.47369474,47.08834704011266,100.7297012815523,2.1391640950094244,60,1.1097674951210392,23.0,0.31291775273279826,79,-163.95999199749127,0.0,3,2,66.66666666666666,2.0,2.0,-33.14389657306026,48,23,24,3,45
oracle_v1,Oracle v1,oracle_v1,7,7,120,Time Limit,-1449.0732555883067,2813228.215141248,82756182.6453593,890.3981253107945,799.0356275943415,0.8973914082708082,94,1.1294695404185615,21.0,0.4103006806494806,96,-43.76274537522912,0.0,3,3,100.0,1.6666666666666667,1.0,-45.00227761796834,36,23,12,1,35
oracle_v1,Oracle v1,oracle_v1,8,8,120,Time Limit,-1581.8499604292788,274913.2221393032,25651768.918982785,109.3529564675176,354.77229568193496,3.2442862739364267,77,0.8015706223358455,38.0,0.32378991923293976,67,-74.35830616719993,0.0,3,2,66.66666666666666,4.5,4.5,-44.75858394314103,43,23,19,5,38
oracle_v1,Oracle v1,oracle_v1,9,9,120,Time Limit,-1618.833536854648,378071.41000674973,27080650.180682242,91.20612741790387,87.68930156297615,0.9614409036487898,78,0.4747429450578612,30.5,0.32393960181373266,99,-68.1911806484777,0.0,3,2,66.66666666666666,1.0,1.0,-49.31457796582376,40,23,16,3,37
oracle_v1,Oracle v1,oracle_v1,10,10,120,Time Limit,-1507.4543421959606,2431158.6449531135,87220232.61793329,418.61063542847614,894.8714513845043,2.1377179069245176,80,0.5252789947049405,25.5,0.4062599012593014,89,-40.88670475684669,0.0,3,3,100.0,3.0,1.0,-42.96108204695749,40,23,16,5,35
oracle_v1,Oracle v1,oracle_v1,11,11,120,Time Limit,-1567.590289628443,348557.1944318133,9046182.049132556,40.68058308655539,155.63268673743138,3.825724090687057,69,1.0718186604036979,40.5,0.32282165763687787,82,-83.82221681522861,0.0,3,2,66.66666666666666,4.0,4.0,-60.50285904290448,39,23,15,2,37
oracle_v1,Oracle v1,oracle_v1,12,12,120,Time Limit,-1297.9938276814405,1709214.9620307826,198255573.6196454,134.68843733750467,164.15940292139783,1.2188084305265514,72,0.8370862531538332,17.5,0.4407773698210259,38,-24.77848544871092,0.0,3,3,100.0,1.0,1.0,-23.770871914788827,40,23,16,2,38
oracle_v1,Oracle v1,oracle_v1,13,13,120,Time Limit,-1515.1958289040185,3039881.0046706717,111107683.06659366,377.1145418181816,619.4243361749503,1.6425363317694435,83,1.2948641784715105,20.0,0.42135797145603276,94,-35.27530205329889,0.0,3,3,100.0,4.333333333333333,1.0,-37.51940557673256,31,23,7,1,30
oracle_v1,Oracle v1,oracle_v1,14,14,120,Time Limit,-1676.7820558408964,875654.2172161107,71712500.94888788,594.4947392056988,649.8083297672638,1.0930430278247192,63,0.9258628301408492,37.5,0.33596744558964453,84,-41.00475243920557,0.0,3,2,66.66666666666666,2.5,2.5,-33.295374727410994,35,23,11,2,33
oracle_v1,Oracle v1,oracle_v1,15,15,120,Time Limit,-1323.4046433618428,2967839.8257897017,130389829.12295932,119.70579393083081,255.31119497584967,2.1328223688435273,68,0.6834004654703412,20.5,0.42857197462008273,56,-33.783659260090865,0.0,3,2,66.66666666666666,1.5,1.5,-30.79978469669596,36,23,12,3,33
oracle_v1,Oracle v1,oracle_v1,16,16,120,Time Limit,-1258.8026907399458,8563983.454546668,239023540.1364798,560.5597833288733,586.9760366008481,1.0471247743016854,86,0.8825264085547955,25.0,0.4781189946599936,72,-25.49129375466035,0.0,3,3,100.0,1.3333333333333333,1.0,-26.401763322864085,38,23,14,3,35
oracle_v1,Oracle v1,oracle_v1,17,17,120,Time Limit,-1642.0336649126277,2341072.117460984,119347311.2876945,810.3638449806222,1291.6091847229898,1.5938632908207737,59,1.2721613529373095,30.5,0.4034065003278307,83,-30.348278764340755,0.0,3,2,66.66666666666666,11.5,11.5,-28.625665600801042,33,23,9,2,31
oracle_v1,Oracle v1,oracle_v1,18,18,120,Time Limit,-944.625857739463,3583800.0298293782,224543350.7331222,217.92324240704176,228.3906570594914,1.0480325757676565,90,2.7611349364520064,12.5,0.5817563139157463,20,-23.61889109965109,0.0,3,3,100.0,2.6666666666666665,1.0,-24.13321064618405,35,23,11,2,33
oracle_v1,Oracle v1,oracle_v1,19,19,120,Time Limit,-1330.3249602585836,4727856.874894767,127660015.46429294,231.98206705597772,660.1477804200985,2.8456845341446306,108,0.7610403163387518,27.0,0.4444402269460695,96,-37.33511903622458,0.0,3,3,100.0,1.0,1.0,-43.02389671144339,38,23,14,2,36
oracle_v1,Oracle v1,oracle_v1,20,20,120,Time Limit,-1655.9234511385064,910585.8938187804,92490851.9609967,527.000470541081,1003.0488789002287,1.9033168563784775,54,0.8374351579886019,33.0,0.3483139231399435,60,-33.66832660678584,0.0,3,2,66.66666666666666,7.0,7.0,-28.210920606131474,38,23,14,4,34
oracle_v1,Oracle v1,oracle_v1,21,21,120,Time Limit,-1615.7854876521453,408807.50484382827,68647269.20858698,120.17098000516157,249.55867557904105,2.0766966830787434,62,1.2423822757097605,20.0,0.3329429565547161,70,-47.52731177181161,0.0,3,2,66.66666666666666,1.0,1.0,-30.51134469677892,39,23,15,3,36
oracle_v1,Oracle v1,oracle_v1,22,22,120,Time Limit,-1324.9818633618959,6153884.270145137,185308809.54320848,360.8605438247132,593.6290937610025,1.645037408271922,91,0.4567872688165678,24.5,0.4608701873154162,83,-27.60855878832824,0.0,3,3,100.0,20.666666666666668,1.0,-29.966130308902784,39,23,15,2,37
oracle_v1,Oracle v1,oracle_v1,23,23,120,Time Limit,-1596.399689033254,1373592.1845146425,86884340.20784011,1775.535989971591,1690.609567482786,0.9521685716490804,65,1.2674115270222557,34.5,0.3670150287923687,80,-36.785508676295564,0.0,3,0,0.0,,,-31.766569407438244,35,23,11,3,32
oracle_v1,Oracle v1,oracle_v1,24,24,120,Time Limit,-1369.5204211900214,1760714.3593021473,116692645.36856629,155.9430885392117,220.58566275083322,1.414526702126765,66,0.8577762752764508,25.5,0.40906085964476663,59,-32.82498984602144,0.0,3,3,100.0,2.6666666666666665,3.0,-33.16287014181328,42,23,18,5,37
oracle_v1,Oracle v1,oracle_v1,25,25,120,Time Limit,-1256.4013891798788,7546855.845166083,200625988.74628744,486.7495889415964,784.4461468327694,1.6116010463172525,101,1.1297404023500073,32.0,0.4697756565575609,88,-28.840494124002255,0.0,3,3,100.0,10.333333333333334,6.0,-31.52490316568128,45,23,21,4,41
oracle_v1,Oracle v1,oracle_v1,26,26,120,Time Limit,-1688.3751491444111,326258.1875204276,28873401.736213062,506.7601202702316,625.0498616213351,1.233423540289684,67,0.697636653750688,39.0,0.3272681221019879,90,-67.06353897478363,0.8333333333333334,3,2,66.66666666666666,3.0,3.0,-46.12369354116774,40,23,16,8,32
oracle_v1,Oracle v1,oracle_v1,27,27,120,Time Limit,-1465.657845168828,873820.9582178957,35657232.99639889,147.6682458748445,287.4756570909806,1.9467669260094629,82,1.5943640386863236,27.0,0.3304333839310994,87,-56.069730116259294,0.0,3,2,66.66666666666666,2.5,2.5,-48.17367822112929,39,23,15,5,34
oracle_v1,Oracle v1,oracle_v1,28,28,120,Time Limit,-1376.3480643657156,5842086.844108943,171614760.932006,1006.6647422148383,1771.2549398284884,1.7595281383665213,81,1.0479884761878644,20.5,0.4582820817343549,80,-29.281399924280194,0.0,3,3,100.0,2.3333333333333335,1.0,-33.69816135210013,34,23,10,5,29
oracle_v1,Oracle v1,oracle_v1,29,29,120,Time Limit,-1657.211905363253,2009560.6300497756,121614860.05190535,1092.6917762808127,1412.9425410805845,1.2930842637891968,60,0.8073999283754971,33.5,0.3996047164738597,85,-30.336405523431896,0.0,3,2,66.66666666666666,1.5,1.5,-29.98524656554764,37,23,13,2,35
oracle_v1,Oracle v1,oracle_v1,30,30,120,Time Limit,-1572.6895689799483,892744.0961044469,36887137.09495524,29.297889261171733,68.35089130174242,2.3329629889866275,80,0.5815323057335864,29.5,0.3343266169728475,107,-57.40318408019222,0.0,3,1,33.33333333333333,1.0,1.0,-54.55390802999014,45,23,21,2,43
oracle_v1,Oracle v1,oracle_v1,31,31,120,Time Limit,-1328.8527399342656,5438529.682231916,164480269.46820876,494.95602323160165,998.5711597379095,2.017494712395195,86,1.86205256914445,15.5,0.4554330461882186,70,-29.614538999654858,0.0,3,3,100.0,13.666666666666666,9.0,-31.781614964735265,33,23,9,2,31
oracle_v1,Oracle v1,oracle_v1,32,32,120,Time Limit,-1667.997347158777,252325.72625164632,8264225.270418914,444.6533890303184,590.4587630268311,1.327907933670491,64,0.8607362820771438,45.5,0.32016786508190365,78,-93.1533530644994,0.0,3,2,66.66666666666666,5.0,5.0,-56.0652943895655,45,23,21,7,38
oracle_v1,Oracle v1,oracle_v1,33,33,120,Time Limit,-1587.4251113502085,585801.3841520902,35647230.75864794,25.991550214690744,134.90897126392198,5.190493454587013,77,1.1751295759949456,25.0,0.3221199980181222,92,-59.99598789845317,0.0,3,3,100.0,7.0,7.0,-44.23468859594165,39,23,15,8,31
oracle_v1,Oracle v1,oracle_v1,34,34,120,Time Limit,-1348.633931845285,5515543.877103525,173559801.52198005,612.1782165203699,1305.0262125688268,2.1317749919077738,85,0.875641270424999,23.5,0.4543700404128497,79,-28.32626857276329,0.0,3,3,100.0,2.6666666666666665,1.0,-29.79802131808761,36,23,12,5,31
oracle_v1,Oracle v1,oracle_v1,35,35,120,Time Limit,-1642.042318859419,317801.50845140713,19554832.98447225,84.38889442947774,401.3441440896127,4.755888162808065,76,0.6537287545935437,43.5,0.32888405424632844,93,-77.07527490957803,0.0,3,2,66.66666666666666,3.0,3.0,-51.81799992737594,42,23,18,3,39
oracle_v1,Oracle v1,oracle_v1,36,36,120,Time Limit,-1128.494034943231,5779141.893339061,229889706.95948708,694.5655481256895,267.3886501228148,0.38497252108799934,75,0.8231743817098863,23.0,0.483591771799754,40,-23.067998717940345,0.0,3,3,100.0,1.0,1.0,-23.598352083961295,39,23,15,2,37
oracle_v1,Oracle v1,oracle_v1,37,37,120,Time Limit,-1460.9546499869655,3447425.6935684546,86772223.2495775,104.03843079204347,708.8841429298437,6.813675845868842,100,0.914938958481565,25.0,0.42014362106975356,109,-44.0870210922591,0.0,3,3,100.0,7.0,7.0,-45.95415123953476,37,23,13,3,34
oracle_v1,Oracle v1,oracle_v1,38,38,120,Time Limit,-1490.0985251199766,1920035.2638089417,82684039.89378464,324.40302761636485,696.4006866689737,2.146714510607246,72,1.5311363444572166,34.5,0.38685843297210887,78,-39.259870261487386,0.0,3,2,66.66666666666666,22.0,22.0,-39.18751524991475,37,23,13,5,32
oracle_v1,Oracle v1,oracle_v1,39,39,120,Time Limit,-1807.807145861528,25797.702732285226,2748204.32876958,120.08698050588761,202.8202922493492,1.6889448914023226,56,0.9702126016660926,27.5,0.3122756216174745,85,-382.37274648547174,0.0,3,1,33.33333333333333,4.0,4.0,-52.355224169719385,53,23,29,6,47
oracle_v1,Oracle v1,oracle_v1,40,40,120,Time Limit,-1560.4234483991345,3390092.693097977,143668737.92936367,3004.110195835558,1513.92786015857,0.5039521726790347,76,0.840201805183445,27.5,0.4366627304410365,96,-30.78948177614456,0.0,3,3,100.0,5.0,7.0,-33.04441661736377,41,23,17,5,36
oracle_v1,Oracle v1,oracle_v1,41,41,120,Time Limit,-1622.4520388838075,1427928.187385728,90873302.75096585,1247.1952230164002,2299.776493666239,1.8439587092902117,61,1.2477045962302062,33.0,0.370106099926161,65,-35.00123240863205,0.0,3,2,66.66666666666666,1.0,1.0,-30.64666409659416,36,23,12,6,30
oracle_v1,Oracle v1,oracle_v1,42,42,120,Time Limit,-1692.882547212336,610316.7493649505,83746988.21517846,298.2739313327503,501.63109573520904,1.681779877623956,58,1.2691042381897464,21.5,0.33456466798439105,92,-40.50226903218219,0.0,3,3,100.0,6.666666666666667,2.0,-31.647773563201277,40,23,16,5,35
oracle_v1,Oracle v1,oracle_v1,43,43,120,Time Limit,-1412.4464542159433,3014245.1136178155,116152675.33061239,328.04204436848346,676.5309261359045,2.0623299291964234,79,0.8710199339320741,30.5,0.4280520943581321,72,-35.8324098676297,0.0,3,3,100.0,2.0,2.0,-36.24811725489758,46,23,22,3,43
oracle_v1,Oracle v1,oracle_v1,44,44,120,Time Limit,-1773.737912222698,265089.63425535284,47277534.30600048,796.13857040158,424.45603975077177,0.5331434194133718,62,1.0995691423159972,39.0,0.32661136591302925,88,-60.88376614652796,0.0,3,1,33.33333333333333,4.0,4.0,-34.639524731050884,45,23,21,1,44
oracle_v1,Oracle v1,oracle_v1,45,45,120,Time Limit,-1431.2129723286848,393935.33421608596,99770090.4086718,131.23433180247997,164.69341680057838,1.2549567978024034,65,0.8949592497310751,22.5,0.36178697067016635,43,-41.585946640734996,0.0,3,2,66.66666666666666,9.0,9.0,-25.984871558023883,38,23,14,4,34
oracle_v1,Oracle v1,oracle_v1,46,46,120,Time Limit,-1323.8335931755917,6177141.456975144,158991803.15922126,326.84989363660407,1110.2244559151645,3.3967410653329644,100,0.7358808442541658,32.5,0.45784477129358403,96,-33.30037147647976,0.0,3,3,100.0,1.0,1.0,-38.76495386661934,41,23,17,4,37
oracle_v1,Oracle v1,oracle_v1,47,47,120,Time Limit,-1508.859909349393,249359.7347374468,21753857.063015908,227.51197951534644,467.88519208377846,2.0565299158333685,73,0.992629752524676,33.0,0.32633302749696824,68,-82.78129524317795,0.0,3,2,66.66666666666666,1.5,1.5,-42.364825092187836,36,23,12,4,32
oracle_v1,Oracle v1,oracle_v1,48,48,120,Time Limit,-1219.419912266698,5692019.352620415,180997050.69960496,443.01251800825906,740.8975832459403,1.6724077833668072,82,2.1407421227520036,17.5,0.4587845668879848,78,-28.212441427940753,0.0,3,3,100.0,7.333333333333333,6.0,-30.10159816908771,35,23,11,5,30
oracle_v1,Oracle v1,oracle_v1,49,49,120,Time Limit,-1386.063218084044,4190141.5762840295,131496356.75406966,776.6214870116448,865.8954812387441,1.114951743829051,79,1.128471412193194,22.0,0.4384957556573723,72,-32.5230026874923,0.0,3,3,100.0,7.666666666666667,6.0,-34.01378935167184,34,23,10,3,31
oracle_v3,Oracle v3,oracle_v3,0,0,120,Time Limit,-1548.630701324632,16852.409670841043,47673629.38761034,133.28382003475053,151.28110171654194,1.1350297558780882,62,0.7545852694965045,18.5,0.3339921785454509,49,-263.25129167656775,0.0,3,1,33.33333333333333,3.0,3.0,-31.24819293025338,48,23,24,4,44
oracle_v3,Oracle v3,oracle_v3,1,1,120,Time Limit,-1506.4656354212468,1205930.6882076173,72773404.55517884,597.8842665882717,1184.7935645196148,1.9816436570248699,71,1.2136125553903807,24.5,0.3577889233810815,74,-41.36306894107291,0.0,3,2,66.66666666666666,4.5,4.5,-33.2335126247078,39,23,15,3,36
oracle_v3,Oracle v3,oracle_v3,2,2,120,Time Limit,-1622.248416372173,1867913.511614837,90562476.04155481,383.57197161431776,989.3100072174908,2.5792030712093936,67,1.767365396068711,34.0,0.3863962431689736,93,-35.67535101598329,0.0,3,3,100.0,6.666666666666667,7.0,-33.97396698797192,35,23,11,1,34
oracle_v3,Oracle v3,oracle_v3,3,3,120,Time Limit,-1760.3943722326394,287370.09036183887,45040661.21175772,129.71589608096184,367.0864819390742,2.8299267324180386,65,0.5561222371462791,29.5,0.3138501402273538,102,-59.058233372711506,0.0,3,2,66.66666666666666,1.5,1.5,-40.96633002079479,49,23,25,6,43
oracle_v3,Oracle v3,oracle_v3,4,4,120,Time Limit,-1164.1852130333782,9572682.650762625,261280055.04387185,519.3837012064148,594.4188990533022,1.1444696814177977,90,1.0229757167841267,24.5,0.48212874477089507,72,-23.31244451959711,0.0,3,3,100.0,21.333333333333332,3.0,-26.326117491557127,39,23,15,3,36
oracle_v3,Oracle v3,oracle_v3,5,5,120,Time Limit,-1621.8355565508987,633423.7190511845,59006140.858896375,191.7229192981879,392.5665379164565,2.0475722952345374,68,0.848352504862432,38.0,0.32435354749989204,91,-46.20665775669415,0.0,3,2,66.66666666666666,2.0,2.0,-37.983314124189754,39,23,15,4,35
oracle_v3,Oracle v3,oracle_v3,6,6,120,Time Limit,-1757.7780696795585,35241.59733926298,41302357.4775917,49.442764392118264,105.9416876558496,2.142713680320389,59,1.1097674951210392,23.0,0.3129201007617127,79,-158.9743824592012,0.0,3,2,66.66666666666666,2.0,2.0,-32.97455348572416,48,23,24,4,44
oracle_v3,Oracle v3,oracle_v3,7,7,120,Time Limit,-1446.9165146285166,2857601.265983606,84644399.40018427,899.0205585635058,800.6209294177539,0.8905479655515564,94,1.1294695404185615,21.0,0.41157982143176897,96,-43.417679394861395,0.0,3,3,100.0,2.0,2.0,-44.70531402586042,36,23,12,2,34
oracle_v3,Oracle v3,oracle_v3,8,8,120,Time Limit,-1560.6412283730597,262723.92295321845,26843894.706411533,72.35945613984788,320.6212344710664,4.430951413612164,79,0.8015706223358455,38.0,0.3113203140499654,67,-73.73275379078044,0.0,3,2,66.66666666666666,1.5,1.5,-44.31656488527332,43,23,19,5,38
oracle_v3,Oracle v3,oracle_v3,9,9,120,Time Limit,-1593.7318115660064,363122.26924332714,27338064.739583693,79.72862298228262,82.82824572054086,1.038877163837974,79,0.4747429450578612,30.5,0.3121542150619107,99,-68.32262955600885,0.0,3,2,66.66666666666666,1.0,1.0,-49.33512786000252,40,23,16,4,36
oracle_v3,Oracle v3,oracle_v3,10,10,120,Time Limit,-1504.9690270743838,2477682.4690741017,89417793.81984156,423.2054048915021,897.12570440841,2.119835177054054,80,0.5252789947049405,25.5,0.4078078491464793,89,-40.50041594172444,0.0,3,3,100.0,3.6666666666666665,3.0,-42.58806453896348,40,23,16,4,36
oracle_v3,Oracle v3,oracle_v3,11,11,120,Time Limit,-1532.0863914970378,293451.3628882439,6618973.440158106,27.648858635822094,115.62451234478144,4.181890973068137,60,1.0718186604036979,40.5,0.3142983280906197,82,-87.96075162494677,0.0,3,2,66.66666666666666,4.0,4.0,-64.53013210375005,39,23,15,2,37
oracle_v3,Oracle v3,oracle_v3,12,12,120,Time Limit,-1298.2873568347854,1706757.8516668698,197984944.2714765,134.55287407466304,164.16032837748497,1.220043269283069,72,0.8370862531538332,17.5,0.4406986328109598,38,-24.790968875331252,0.0,3,3,100.0,1.0,1.0,-23.770871914788827,40,23,16,2,38
oracle_v3,Oracle v3,oracle_v3,13,13,120,Time Limit,-1515.2889779052316,3037709.8967513153,111033195.90833446,376.93607812266,619.3743774665526,1.6431814660760597,83,1.2948641784715105,20.0,0.4213026439445347,94,-35.28000575689312,0.0,3,3,100.0,4.333333333333333,1.0,-37.50128905389057,31,23,7,1,30
oracle_v3,Oracle v3,oracle_v3,14,14,120,Time Limit,-1676.8459203448772,874898.405165654,71662960.03815062,594.487574712971,649.9986224171074,1.0933762959317328,63,0.9258628301408492,37.5,0.3348853285521157,84,-41.01571798506021,0.0,3,2,66.66666666666666,3.0,3.0,-33.333268102993685,35,23,11,2,33
oracle_v3,Oracle v3,oracle_v3,15,15,120,Time Limit,-1321.0223184671843,3006230.138034032,132595487.78660224,120.68713423133751,255.47072812010254,2.1168016768913156,68,0.6834004654703412,20.5,0.42951899235233515,56,-33.57085446783734,0.0,3,2,66.66666666666666,1.5,1.5,-30.611379252195075,36,23,12,3,33
oracle_v3,Oracle v3,oracle_v3,16,16,120,Time Limit,-1262.8567192307655,8946883.729976915,249265606.81989065,610.6786777344155,617.8717862946231,1.0117788762281559,85,0.8825264085547955,25.0,0.4802500127997563,72,-25.093598754984477,0.0,3,3,100.0,2.6666666666666665,2.0,-26.231887304818,38,23,14,2,36
oracle_v3,Oracle v3,oracle_v3,17,17,120,Time Limit,-1640.9141690848649,2361551.4974676115,120323925.5274755,815.6543720871919,1294.0957819990304,1.5865737085274816,59,1.2721613529373095,30.5,0.4040892054106653,83,-30.248184107983413,0.0,3,2,66.66666666666666,11.5,11.5,-28.584154709907224,33,23,9,2,31
oracle_v3,Oracle v3,oracle_v3,18,18,120,Time Limit,-950.2779803275216,3798741.507065318,233353092.9586114,240.0783382502459,239.96650129767525,0.9995341647506154,89,2.7611349364520064,12.5,0.5836342315292161,20,-23.209267962210433,0.0,3,3,100.0,2.6666666666666665,1.0,-23.97032972440978,35,23,11,2,33
oracle_v3,Oracle v3,oracle_v3,19,19,120,Time Limit,-1328.115873122957,4923143.190054596,134738981.20719463,250.770460602841,696.072415981477,2.775735285201255,107,0.7610403163387518,27.0,0.4472053042217723,96,-36.423616554346054,0.0,3,3,100.0,3.3333333333333335,1.0,-42.48989461062644,38,23,14,1,37
oracle_v3,Oracle v3,oracle_v3,20,20,120,Time Limit,-1664.7691220473832,919959.5111360792,93523551.05795062,529.0779475269377,1004.1889548449963,1.8979981296496364,54,0.8374351579886019,33.0,0.3482759813808445,60,-33.47498379431563,0.0,3,2,66.66666666666666,7.0,7.0,-28.08731153721416,38,23,14,5,33
oracle_v3,Oracle v3,oracle_v3,21,21,120,Time Limit,-1616.1430159419554,392903.95038463414,68504512.8096972,118.55559741649527,247.77527484125406,2.0899500339136226,62,1.2423822757097605,20.0,0.3192414711855918,70,-47.702108887778955,0.0,3,2,66.66666666666666,1.0,1.0,-30.471920346335132,39,23,15,4,35
oracle_v3,Oracle v3,oracle_v3,22,22,120,Time Limit,-1324.2929073935563,6168819.192795413,185956926.5403257,361.5556872537597,593.4600317186605,1.6414069883020195,91,0.4567872688165678,24.5,0.4610215638068032,83,-27.551068426784436,0.0,3,3,100.0,24.0,11.0,-29.870948131382022,39,23,15,3,36
oracle_v3,Oracle v3,oracle_v3,23,23,120,Time Limit,-1595.8177999395514,1382949.0739439079,87398445.10497138,1784.5933696494706,1693.3206373409807,0.9488551656300183,65,1.2674115270222557,34.5,0.36759693437506075,80,-36.67153534664101,0.0,3,0,0.0,,,-31.693420558008768,35,23,11,3,32
oracle_v3,Oracle v3,oracle_v3,24,24,120,Time Limit,-1369.1601362071033,1764521.1773696684,117025195.4554421,156.1333010398679,220.61410703966172,1.4129856063398607,66,0.8577762752764508,25.5,0.4092327225018489,59,-32.78272149047012,0.0,3,3,100.0,2.6666666666666665,3.0,-33.11587335283747,42,23,18,5,37
oracle_v3,Oracle v3,oracle_v3,25,25,120,Time Limit,-1255.8904541984657,7561656.681160808,201074617.8322295,487.50502663198756,784.6191569613081,1.6094585985748386,101,1.1297404023500073,32.0,0.4698840414599664,88,-28.825523763362494,0.0,3,3,100.0,10.333333333333334,6.0,-31.543091177053682,45,23,21,3,42
oracle_v3,Oracle v3,oracle_v3,26,26,120,Time Limit,-1672.1641466758874,317508.1802338219,30128376.77855429,408.18153762443114,591.8428646961866,1.4499501083283748,68,0.697636653750688,39.0,0.31104078300115084,90,-66.31508923047585,0.8333333333333334,3,3,100.0,2.3333333333333335,1.0,-45.46529937115234,40,23,16,6,34
oracle_v3,Oracle v3,oracle_v3,27,27,120,Time Limit,-1456.8138446935432,850454.2271572228,33789594.385633186,131.9570980050519,260.1788998461934,1.9716931016187746,84,1.5943640386863236,27.0,0.32983354033500384,87,-57.470263998316824,0.0,3,3,100.0,2.0,1.0,-47.739474789705824,39,23,15,4,35
oracle_v3,Oracle v3,oracle_v3,28,28,120,Time Limit,-1376.1079404622583,6143770.107068361,181789941.925355,1156.8222271531756,1960.688139557489,1.6948914824903973,79,1.0479884761878644,20.5,0.46131958377093574,80,-28.417668705637848,0.0,3,3,100.0,3.3333333333333335,4.0,-33.08821336074753,34,23,10,4,30
oracle_v3,Oracle v3,oracle_v3,29,29,120,Time Limit,-1657.0488281115681,2011763.473483003,121781566.45306234,1093.5229833800136,1413.144161864743,1.2922857437315123,60,0.8073999283754971,33.5,0.3996952032457568,85,-30.30205826523029,0.0,3,2,66.66666666666666,1.5,1.5,-29.91139880323139,37,23,13,2,35
oracle_v3,Oracle v3,oracle_v3,30,30,120,Time Limit,-1568.7245216997514,872926.1741921005,35611281.71338578,27.530647338354044,65.02693849075156,2.3619836356030737,81,0.5815323057335864,29.5,0.33294050042519335,107,-58.162933693996486,0.0,3,1,33.33333333333333,1.0,1.0,-54.53912685805516,45,23,21,4,41
oracle_v3,Oracle v3,oracle_v3,31,31,120,Time Limit,-1325.192843169727,5528082.409547349,167796358.00664267,501.0470624803572,999.8872544744277,1.9955954826371758,86,1.86205256914445,15.5,0.45645493959325734,70,-29.361040149239248,0.0,3,3,100.0,13.666666666666666,9.0,-31.562391341938255,33,23,9,4,29
oracle_v3,Oracle v3,oracle_v3,32,32,120,Time Limit,-1667.2192518157865,250732.7079963939,9276541.330162201,301.477165609224,591.3206999365187,1.9614112357119315,65,0.8607362820771438,45.5,0.3177451518228084,78,-91.13467557044142,0.0,3,1,33.33333333333333,1.0,1.0,-54.94792910174835,45,23,21,7,38
oracle_v3,Oracle v3,oracle_v3,33,33,120,Time Limit,-1582.4186219033695,562344.8408144265,35662535.70644277,24.247707324307783,128.13606477067827,5.284461044373657,78,1.1751295759949456,25.0,0.3203791413107272,92,-60.384079892698665,0.0,3,3,100.0,7.0,7.0,-44.215631586920864,39,23,15,8,31
oracle_v3,Oracle v3,oracle_v3,34,34,120,Time Limit,-1347.299056725883,5545368.502384701,174784048.51371762,614.6833473861913,1305.0877596185978,2.1231871095389243,85,0.875641270424999,23.5,0.45471633566471986,79,-28.233649663188757,0.0,3,3,100.0,2.6666666666666665,1.0,-29.683181497630738,36,23,12,3,33
oracle_v3,Oracle v3,oracle_v3,35,35,120,Time Limit,-1631.5585677404636,307444.9864101422,20283322.00131489,82.6999549767239,398.98918464609244,4.824539321192967,76,0.6537287545935437,43.5,0.31076174175333277,93,-76.36317026877019,0.0,3,2,66.66666666666666,1.0,1.0,-51.98714660403586,42,23,18,3,39
oracle_v3,Oracle v3,oracle_v3,36,36,120,Time Limit,-1126.2335505358071,5843613.021725605,231934517.95827422,700.7252175143301,267.48205274131357,0.38172174492327793,75,0.8231743817098863,23.0,0.48416220207167276,40,-23.008372394582526,0.0,3,3,100.0,1.3333333333333333,1.0,-23.595625489167347,39,23,15,2,37
oracle_v3,Oracle v3,oracle_v3,37,37,120,Time Limit,-1448.9079667344076,3200003.767896367,78022463.00022727,80.82582979435878,578.8072081134984,7.161166295305961,104,0.914938958481565,25.0,0.41470266524754695,109,-46.466105494582024,0.0,3,3,100.0,10.333333333333334,7.0,-48.27910259142746,37,23,13,5,32
oracle_v3,Oracle v3,oracle_v3,38,38,120,Time Limit,-1490.3245134983213,1915962.5625368631,82504056.39668891,323.97080147798243,696.3191760663847,2.149326954434527,72,1.5311363444572166,34.5,0.38666579753637065,78,-39.28583026313128,0.0,3,2,66.66666666666666,22.0,22.0,-39.14912617292134,37,23,13,5,32
oracle_v3,Oracle v3,oracle_v3,39,39,120,Time Limit,-1797.987013217494,24707.985847273987,1438056.6245265263,108.92243129785722,183.38903852613848,1.6836664068271328,58,0.9702126016660926,27.5,0.3126120533951442,85,-412.2947074849397,0.0,3,1,33.33333333333333,4.0,4.0,-53.397268564573466,55,23,31,8,47
oracle_v3,Oracle v3,oracle_v3,40,40,120,Time Limit,-1559.818469731371,3401770.3459877,144197234.69575456,3011.9807621183418,1514.5839487651042,0.5028531283512878,76,0.840201805183445,27.5,0.4369016672380273,96,-30.745406037298803,0.0,3,3,100.0,5.0,7.0,-33.02621338899381,41,23,17,5,36
oracle_v3,Oracle v3,oracle_v3,41,41,120,Time Limit,-1609.8716197259528,1394581.812929906,88180695.10028233,1176.7660891540515,2184.7082891767614,1.8565357289886684,62,1.2477045962302062,33.0,0.36796177852200473,65,-35.73725172054508,0.0,3,2,66.66666666666666,1.0,1.0,-30.992721736659917,36,23,12,6,30
oracle_v3,Oracle v3,oracle_v3,42,42,120,Time Limit,-1692.184110115763,610423.3157516422,84419401.98664048,298.3152896355981,501.2486422130208,1.680264671734769,58,1.2691042381897464,21.5,0.33236022885849603,92,-40.348186135602674,0.0,3,3,100.0,6.666666666666667,2.0,-31.488794100978094,40,23,16,6,34
oracle_v3,Oracle v3,oracle_v3,43,43,120,Time Limit,-1406.6567963227528,2916605.2229581107,111158496.32588056,289.51268759389484,611.8970615567927,2.11354143627416,81,0.8710199339320741,30.5,0.42558680284691636,72,-36.82682866345424,0.0,3,3,100.0,4.0,2.0,-36.735896705655996,46,23,22,4,42
oracle_v3,Oracle v3,oracle_v3,44,44,120,Time Limit,-1769.2357766895545,240076.08156677434,47098140.328591205,747.4394935841442,399.7355151191602,0.534806520862761,63,1.0995691423159972,39.0,0.31205346359846226,88,-61.96212819839045,0.0,3,1,33.33333333333333,4.0,4.0,-34.542617691301245,45,23,21,1,44
oracle_v3,Oracle v3,oracle_v3,45,45,120,Time Limit,-1430.190740201385,388096.6809448309,100874670.75666533,130.05730396337586,163.88510082887842,1.2600991704012907,65,0.8949592497310751,22.5,0.3531944114209885,43,-41.351896592053684,0.0,3,3,100.0,6.333333333333333,1.0,-25.87965937808744,38,23,14,4,34
oracle_v3,Oracle v3,oracle_v3,46,46,120,Time Limit,-1324.4883256970202,6159608.246253394,158377008.2214393,326.08786245087936,1110.4290239867357,3.405306212996525,100,0.7358808442541658,32.5,0.45766369665722506,96,-33.37761338009903,0.0,3,3,100.0,12.333333333333334,1.0,-38.897619068899786,41,23,17,5,36
oracle_v3,Oracle v3,oracle_v3,47,47,120,Time Limit,-1495.3301608591573,206693.0336840548,20161056.759103622,165.30675733160572,398.3921592815674,2.4100173865390864,76,0.992629752524676,33.0,0.3114130848574964,68,-88.38418988008036,0.0,3,2,66.66666666666666,1.5,1.5,-42.471691649140396,36,23,12,3,33
oracle_v3,Oracle v3,oracle_v3,48,48,120,Time Limit,-1215.8639291625157,5778612.618845713,184199120.7342897,448.55696481259105,742.3938701475919,1.6550715480647304,82,2.1407421227520036,17.5,0.45969816548688797,78,-28.017113847813942,0.0,3,3,100.0,7.333333333333333,6.0,-29.94430078301177,35,23,11,6,29
oracle_v3,Oracle v3,oracle_v3,49,49,120,Time Limit,-1385.8385799183752,4196537.935827199,131686893.7659029,777.5609559700737,866.4202942950669,1.114279578524019,79,1.128471412193194,22.0,0.43860525551987023,72,-32.50806563100399,0.0,3,3,100.0,7.666666666666667,6.0,-33.98048044605504,34,23,10,3,31
oracle_v4,Oracle v4,oracle_v4,0,0,120,Time Limit,-1548.630701324632,16852.409670841043,47673629.38761034,133.28382003475053,151.28110171654194,1.1350297558780882,62,0.7545852694965045,18.5,0.3339921785454509,49,-263.25129167656775,0.0,3,1,33.33333333333333,3.0,3.0,-31.24819293025338,48,23,24,4,44
oracle_v4,Oracle v4,oracle_v4,1,1,120,Time Limit,-1506.4656354212468,1205930.6882076173,72773404.55517884,597.8842665882717,1184.7935645196148,1.9816436570248699,71,1.2136125553903807,24.5,0.3577889233810815,74,-41.36306894107291,0.0,3,2,66.66666666666666,4.5,4.5,-33.2335126247078,39,23,15,3,36
oracle_v4,Oracle v4,oracle_v4,2,2,120,Time Limit,-1622.248416372173,1867913.511614837,90562476.04155481,383.57197161431776,989.3100072174908,2.5792030712093936,67,1.767365396068711,34.0,0.3863962431689736,93,-35.67535101598329,0.0,3,3,100.0,6.666666666666667,7.0,-33.97396698797192,35,23,11,1,34
oracle_v4,Oracle v4,oracle_v4,3,3,120,Time Limit,-1760.3943722326394,287370.09036183887,45040661.21175772,129.71589608096184,367.0864819390742,2.8299267324180386,65,0.5561222371462791,29.5,0.3138501402273538,102,-59.058233372711506,0.0,3,2,66.66666666666666,1.5,1.5,-40.96633002079479,49,23,25,6,43
oracle_v4,Oracle v4,oracle_v4,4,4,120,Time Limit,-1164.1852130333782,9572682.650762625,261280055.04387185,519.3837012064148,594.4188990533022,1.1444696814177977,90,1.0229757167841267,24.5,0.48212874477089507,72,-23.31244451959711,0.0,3,3,100.0,21.333333333333332,3.0,-26.326117491557127,39,23,15,3,36
oracle_v4,Oracle v4,oracle_v4,5,5,120,Time Limit,-1621.8355565508987,633423.7190511845,59006140.858896375,191.7229192981879,392.5665379164565,2.0475722952345374,68,0.848352504862432,38.0,0.32435354749989204,91,-46.20665775669415,0.0,3,2,66.66666666666666,2.0,2.0,-37.983314124189754,39,23,15,4,35
oracle_v4,Oracle v4,oracle_v4,6,6,120,Time Limit,-1757.7780696795585,35241.59733926298,41302357.4775917,49.442764392118264,105.9416876558496,2.142713680320389,59,1.1097674951210392,23.0,0.3129201007617127,79,-158.9743824592012,0.0,3,2,66.66666666666666,2.0,2.0,-32.97455348572416,48,23,24,4,44
oracle_v4,Oracle v4,oracle_v4,7,7,120,Time Limit,-1446.9165146285166,2857601.265983606,84644399.40018427,899.0205585635058,800.6209294177539,0.8905479655515564,94,1.1294695404185615,21.0,0.41157982143176897,96,-43.417679394861395,0.0,3,3,100.0,2.0,2.0,-44.70531402586042,36,23,12,2,34
oracle_v4,Oracle v4,oracle_v4,8,8,120,Time Limit,-1560.6412283730597,262723.92295321845,26843894.706411533,72.35945613984788,320.6212344710664,4.430951413612164,79,0.8015706223358455,38.0,0.3113203140499654,67,-73.73275379078044,0.0,3,2,66.66666666666666,1.5,1.5,-44.31656488527332,43,23,19,5,38
oracle_v4,Oracle v4,oracle_v4,9,9,120,Time Limit,-1593.7318115660064,363122.26924332714,27338064.739583693,79.72862298228262,82.82824572054086,1.038877163837974,79,0.4747429450578612,30.5,0.3121542150619107,99,-68.32262955600885,0.0,3,2,66.66666666666666,1.0,1.0,-49.33512786000252,40,23,16,4,36
oracle_v4,Oracle v4,oracle_v4,10,10,120,Time Limit,-1504.9690270743838,2477682.4690741017,89417793.81984156,423.2054048915021,897.12570440841,2.119835177054054,80,0.5252789947049405,25.5,0.4078078491464793,89,-40.50041594172444,0.0,3,3,100.0,3.6666666666666665,3.0,-42.58806453896348,40,23,16,4,36
oracle_v4,Oracle v4,oracle_v4,11,11,120,Time Limit,-1532.0863914970378,293451.3628882439,6618973.440158106,27.648858635822094,115.62451234478144,4.181890973068137,60,1.0718186604036979,40.5,0.3142983280906197,82,-87.96075162494677,0.0,3,2,66.66666666666666,4.0,4.0,-64.53013210375005,39,23,15,2,37
oracle_v4,Oracle v4,oracle_v4,12,12,120,Time Limit,-1298.2873568347854,1706757.8516668698,197984944.2714765,134.55287407466304,164.16032837748497,1.220043269283069,72,0.8370862531538332,17.5,0.4406986328109598,38,-24.790968875331252,0.0,3,3,100.0,1.0,1.0,-23.770871914788827,40,23,16,2,38
oracle_v4,Oracle v4,oracle_v4,13,13,120,Time Limit,-1515.2889779052316,3037709.8967513153,111033195.90833446,376.93607812266,619.3743774665526,1.6431814660760597,83,1.2948641784715105,20.0,0.4213026439445347,94,-35.28000575689312,0.0,3,3,100.0,4.333333333333333,1.0,-37.50128905389057,31,23,7,1,30
oracle_v4,Oracle v4,oracle_v4,14,14,120,Time Limit,-1676.8459203448772,874898.405165654,71662960.03815062,594.487574712971,649.9986224171074,1.0933762959317328,63,0.9258628301408492,37.5,0.3348853285521157,84,-41.01571798506021,0.0,3,2,66.66666666666666,3.0,3.0,-33.333268102993685,35,23,11,2,33
oracle_v4,Oracle v4,oracle_v4,15,15,120,Time Limit,-1321.0223184671843,3006230.138034032,132595487.78660224,120.68713423133751,255.47072812010254,2.1168016768913156,68,0.6834004654703412,20.5,0.42951899235233515,56,-33.57085446783734,0.0,3,2,66.66666666666666,1.5,1.5,-30.611379252195075,36,23,12,3,33
oracle_v4,Oracle v4,oracle_v4,16,16,120,Time Limit,-1262.8567192307655,8946883.729976915,249265606.81989065,610.6786777344155,617.8717862946231,1.0117788762281559,85,0.8825264085547955,25.0,0.4802500127997563,72,-25.093598754984477,0.0,3,3,100.0,2.6666666666666665,2.0,-26.231887304818,38,23,14,2,36
oracle_v4,Oracle v4,oracle_v4,17,17,120,Time Limit,-1640.9141690848649,2361551.4974676115,120323925.5274755,815.6543720871919,1294.0957819990304,1.5865737085274816,59,1.2721613529373095,30.5,0.4040892054106653,83,-30.248184107983413,0.0,3,2,66.66666666666666,11.5,11.5,-28.584154709907224,33,23,9,2,31
oracle_v4,Oracle v4,oracle_v4,18,18,120,Time Limit,-950.2779803275216,3798741.507065318,233353092.9586114,240.0783382502459,239.96650129767525,0.9995341647506154,89,2.7611349364520064,12.5,0.5836342315292161,20,-23.209267962210433,0.0,3,3,100.0,2.6666666666666665,1.0,-23.97032972440978,35,23,11,2,33
oracle_v4,Oracle v4,oracle_v4,19,19,120,Time Limit,-1328.115873122957,4923143.190054596,134738981.20719463,250.770460602841,696.072415981477,2.775735285201255,107,0.7610403163387518,27.0,0.4472053042217723,96,-36.423616554346054,0.0,3,3,100.0,3.3333333333333335,1.0,-42.48989461062644,38,23,14,1,37
oracle_v4,Oracle v4,oracle_v4,20,20,120,Time Limit,-1664.7691220473832,919959.5111360792,93523551.05795062,529.0779475269377,1004.1889548449963,1.8979981296496364,54,0.8374351579886019,33.0,0.3482759813808445,60,-33.47498379431563,0.0,3,2,66.66666666666666,7.0,7.0,-28.08731153721416,38,23,14,5,33
oracle_v4,Oracle v4,oracle_v4,21,21,120,Time Limit,-1616.1430159419554,392903.95038463414,68504512.8096972,118.55559741649527,247.77527484125406,2.0899500339136226,62,1.2423822757097605,20.0,0.3192414711855918,70,-47.702108887778955,0.0,3,2,66.66666666666666,1.0,1.0,-30.471920346335132,39,23,15,4,35
oracle_v4,Oracle v4,oracle_v4,22,22,120,Time Limit,-1324.2929073935563,6168819.192795413,185956926.5403257,361.5556872537597,593.4600317186605,1.6414069883020195,91,0.4567872688165678,24.5,0.4610215638068032,83,-27.551068426784436,0.0,3,3,100.0,24.0,11.0,-29.870948131382022,39,23,15,3,36
oracle_v4,Oracle v4,oracle_v4,23,23,120,Time Limit,-1595.8177999395514,1382949.0739439079,87398445.10497138,1784.5933696494706,1693.3206373409807,0.9488551656300183,65,1.2674115270222557,34.5,0.36759693437506075,80,-36.67153534664101,0.0,3,0,0.0,,,-31.693420558008768,35,23,11,3,32
oracle_v4,Oracle v4,oracle_v4,24,24,120,Time Limit,-1369.1601362071033,1764521.1773696684,117025195.4554421,156.1333010398679,220.61410703966172,1.4129856063398607,66,0.8577762752764508,25.5,0.4092327225018489,59,-32.78272149047012,0.0,3,3,100.0,2.6666666666666665,3.0,-33.11587335283747,42,23,18,5,37
oracle_v4,Oracle v4,oracle_v4,25,25,120,Time Limit,-1255.8904541984657,7561656.681160808,201074617.8322295,487.50502663198756,784.6191569613081,1.6094585985748386,101,1.1297404023500073,32.0,0.4698840414599664,88,-28.825523763362494,0.0,3,3,100.0,10.333333333333334,6.0,-31.543091177053682,45,23,21,3,42
oracle_v4,Oracle v4,oracle_v4,26,26,120,Time Limit,-1672.1641466758874,317508.1802338219,30128376.77855429,408.18153762443114,591.8428646961866,1.4499501083283748,68,0.697636653750688,39.0,0.31104078300115084,90,-66.31508923047585,0.8333333333333334,3,3,100.0,2.3333333333333335,1.0,-45.46529937115234,40,23,16,6,34
oracle_v4,Oracle v4,oracle_v4,27,27,120,Time Limit,-1456.8138446935432,850454.2271572228,33789594.385633186,131.9570980050519,260.1788998461934,1.9716931016187746,84,1.5943640386863236,27.0,0.32983354033500384,87,-57.470263998316824,0.0,3,3,100.0,2.0,1.0,-47.739474789705824,39,23,15,4,35
oracle_v4,Oracle v4,oracle_v4,28,28,120,Time Limit,-1376.1079404622583,6143770.107068361,181789941.925355,1156.8222271531756,1960.688139557489,1.6948914824903973,79,1.0479884761878644,20.5,0.46131958377093574,80,-28.417668705637848,0.0,3,3,100.0,3.3333333333333335,4.0,-33.08821336074753,34,23,10,4,30
oracle_v4,Oracle v4,oracle_v4,29,29,120,Time Limit,-1657.0488281115681,2011763.473483003,121781566.45306234,1093.5229833800136,1413.144161864743,1.2922857437315123,60,0.8073999283754971,33.5,0.3996952032457568,85,-30.30205826523029,0.0,3,2,66.66666666666666,1.5,1.5,-29.91139880323139,37,23,13,2,35
oracle_v4,Oracle v4,oracle_v4,30,30,120,Time Limit,-1568.7245216997514,872926.1741921005,35611281.71338578,27.530647338354044,65.02693849075156,2.3619836356030737,81,0.5815323057335864,29.5,0.33294050042519335,107,-58.162933693996486,0.0,3,1,33.33333333333333,1.0,1.0,-54.53912685805516,45,23,21,4,41
oracle_v4,Oracle v4,oracle_v4,31,31,120,Time Limit,-1325.192843169727,5528082.409547349,167796358.00664267,501.0470624803572,999.8872544744277,1.9955954826371758,86,1.86205256914445,15.5,0.45645493959325734,70,-29.361040149239248,0.0,3,3,100.0,13.666666666666666,9.0,-31.562391341938255,33,23,9,4,29
oracle_v4,Oracle v4,oracle_v4,32,32,120,Time Limit,-1667.2192518157865,250732.7079963939,9276541.330162201,301.477165609224,591.3206999365187,1.9614112357119315,65,0.8607362820771438,45.5,0.3177451518228084,78,-91.13467557044142,0.0,3,1,33.33333333333333,1.0,1.0,-54.94792910174835,45,23,21,7,38
oracle_v4,Oracle v4,oracle_v4,33,33,120,Time Limit,-1582.4186219033695,562344.8408144265,35662535.70644277,24.247707324307783,128.13606477067827,5.284461044373657,78,1.1751295759949456,25.0,0.3203791413107272,92,-60.384079892698665,0.0,3,3,100.0,7.0,7.0,-44.215631586920864,39,23,15,8,31
oracle_v4,Oracle v4,oracle_v4,34,34,120,Time Limit,-1347.299056725883,5545368.502384701,174784048.51371762,614.6833473861913,1305.0877596185978,2.1231871095389243,85,0.875641270424999,23.5,0.45471633566471986,79,-28.233649663188757,0.0,3,3,100.0,2.6666666666666665,1.0,-29.683181497630738,36,23,12,3,33
oracle_v4,Oracle v4,oracle_v4,35,35,120,Time Limit,-1631.5585677404636,307444.9864101422,20283322.00131489,82.6999549767239,398.98918464609244,4.824539321192967,76,0.6537287545935437,43.5,0.31076174175333277,93,-76.36317026877019,0.0,3,2,66.66666666666666,1.0,1.0,-51.98714660403586,42,23,18,3,39
oracle_v4,Oracle v4,oracle_v4,36,36,120,Time Limit,-1126.2921353663585,5842020.047928515,231889476.3199289,700.5731196440895,267.4797619684316,0.3818013487361872,75,0.8231743817098863,23.0,0.4841482227193142,40,-23.007539619289634,0.0,3,3,100.0,1.3333333333333333,1.0,-23.595625489167347,39,23,15,2,37
oracle_v4,Oracle v4,oracle_v4,37,37,120,Time Limit,-1448.9079667344076,3200003.767896367,78022463.00022727,80.82582979435878,578.8072081134984,7.161166295305961,104,0.914938958481565,25.0,0.41470266524754695,109,-46.466105494582024,0.0,3,3,100.0,10.333333333333334,7.0,-48.27910259142746,37,23,13,5,32
oracle_v4,Oracle v4,oracle_v4,38,38,120,Time Limit,-1490.3245134983213,1915962.5625368631,82504056.39668891,323.97080147798243,696.3191760663847,2.149326954434527,72,1.5311363444572166,34.5,0.38666579753637065,78,-39.28583026313128,0.0,3,2,66.66666666666666,22.0,22.0,-39.14912617292134,37,23,13,5,32
oracle_v4,Oracle v4,oracle_v4,39,39,120,Time Limit,-1797.9871773669279,24685.338500257174,1448396.2780522443,108.92243129785722,183.30736469200286,1.6829165719844612,58,0.9702126016660926,27.5,0.31160110223188026,85,-412.0375152149567,0.0,3,1,33.33333333333333,4.0,4.0,-53.397268564573466,55,23,31,8,47
oracle_v4,Oracle v4,oracle_v4,40,40,120,Time Limit,-1559.818469731371,3401770.3459877,144197234.69575456,3011.9807621183418,1514.5839487651042,0.5028531283512878,76,0.840201805183445,27.5,0.4369016672380273,96,-30.745406037298803,0.0,3,3,100.0,5.0,7.0,-33.02621338899381,41,23,17,5,36
oracle_v4,Oracle v4,oracle_v4,41,41,120,Time Limit,-1609.8716197259528,1394581.812929906,88180695.10028233,1176.7660891540515,2184.7082891767614,1.8565357289886684,62,1.2477045962302062,33.0,0.36796177852200473,65,-35.73725172054508,0.0,3,2,66.66666666666666,1.0,1.0,-30.992721736659917,36,23,12,6,30
oracle_v4,Oracle v4,oracle_v4,42,42,120,Time Limit,-1692.184110115763,610423.3157516422,84419401.98664048,298.3152896355981,501.2486422130208,1.680264671734769,58,1.2691042381897464,21.5,0.33236022885849603,92,-40.348186135602674,0.0,3,3,100.0,6.666666666666667,2.0,-31.488794100978094,40,23,16,6,34
oracle_v4,Oracle v4,oracle_v4,43,43,120,Time Limit,-1406.6567963227528,2916605.2229581107,111158496.32588056,289.51268759389484,611.8970615567927,2.11354143627416,81,0.8710199339320741,30.5,0.42558680284691636,72,-36.82682866345424,0.0,3,3,100.0,4.0,2.0,-36.735896705655996,46,23,22,4,42
oracle_v4,Oracle v4,oracle_v4,44,44,120,Time Limit,-1769.2357766895545,240076.08156677434,47098140.328591205,747.4394935841442,399.7355151191602,0.534806520862761,63,1.0995691423159972,39.0,0.31205346359846226,88,-61.96212819839045,0.0,3,1,33.33333333333333,4.0,4.0,-34.542617691301245,45,23,21,1,44
oracle_v4,Oracle v4,oracle_v4,45,45,120,Time Limit,-1430.190740201385,388096.6809448309,100874670.75666533,130.05730396337586,163.88510082887842,1.2600991704012907,65,0.8949592497310751,22.5,0.3531944114209885,43,-41.351896592053684,0.0,3,3,100.0,6.333333333333333,1.0,-25.87965937808744,38,23,14,4,34
oracle_v4,Oracle v4,oracle_v4,46,46,120,Time Limit,-1324.4883256970202,6159608.246253394,158377008.2214393,326.08786245087936,1110.4290239867357,3.405306212996525,100,0.7358808442541658,32.5,0.45766369665722506,96,-33.37761338009903,0.0,3,3,100.0,12.333333333333334,1.0,-38.897619068899786,41,23,17,5,36
oracle_v4,Oracle v4,oracle_v4,47,47,120,Time Limit,-1495.3301608591573,206693.0336840548,20161056.759103622,165.30675733160572,398.3921592815674,2.4100173865390864,76,0.992629752524676,33.0,0.3114130848574964,68,-88.38418988008036,0.0,3,2,66.66666666666666,1.5,1.5,-42.471691649140396,36,23,12,3,33
oracle_v4,Oracle v4,oracle_v4,48,48,120,Time Limit,-1215.8639291625157,5778612.618845713,184199120.7342897,448.55696481259105,742.3938701475919,1.6550715480647304,82,2.1407421227520036,17.5,0.45969816548688797,78,-28.017113847813942,0.0,3,3,100.0,7.333333333333333,6.0,-29.94430078301177,35,23,11,6,29
oracle_v4,Oracle v4,oracle_v4,49,49,120,Time Limit,-1385.8385799183752,4196537.935827199,131686893.7659029,777.5609559700737,866.4202942950669,1.114279578524019,79,1.128471412193194,22.0,0.43860525551987023,72,-32.50806563100399,0.0,3,3,100.0,7.666666666666667,6.0,-33.98048044605504,34,23,10,3,31
oracle_v4_causal,Oracle v4 Causal,oracle_v4_causal,0,0,120,Time Limit,-1549.2681992152875,16818.040841812497,47114131.19495,133.28382003475053,151.28110171654194,1.1350297558780882,62,0.7545852694965045,18.5,0.3339921785454509,49,-264.44663436479465,0.0,3,1,33.33333333333333,3.0,3.0,-31.300600158352786,48,23,24,2,46
oracle_v4_causal,Oracle v4 Causal,oracle_v4_causal,1,1,120,Time Limit,-1507.2407440763623,1198700.7776320537,72055879.72719434,595.4829431680271,1184.6680073983205,1.9894239137997332,71,1.2136125553903807,24.5,0.35720858303981984,74,-41.540400865653254,0.0,3,2,66.66666666666666,1.5,1.5,-33.39322212611839,39,23,15,3,36
oracle_v4_causal,Oracle v4 Causal,oracle_v4_causal,2,2,120,Time Limit,-1622.3589805693985,1866343.3942821636,90469274.96145599,383.3600538927143,989.1984971598049,2.5803379541381175,67,1.767365396068711,34.0,0.38632254371725167,93,-35.68711030313023,0.0,3,3,100.0,6.666666666666667,7.0,-33.97191433678736,35,23,11,1,34
oracle_v4_causal,Oracle v4 Causal,oracle_v4_causal,3,3,120,Time Limit,-1767.9057730880916,300233.4583279906,48314145.11583725,147.08717279399545,405.76266421572893,2.7586543170832734,63,0.5561222371462791,29.5,0.31461145362092907,102,-56.352078499223815,0.0,3,2,66.66666666666666,1.5,1.5,-39.81837943504391,49,23,25,7,42
oracle_v4_causal,Oracle v4 Causal,oracle_v4_causal,4,4,120,Time Limit,-1164.8586471614285,9553539.077508025,260669361.80425784,518.5465452500067,594.3294918562693,1.1461449262374805,90,1.0229757167841267,24.5,0.48203307944880747,72,-23.334389128831862,0.0,3,3,100.0,21.333333333333332,3.0,-26.344211928376833,39,23,15,3,36
oracle_v4_causal,Oracle v4 Causal,oracle_v4_causal,5,5,120,Time Limit,-1622.5984996702703,626217.8257532181,58354995.73887401,190.659990337628,391.95125097574635,2.05576036315571,68,0.848352504862432,38.0,0.3235967115636432,91,-46.43741673887143,0.0,3,2,66.66666666666666,2.0,2.0,-38.06420674030109,39,23,15,6,33
oracle_v4_causal,Oracle v4 Causal,oracle_v4_causal,6,6,120,Time Limit,-1757.8177338623007,35147.21081255013,41299227.010378495,49.442764392118264,105.86829986980527,2.141229382527848,59,1.1097674951210392,23.0,0.312893225446536,79,-159.34753619702158,0.0,3,2,66.66666666666666,2.0,2.0,-32.89720825006127,48,23,24,4,44
oracle_v4_causal,Oracle v4 Causal,oracle_v4_causal,7,7,120,Time Limit,-1449.0510702790725,2814802.7124674963,82746548.17077544,890.7065599359726,798.991671221611,0.8970313088061748,94,1.1294695404185615,21.0,0.41034834936629555,96,-43.780633255048706,0.0,3,3,100.0,1.6666666666666667,1.0,-45.01974174712923,36,23,12,1,35
oracle_v4_causal,Oracle v4 Causal,oracle_v4_causal,8,8,120,Time Limit,-1560.4676313368532,263071.4037078927,27007603.091551043,72.42260904988291,320.46795077795167,4.424971082679737,79,0.8015706223358455,38.0,0.311318729003847,67,-73.59209625050462,0.0,3,2,66.66666666666666,1.5,1.5,-44.24140800697752,43,23,19,5,38
oracle_v4_causal,Oracle v4 Causal,oracle_v4_causal,9,9,120,Time Limit,-1595.1328220975513,356156.8266500938,26120349.06692512,78.73652497305635,82.7743738463771,1.0512830465238656,79,0.4747429450578612,30.5,0.3121560854517737,99,-69.2844108747262,0.0,3,2,66.66666666666666,1.0,1.0,-49.612358893579845,40,23,16,4,36
oracle_v4_causal,Oracle v4 Causal,oracle_v4_causal,10,10,120,Time Limit,-1505.9691732059837,2464752.922154093,88484027.17576225,421.91086098850275,897.7216711088546,2.127751982979452,80,0.5252789947049405,25.5,0.4073316859833581,89,-40.70909850717893,0.0,3,3,100.0,1.0,1.0,-42.934573911196104,40,23,16,4,36
oracle_v4_causal,Oracle v4 Causal,oracle_v4_causal,11,11,120,Time Limit,-1554.3330380466123,307767.36084807507,7660363.7084913375,32.84677811925723,133.35100546246295,4.059789516594404,68,1.0718186604036979,40.5,0.3125450054643619,82,-87.15943079164185,0.0,3,2,66.66666666666666,1.0,1.0,-60.05322089496495,39,23,15,2,37
oracle_v4_causal,Oracle v4 Causal,oracle_v4_causal,12,12,120,Time Limit,-1307.7447666440721,1712708.5965651518,198482198.23994666,134.87990063619014,164.18040475848454,1.2172340280804794,72,0.8370862531538332,17.5,0.4409318311179377,38,-24.765271452483322,0.0,3,3,100.0,1.0,1.0,-23.770744302428806,40,23,16,2,38
oracle_v4_causal,Oracle v4 Causal,oracle_v4_causal,13,13,120,Time Limit,-1531.1736508208442,3130968.263986947,115516650.69761121,424.0128443224184,685.183731222993,1.6159504137614775,81,1.2948641784715105,20.0,0.42357122866437397,94,-34.44507808634022,0.0,3,3,100.0,5.0,3.0,-36.77242537739585,31,23,7,1,30
oracle_v4_causal,Oracle v4 Causal,oracle_v4_causal,14,14,120,Time Limit,-1677.0290269439083,874025.6017679835,71503506.77634887,593.8860251300271,650.0777334517154,1.0946169903718235,63,0.9258628301408492,37.5,0.33564362147834836,84,-41.054407105943106,0.0,3,2,66.66666666666666,3.0,3.0,-33.33129548220792,35,23,11,2,33
oracle_v4_causal,Oracle v4 Causal,oracle_v4_causal,15,15,120,Time Limit,-1321.0223184671843,3006230.138034032,132595487.78660224,120.68713423133751,255.47072812010254,2.1168016768913156,68,0.6834004654703412,20.5,0.42951899235233515,56,-33.57085446783734,0.0,3,2,66.66666666666666,1.5,1.5,-30.611379252195075,36,23,12,3,33
oracle_v4_causal,Oracle v4 Causal,oracle_v4_causal,16,16,120,Time Limit,-1265.9405722299048,8860171.094676359,246470052.37547013,605.6841031549005,617.4191921905029,1.0193749331945092,85,0.8825264085547955,25.0,0.47977473201247134,72,-25.195511039498488,0.0,3,3,100.0,1.3333333333333333,1.0,-26.30518854093956,38,23,14,3,35
oracle_v4_causal,Oracle v4 Causal,oracle_v4_causal,17,17,120,Time Limit,-1640.9335485353063,2361184.3048306815,120309290.28163868,815.5590944956695,1294.0713737776161,1.5867291316000247,59,1.2721613529373095,30.5,0.4040763619404095,83,-30.248708329028023,0.0,3,2,66.66666666666666,11.5,11.5,-28.579972426196612,33,23,9,2,31
oracle_v4_causal,Oracle v4 Causal,oracle_v4_causal,18,18,120,Time Limit,-950.2779803275216,3798741.507065318,233353092.9586114,240.0783382502459,239.96650129767525,0.9995341647506154,89,2.7611349364520064,12.5,0.5836342315292161,20,-23.209267962210433,0.0,3,3,100.0,2.6666666666666665,1.0,-23.97032972440978,35,23,11,2,33
oracle_v4_causal,Oracle v4 Causal,oracle_v4_causal,19,19,120,Time Limit,-1329.822238064777,4880134.040269749,133216741.3537355,249.18892780164688,695.287435828316,2.7902019642773266,107,0.7610403163387518,27.0,0.4466122385812326,96,-36.57909051434693,0.0,3,3,100.0,1.6666666666666667,1.0,-42.59549691823691,38,23,14,2,36
oracle_v4_causal,Oracle v4 Causal,oracle_v4_causal,20,20,120,Time Limit,-1665.2543727779355,915697.032033464,93125994.27639672,528.1898231899532,1003.563281564042,1.9000049556106837,54,0.8374351579886019,33.0,0.34788299336514167,60,-33.52402805836632,0.0,3,2,66.66666666666666,7.0,7.0,-28.048938306864144,38,23,14,4,34
oracle_v4_causal,Oracle v4 Causal,oracle_v4_causal,21,21,120,Time Limit,-1616.1463592818293,392886.9702941027,68501473.77735472,118.55375683526108,247.7748005243077,2.0899784801303976,62,1.2423822757097605,20.0,0.31924075627591386,70,-47.703417747429924,0.0,3,2,66.66666666666666,1.0,1.0,-30.472256122999347,39,23,15,4,35
oracle_v4_causal,Oracle v4 Causal,oracle_v4_causal,22,22,120,Time Limit,-1324.7613159537898,6157488.626591147,185538417.2612989,361.0316968118899,593.3703789958563,1.6435409528737943,91,0.4567872688165678,24.5,0.46091117719652486,83,-27.575194610202296,0.0,3,3,100.0,24.0,11.0,-29.885030274774124,39,23,15,2,37
oracle_v4_causal,Oracle v4 Causal,oracle_v4_causal,23,23,120,Time Limit,-1595.8443424263248,1380875.3263198286,87403130.60598111,1782.6201103814606,1692.0280302562517,0.9491803780302785,65,1.2674115270222557,34.5,0.3674878071947603,80,-36.66227318422472,0.0,3,0,0.0,,,-31.624427568343364,35,23,11,3,32
oracle_v4_causal,Oracle v4 Causal,oracle_v4_causal,24,24,120,Time Limit,-1369.2736399766861,1763152.3069149791,116928536.25550349,156.06495736550423,220.6024607787058,1.4135297539091667,66,0.8577762752764508,25.5,0.4091708570784934,59,-32.790204522214154,0.0,3,3,100.0,1.6666666666666667,1.0,-33.10828368208204,42,23,18,5,37
oracle_v4_causal,Oracle v4 Causal,oracle_v4_causal,25,25,120,Time Limit,-1256.336120666527,7548907.170670413,200680804.16901696,486.85430305071543,784.4689120740547,1.6113011781110558,101,1.1297404023500073,32.0,0.4697907005547603,88,-28.840006008615937,0.0,3,3,100.0,10.333333333333334,6.0,-31.532738065647866,45,23,21,4,41
oracle_v4_causal,Oracle v4 Causal,oracle_v4_causal,26,26,120,Time Limit,-1671.9151365989462,319605.06005109637,30341307.03501121,409.5588697341024,592.5697684044936,1.4468488224640508,68,0.697636653750688,39.0,0.3109921575413087,90,-66.07982139118629,0.8333333333333334,3,3,100.0,2.3333333333333335,1.0,-45.54471360250781,40,23,16,5,35
oracle_v4_causal,Oracle v4 Causal,oracle_v4_causal,27,27,120,Time Limit,-1456.8791001400107,851255.3147001382,33727712.37735516,132.02082553674603,260.4788326518721,1.9730132090362644,84,1.5943640386863236,27.0,0.33028066218472457,87,-57.50525528135856,0.0,3,3,100.0,2.0,1.0,-47.792472795990555,39,23,15,4,35
oracle_v4_causal,Oracle v4 Causal,oracle_v4_causal,28,28,120,Time Limit,-1376.3480643657156,5842086.844108943,171614760.932006,1006.6647422148383,1771.2549398284884,1.7595281383665213,81,1.0479884761878644,20.5,0.4582820817343549,80,-29.281399924280194,0.0,3,3,100.0,2.3333333333333335,1.0,-33.69816135210013,34,23,10,5,29
oracle_v4_causal,Oracle v4 Causal,oracle_v4_causal,29,29,120,Time Limit,-1657.0488281115681,2011763.473483003,121781566.45306234,1093.5229833800136,1413.144161864743,1.2922857437315123,60,0.8073999283754971,33.5,0.3996952032457568,85,-30.30205826523029,0.0,3,2,66.66666666666666,1.5,1.5,-29.91139880323139,37,23,13,2,35
oracle_v4_causal,Oracle v4 Causal,oracle_v4_causal,30,30,120,Time Limit,-1570.9519538887785,918061.4999042124,38423288.27563209,29.797189760715323,68.57549153443408,2.3014080215324246,80,0.5815323057335864,29.5,0.3357146801110512,107,-56.67611733045133,0.0,3,1,33.33333333333333,1.0,1.0,-54.066094509122124,45,23,21,4,41
oracle_v4_causal,Oracle v4 Causal,oracle_v4_causal,31,31,120,Time Limit,-1327.004625261524,5484539.516649696,166177495.97372776,498.08621694121007,999.2505622490489,2.0061799107502547,86,1.86205256914445,15.5,0.4559612356822953,70,-29.467055842741374,0.0,3,3,100.0,13.666666666666666,9.0,-31.614101695405452,33,23,9,3,30
oracle_v4_causal,Oracle v4 Causal,oracle_v4_causal,32,32,120,Time Limit,-1666.6767886934083,256446.8518593661,9634714.011497974,301.477165609224,593.2898793953924,1.9679430055555758,66,0.8607362820771438,45.5,0.3178991680865114,78,-90.15378479431845,0.0,3,1,33.33333333333333,1.0,1.0,-55.079989699251755,45,23,21,7,38
oracle_v4_causal,Oracle v4 Causal,oracle_v4_causal,33,33,120,Time Limit,-1582.2158852737,564539.0370638727,35831311.44357383,24.293697069871723,128.16334089948126,5.275579938733384,78,1.1751295759949456,25.0,0.3204294264817261,92,-60.255983695828185,0.0,3,3,100.0,7.0,7.0,-44.22583150229357,39,23,15,8,31
oracle_v4_causal,Oracle v4 Causal,oracle_v4_causal,34,34,120,Time Limit,-1348.3528376522331,5520770.329086118,173839135.54128534,612.6225717769418,1304.5166317296203,2.129396943285661,85,0.875641270424999,23.5,0.4544346150104765,79,-28.292972763280066,0.0,3,3,100.0,2.6666666666666665,1.0,-29.72733012374353,36,23,12,4,32
oracle_v4_causal,Oracle v4 Causal,oracle_v4_causal,35,35,120,Time Limit,-1631.8195779966072,303727.2842834729,20079563.358124737,82.05373735326542,398.3148981957722,4.85431756119663,76,0.6537287545935437,43.5,0.31048604831610405,93,-76.80268956019259,0.0,3,2,66.66666666666666,1.0,1.0,-51.98714660403586,42,23,18,3,39
oracle_v4_causal,Oracle v4 Causal,oracle_v4_causal,36,36,120,Time Limit,-1126.4899539740063,5838035.086680242,231721099.37633854,700.1926122405488,267.47402764634353,0.38200064235246994,75,0.8231743817098863,23.0,0.48411322683917823,40,-23.010010492137916,0.0,3,3,100.0,1.0,1.0,-23.592923491040096,39,23,15,2,37
oracle_v4_causal,Oracle v4 Causal,oracle_v4_causal,37,37,120,Time Limit,-1448.8654866294796,3200509.489908635,78063764.41882998,80.8356515828713,578.7806227829003,7.159967309591667,104,0.914938958481565,25.0,0.4147163902190482,109,-46.45373525562603,0.0,3,3,100.0,10.333333333333334,7.0,-48.26495726011583,37,23,13,5,32
oracle_v4_causal,Oracle v4 Causal,oracle_v4_causal,38,38,120,Time Limit,-1490.7358123257077,1910023.7414749567,82151836.86215924,323.3424318841283,696.0465904076477,2.1526608380835097,72,1.5311363444572166,34.5,0.38639151689335116,78,-39.34292405503725,0.0,3,3,100.0,15.0,2.0,-39.169697783973014,37,23,13,4,33
oracle_v4_causal,Oracle v4 Causal,oracle_v4_causal,39,39,120,Time Limit,-1797.987013217494,24707.985847273987,1438056.6245265263,108.92243129785722,183.38903852613848,1.6836664068271328,58,0.9702126016660926,27.5,0.3126120533951442,85,-412.2947074849397,0.0,3,1,33.33333333333333,4.0,4.0,-53.397268564573466,55,23,31,8,47
oracle_v4_causal,Oracle v4 Causal,oracle_v4_causal,40,40,120,Time Limit,-1564.3358503466438,3410808.4351850594,145329993.30543622,3169.014271548365,1590.399061415217,0.5018592297592134,75,0.840201805183445,27.5,0.43709603802847274,96,-30.39119246179927,0.0,3,3,100.0,5.0,7.0,-32.48682885628166,41,23,17,4,37
oracle_v4_causal,Oracle v4 Causal,oracle_v4_causal,41,41,120,Time Limit,-1609.8216355756754,1395863.9382522425,88210713.486476,1177.1853759415394,2185.3371235529858,1.8564086576467227,62,1.2477045962302062,33.0,0.36803567436326273,65,-35.73592258523533,0.0,3,2,66.66666666666666,1.0,1.0,-31.022681891499506,36,23,12,6,30
oracle_v4_causal,Oracle v4 Causal,oracle_v4_causal,42,42,120,Time Limit,-1692.4075606780796,609620.0164170855,84211122.8169774,298.12694774068746,501.32465404398846,1.6815811446875428,58,1.2691042381897464,21.5,0.3322687194910341,92,-40.39407165425347,0.0,3,3,100.0,6.666666666666667,2.0,-31.543610322640088,40,23,16,5,35
oracle_v4_causal,Oracle v4 Causal,oracle_v4_causal,43,43,120,Time Limit,-1411.9100137955572,3022419.8972294214,116640479.92798992,328.7819308128176,676.69185927868,2.058178372533297,79,0.8710199339320741,30.5,0.42825325400929765,72,-35.7691418937705,0.0,3,3,100.0,2.0,2.0,-36.0706210931867,46,23,22,3,43
oracle_v4_causal,Oracle v4 Causal,oracle_v4_causal,44,44,120,Time Limit,-1769.2357766895545,240076.08156677434,47098140.328591205,747.4394935841442,399.7355151191602,0.534806520862761,63,1.0995691423159972,39.0,0.31205346359846226,88,-61.96212819839045,0.0,3,1,33.33333333333333,4.0,4.0,-34.542617691301245,45,23,21,1,44
oracle_v4_causal,Oracle v4 Causal,oracle_v4_causal,45,45,120,Time Limit,-1429.1618124974839,391435.87172079267,101807509.42271897,130.7625601891021,163.9199432614086,1.253569393443781,65,0.8949592497310751,22.5,0.35338466088555215,43,-41.13731833864816,0.0,3,2,66.66666666666666,9.0,9.0,-25.82094079719208,38,23,14,4,34
oracle_v4_causal,Oracle v4 Causal,oracle_v4_causal,46,46,120,Time Limit,-1325.471257807967,6133033.003765028,157499811.33504564,324.9365337985761,1109.7801721452804,3.415375178567082,100,0.7358808442541658,32.5,0.45739605298151403,96,-33.444791920884626,0.0,3,3,100.0,1.0,1.0,-38.94439655102356,41,23,17,4,37
oracle_v4_causal,Oracle v4 Causal,oracle_v4_causal,47,47,120,Time Limit,-1494.98890610615,209447.96585342454,20371007.822955173,165.30675733160572,399.4220090633673,2.41624731808226,76,0.992629752524676,33.0,0.3115146430487079,68,-87.72369683747726,0.0,3,2,66.66666666666666,1.5,1.5,-42.79998743485428,36,23,12,4,32
oracle_v4_causal,Oracle v4 Causal,oracle_v4_causal,48,48,120,Time Limit,-1216.9102631047972,5747455.302605013,183301621.04862782,446.57008616003077,741.3287286551091,1.6600501279197863,82,2.1407421227520036,17.5,0.4593786726615552,78,-28.039689919150568,0.0,3,3,100.0,7.333333333333333,6.0,-29.853973198414426,35,23,11,6,29
oracle_v4_causal,Oracle v4 Causal,oracle_v4_causal,49,49,120,Time Limit,-1385.8698491008358,4195746.357638086,131660150.72687528,777.4437457765647,866.4062719197459,1.114429534775303,79,1.128471412193194,22.0,0.43859183216696956,72,-32.50994209069766,0.0,3,3,100.0,7.666666666666667,6.0,-33.97866688614303,34,23,10,3,31
